cleaned_text;summary
CAD/JPY Technical Analysis! SELL! My Dear Friends, CAD/JPY looks like it will make a good move, and here are the details: BIAS: Bearish ENTRY: 104.517 TARGET: 104.491 STOP LOSS: 107.351;104.491
EUR/USD My Opinion! BUY! My Dear Friends, This is my opinion on the EUR/USD next move: BIAS: Bullish ENTRY: 1.00864 TARGET: 1.01439;1.01439
AUD/USD Under Pressure! SELL! My Dear Friends, The demand is clearly higher than supply here, therefore: BIAS: Bearish ENTRY: 0.66636 TARGET: 0.66625 STOP LOSS: 0.68628;0.66625
AAPL The Target Is UP! BUY! My Dear Friends, I analysed this chart, and concluded the following: BIAS: Bullish ENTRY: 150.17 TARGET: 157.34;157.34
XAUUSD Set To Grow! BUY! My Dear Friends, My technical analysis on this pair is below: BIAS: Bullish ENTRY: 1708.00 TARGET: 1739.86;1739.86
XAUUSD Set To Grow! BUY! My Dear Friends, My technical analysis on this pair is below: BIAS: Bullish ENTRY: 1708.00 TARGET: 1739.86;1739.86
SPY A Fall Expected! SELL! My Dear Friends, This is my opinion on the SPY next move: BIAS: Bearish ENTRY: 385.10 TARGET: 372.14;372.14
CAD/CHF Massive Long! BUY! My Dear Friends, My technical analysis on this pair is below: BIAS: Bullish ENTRY: 0.74920 TARGET: 0.76945;0.76945
NZD/CAD Sellers In Panic! BUY! My Dear Friends, The demand is clearly higher than supply here, therefore: BIAS: Bullish ENTRY: 0.80190 TARGET: 0.82006;0.82006
EUR/GBP Massive Long! BUY! My Dear Friends, Here is my todays forecast on EUR/GBP BIAS: Bullish ENTRY: 0.85356 TARGET: 0.85361 STOP LOSS: 0.84703;0.85361
XAUUSD Technical Analysis! BUY! My Dear Friends, This is my opinion on the XAUUSD next move: BIAS: Bullish ENTRY: 1717.00 TARGET: 1776.648;1776.648
❗️TSLA Expected Growth! BUY❗️ My Dear Friends, I analysed this chart, and concluded the following: BIAS: Bullish ENTRY: 720.11 TARGET: 790.97 😻;790.97
❗️EUR/USD A Fall Expected! SELL❗️ My Dear Friends, I analysed this chart, and concluded the following: BIAS: Bearish ENTRY: 1.01452 TARGET: 1.00613 STOP LOSS: 1.02003 😻;1.00613
DXY Trading Opportunity! BUY! My Dear Friends, Here is my todays forecast on DXY BIAS: Bullish ENTRY: 106.529 TARGET: 107.896;107.896
AAPL What Next? SELL! My Dear Friends, Here is my todays forecast on AAPL BIAS: Bearish ENTRY: 147.13 TARGET: 141.01;141.01
GBP/USD My Opinion! SELL! My Dear Friends, I was thinking about GBP/USD and my conclusion is this: BIAS: Bearish ENTRY: 1.20094 TARGET: 1.17953 STOP LOSS: 1.21338;1.17953
EUR/NZD Set To Grow! BUY! My Dear Friends, We are all watching EUR/NZD right now, so here is my idea: BIAS: Bullish ENTRY: 1.64282 TARGET: 1.65886 STOP LOSS: 1.63381;1.65886
EUR/CAD The Target Is UP! BUY! My Dear Friends, We are all watching USD/CAD right now, so here is my idea: BIAS: Bullish ENTRY: 1.29254 TARGET: 1.31271;1.31271
SPX500 Massive Long! BUY! My Dear Friends, This is my opinion on the SPX500 next move: BIAS: Bullish ENTRY: 3950.90 TARGET: 4166.11 STOP LOSS: 3842.27;4166.11
USD/CHF A Fall Expected! SELL! My Dear Friends, We are all watching USD/CHF right now, so here is my idea: BIAS: Bearish ENTRY: 0.97147 TARGET: 0.95414;0.95414
AUD/USD Technical Analysis! BUY! My Dear Friends, I analysed this chart, and concluded the following: BIAS: Bullish ENTRY: 0.68803 TARGET: 0.70996 STOP LOSS: 0.67558;0.70996
AAPL Trading Opportunity! SELL! My Dear Friends, The demand is clearly higher than supply here, therefore: BIAS: Bearish ENTRY: 155.37 TARGET: 140.18 STOP LOSS: 163.84;140.18
NAS100USD What Next? SELL! My Dear Friends, NAS100USD looks like it will make a good move, and here are the details: BIAS: Bullish ENTRY: 12580.8 TARGET: 11896.3;11896.3
NAS100USD What Next? SELL! My Dear Friends, NAS100USD looks like it will make a good move, and here are the details: BIAS: Bullish ENTRY: 12580.8 TARGET: 11896.3;11896.3
USD/JPY On The Rise!  BUY! My Dear Friends, Here is my todays forecast on USD/JPY BIAS: Bullish ENTRY: 136.311 TARGET: 138.563;138.563
EUR/USD My Opinion! SELL! My Dear Friends, This is my opinion on the EUR/USD next move: BIAS: Bearish ENTRY: 1.02321 TARGET: 1.00210 STOP LOSS: 1.03493;1.00210
XAUUSD Massive Long! BUY! 👩🏼‍💻My Dear Friends, I analysed this chart, and concluded the following: BIAS: Bullish ENTRY: 1721.76 TARGET: 1751.10 STOP LOSS: 1704.66  #XAUUSD 💹Time Frame:5H (forecast) 🍀;1751.10
DXY Technical Analysis! BUY! 👩🏼‍💻My Dear Friends, My technical analysis on this pair is below: BIAS: Bullish ENTRY: 106.290 TARGET: 108.645  #DXY 💹Time Frame:5H (forecast) 🍀;108.645
NZD/JPY Expected Growth! BUY! 👩🏼‍💻My Dear Friends, Here is my todays forecast on NZD/JPY BIAS: Bullish ENTRY: 85.505 TARGET: 86.501  #NZDJPY 💹Time Frame:3H (forecast) 🙋🏼‍♀️;86.501
USD/CAD Will Collapse! SELL! 👩🏼‍💻My Dear Friends, The demand is clearly higher than supply here, therefore: BIAS: Bearish ENTRY: 1.28606 TARGET: 1.26656  #USDCAD 💹Time Frame:12H (forecast) 🍀;1.26656
XAGUSD The Target Is UP! BUY! 👩🏼‍💻My Dear Friends, The demand is clearly higher than supply here, therefore: BIAS: Bullish ENTRY: 21.493 TARGET: 18.649  #XAGUSD 💹Time Frame: 12H (forecast) 💁🏼‍♀️;18.649
CAD/JPY A Fall Expected! SELL! 👩🏼‍💻My Dear Friends, Here is my todays forecast on CAD/JPY BIAS: Bearish ENTRY: 106.036 TARGET: 105.044  #CADJPY 💹Time Frame: 4H (forecast) 🙋🏼‍♀️;105.044
AUD/USD The Target Is UP! BUY! 👩🏼‍💻My Dear Friends, This is my opinion on the AUD/USD next move: BIAS: Bullish ENTRY: 0.69555 TARGET: 0.71312 STOP LOSS: 0.68474  #AUDUSD 💹Time Frame: 12H (signal) 🍀;0.71312
EUR/USD On The Rise! BUY! 👩🏼‍💻My Dear Friends, Here is my todays forecast on EUR/USD BIAS: Bullish ENTRY: 1.03484 TARGET: 1.01305  #EURUSD 💹Time Frame : 11H (forecast) 💁🏼‍♀️;1.01305
TSLA Will Explode! BUY! 👩🏼‍💻My Dear Friends, Here is my todays forecast on TSLA BIAS: Bullish ENTRY: 842.92 TARGET: 945.94  #TSLA 💹Time Frame : 9H (forecast) 🍀;945.94
USD/CAD Set To Fall! SELL! 👩🏼‍💻My Dear Friends, This is my opinion on the USD/CAD next move: BIAS: Bearish ENTRY: 1.28201 TARGET: 1.26812  #USDCAD 💹Time Frame : 4H (forecast) 💁🏼‍♀️;1.26812
XAGUSD Buyers In Panic! SELL! 👩🏼‍💻My Dear Friends, Here is my todays forecast on XAGUSD BIAS: Bearish ENTRY: 20.057 TARGET: 18.503 STOP LOSS: 20.814  #XAGUSD 💹Time Frame : 6H (fsignal) 💁🏼‍♀️;18.503
EUR/GBP Massive Short! SELL! 👩🏼‍💻My Dear Friends, I was thinking about EUR/GBP and my conclusion is this: BIAS: Bearish ENTRY: 0.83993 TARGET: 0.83506 STOP LOSS: 0.84293  #EURGBP 💹Time Frame : 1H (signal) 🙋🏼‍♀️;0.83506
USD/JPY Massive Long! BUY! 👩🏼‍💻My Dear Friends, We are all watching USD/JPY right now, so here is my idea: BIAS: Bearish ENTRY: 133.403 TARGET: 135.364  #USDJPY 💹Time Frame : 4H (forecast) 🍀;135.364
EUR/USD Technical Analysis! BUY! 👩🏼‍💻My Dear Friends, The demand is clearly higher than supply here, therefore: BIAS: Bullish ENTRY: 1.02056 TARGET: 1.04253  #EURUSD 💹Time Frame : 9H (forecast) 💁🏼‍♀️;1.04253
META Will Explode! BUY! 👩🏼‍💻My Dear Friends, We are all watching META right now, so here is my idea: BIAS: Bullish ENTRY: 160.19 TARGET: 171.49 STOP LOSS: 154.15  #META 💹Time Frame : 1H (signal) 💁🏼‍♀️;171.49
XAUUSD Trading Opportunity! SELL! 👩🏼‍💻My Dear Friends, Here is my todays forecast on XAUUSD BIAS: Bearish ENTRY: 1770.03 TARGET: 1679.24 STOP LOSS: 1821.55  #XAUUSD 💹Time Frame : 9H (signal) 🙋🏼‍♀️;1679.24
GBP/USD The Target Is UP! BUY! 👩🏼‍💻My Dear Friends, The demand is clearly higher than supply here, therefore: BIAS: Bullish ENTRY: 1.21754 TARGET: 1.22838  #GBPUSD 💹Time Frame : 2H (forecast) 🍀;1.22838
EUR/USD Sellers In Panic! BUY! 👩🏼‍💻My Dear Friends, EUR/USD looks like it will make a good move, and here are the details: BIAS: Bullish ENTRY: 1.01767 TARGET: 1.02716  #EURUSD 💹Time Frame : 2H (forecast) 💁🏼‍♀️;1.02716
GBP/CHF Massive Long! BUY! 👩🏼‍💻My Dear Friends, This is my opinion on the GBP/CHF next move: BIAS: Bullish ENTRY: 1.16804 TARGET: 1.17208  #GBPCHF 💹Time Frame : 3H (forecast) 🍀;1.17208
NZD/CHF My Opinion! SELL! 👩🏼‍💻My Dear Friends, We are all watching NZD/CHF right now, so here is my idea: BIAS: Bearish ENTRY: 0.60276 TARGET: 0.59143 STOP LOSS: 0.60915  #NZDCHF 💹Time Frame : 8H (signal) 🙋🏼‍♀️;0.59143
AAPL Technical Analysis! BUY! 👩🏼‍💻My Dear Friends, I analysed this chart, and concluded the following: BIAS: Bullish ENTRY: 166.25 TARGET: 176.43  #AAPL 💹Time Frame : 2H (forecast) 💁🏼‍♀️;176.43
NZD/CHF Under Pressure! SELL! 👩🏼‍💻My Dear Friends, I analysed this chart, and concluded the following: BIAS: Bearish ENTRY: 0.60695 TARGET: 0.60258 STOP LOSS: 0.60943  #NZDCHF 💹Time Frame : 4H (signal) 💁🏼‍♀️;0.60258
EUR/USD My Opinion! BUY! 👩🏼‍💻My Dear Friends, I analysed this chart, and concluded the following: BIAS: Bullish ENTRY: 1.02568 TARGET: 1.03781 STOP LOSS: 1.01810  #EURUSD 💹Time Frame : 3H (signal) 🍀;1.03781
GBP/USD What Next? BUY! 👩🏼‍💻My Dear Friends, This is my opinion on the GBP/USD next move: BIAS: Bullish ENTRY: 1.21889 TARGET: 1.21319 STOP LOSS: 1.21008  #GBPUSD 💹Time Frame : 1H (signal) 🙋🏼‍♀️;1.21319
EUR/JPY Set To Fall! SELL! 👩🏼‍💻My Dear Friends, I was thinking about EUR/JPY and my conclusion is this: BIAS: Bearish ENTRY: 136.890 TARGET: 133.551 STOP LOSS: 138.655  #EURJPY 💹Time Frame : 3H (signal) 🙋🏼‍♀️;133.551
XAUUSD What Next? SELL! 👩🏼‍💻My Dear Friends, My technical analysis on this pair is below: BIAS: Bearish ENTRY: 1802.40 TARGET: 1725.36 STOP LOSS: 1846.17  #XAUUSD 💹Time Frame : 6H (signal) 🍀;1725.36
DXY Set To Grow! BUY! 👩🏼‍💻My Dear Friends, My technical analysis on this pair is below: BIAS: Bullish ENTRY: 106.171 TARGET: 109.571  #DXY 💹Time Frame : 12H (forecast) 🙋🏼‍♀️;109.571
AAPL  A Fall Expected! SELL! 👩🏼‍💻My Dear Friends, Here is my todays forecast on AAPL BIAS: Bearish ENTRY: 173.18 TARGET: 159.35 STOP LOSS: 180.71  #AAPL 💹Time Frame : 2H (signal) 🙋🏼‍♀️;159.35
AUD/USD Sellers In Panic! BUY! 👩🏼‍💻My Dear Friends, AUD/USD looks like it will make a good move, and here are the details: BIAS: Bullish ENTRY: 0.68747 TARGET: 0.71071  #AUDUSD 💹Time Frame :4H (forecast) 🙋🏼‍♀️;0.71071
SPY Trading Opportunity! SELL! 👩🏼‍💻My Dear Friends, My technical analysis on this pair is below: BIAS: Bullish ENTRY: 422.15 TARGET: 396.154  #SPY 💹Time Frame : 9H (forecast) 🍀;396.154
XAUUSD The Target Is UP! BUY! 👩🏼‍💻My Dear Friends, The demand is clearly higher than supply here, therefore: BIAS: Bullish ENTRY: 1747.500 TARGET: 1766.691 STOP LOSS: 1737.361  #XAUUSD 💹Time Frame :2H (signal) 💁🏼‍♀️;1766.691
USD/JPY What Next? SELL! 👩🏼‍💻My Dear Friends, This is my opinion on the USD/JPY next move: BIAS: Bearish ENTRY: 136.863 TARGET: 135.464  #USDJPY 💹Time Frame :1H (forecast) 🍀;135.464
EUR/JPY Massive Long! BUY! 👩🏼‍💻My Dear Friends, EUR/JPY looks like it will make a good move, and here are the details: BIAS: Bullish ENTRY: 137.398 TARGET: 139.139 STOP LOSS: 136.502  #EURJPY 💹Time Frame :3H (signal) 🙋🏼‍♀️;139.139
CAD/JPY On The Rise!  BUY! 👩🏼‍💻My Dear Friends, My technical analysis on this pair is below: BIAS: Bullish ENTRY: 105.333 TARGET: 106.435  #CADJPY 💹Time Frame : 6H (forecast) 🙋🏼‍♀️;106.435
GBP/USD Expected Growth! BUY! 👩🏼‍💻My Dear Friends, I analysed this chart, and concluded the following: BIAS: Bullish ENTRY: 1.18242 TARGET: 1.20338 STOP LOSS: 1.17095  #GBPUSD 💹Time Frame : 6H (signal) 💁🏼‍♀️;1.20338
NZD/USD Technical Analysis! BUY! 👩🏼‍💻My Dear Friends, This is my opinion on the NZD/USD next move: BIAS: Bullish ENTRY: 0.61729 TARGET: 0.62705 STOP LOSS: 0.61131  #NZDUSD 💹Time Frame :4H (signal) 🙋🏼‍♀️;0.62705
DXY Set To Fall! SELL! 👩🏼‍💻My Dear Friends, My technical analysis on this pair is below: BIAS: Bearish ENTRY: 108.103 TARGET: 103.336  #DXY 💹Time Frame :9H (forecast) 💁🏼‍♀️;103.336
TSLA My Opinion! SELL! 👩🏼‍💻My Dear Friends, I analysed this chart, and concluded the following: BIAS: Bearish ENTRY: 890.01 TARGET: 620.44  #TSLA 💹Time Frame :12H (forecast) 🍀;620.44
CHF/JPY Under Pressure! SELL! 👩🏼‍💻My Dear Friends, This is my opinion on the CHF/JPY next move: BIAS: Bearish ENTRY: 142.136 TARGET: 139.966  #CHFJPY 💹Time Frame : 6H (forecast) 🙋🏼‍♀️;139.966
USD/JPY  Massive Short! SELL! 👩🏼‍💻My Dear Friends, USD/JPY looks like it will make a good move, and here are the details: BIAS: Bearish ENTRY: 137.380 TARGET: 133.922  #USDJPY 💹Time Frame : 5H (forecast) 🍀;133.922
SPY The Target Is DOWN! SELL! 👩🏼‍💻My Dear Friends, We are all watching SPY right now, so here is my idea: BIAS: Bullish ENTRY: 413.38 TARGET: 340.61  #SPY 💹Time Frame : 11H (forecast) 🍀;340.61
SPY The Target Is DOWN! SELL! 👩🏼‍💻My Dear Friends, We are all watching SPY right now, so here is my idea: BIAS: Bullish ENTRY: 413.38 TARGET: 340.61  #SPY 💹Time Frame : 11H (forecast) 🍀;340.61
EUR/CAD Will Explode! BUY! 👩🏼‍💻My Dear Friends, My technical analysis on this pair is below: BIAS: Bullish ENTRY: 1.28980 TARGET: 1.30385  #EURCAD 💹Time Frame : 4H (forecast) 💁🏼‍♀️;1.30385
USD/CHF My Opinion! BUY! 👩🏼‍💻My Dear Friends, My technical analysis on this pair is below: BIAS: Bullish ENTRY: 0.96456 TARGET: 0.98633  #USDCHF 💹Time Frame : 8H (forecast) 🙋🏼‍♀️;0.98633
SPY What Next? SELL! 👩🏼‍💻My Dear Friends, I was thinking about SPY and my conclusion is this: BIAS: Bearish ENTRY: 413.63 TARGET: 390.31 STOP LOSS: 427.30  #SPY 💹Time Frame : 9H (signal) 💁🏼‍♀️;390.31
SPX Massive Short! SELL! 👩🏼‍💻My Dear Friends, My technical analysis on this pair is below: BIAS: Bearish ENTRY: 4057.66 TARGET: 3820.02 STOP LOSS: 4195.42  #SPX 💹Time Frame : 7H (signal) 🍀;3820.02
AAPL The Target Is UP! BUY! 👩🏼‍💻My Dear Friends, Here is my todays forecast on AAPL BIAS: Bullish ENTRY: 163.65 TARGET: 192.59  #AAPL 💹Time Frame : 12H (forecast) 💁🏼‍♀️;192.59
NZD/JPY Under Pressure! SELL! 👩🏼‍💻My Dear Friends, Here is my todays forecast on NZD/JPY BIAS: Bearish ENTRY: 84.333 TARGET: 83.207 STOP LOSS: 84.962  #NZDJPY 💹Time Frame : 9H (signal) 🙋🏼‍♀️;83.207
CHF/JPY Technical Analysis! SELL! 👩🏼‍💻My Dear Friends, I was thinking about CHF/JPY and my conclusion is this: BIAS: Bearish ENTRY: 142.272 TARGET: 138.953  #CHFJPY 💹Time Frame : 8H (forecast) 🍀;138.953
AUD/JPY Sellers In Panic! BUY! 👩🏼‍💻My Dear Friends, I was thinking about AUD/JPY and my conclusion is this: BIAS: Bullish ENTRY: 94.754 TARGET: 95.597  #AUDJPY 💹Time Frame : 4H (forecast) 🙋🏼‍♀️;95.597
USD/CAD A Fall Expected! SELL! 👩🏼‍💻My Dear Friends, We are all watching USD/CAD right now, so here is my idea: BIAS: Bearish ENTRY: 1.30288 TARGET: 1.28751 STOP LOSS: 1.31087  #USDCAD 💹Time Frame : 3H (signal) 🍀;1.28751
USD/JPY Trading Opportunity! SELL! 👩🏼‍💻My Dear Friends, The demand is clearly higher than supply here, therefore: BIAS: Bearish ENTRY: 137.503 TARGET: 135.516  #USDJPY 💹Time Frame : 3H (forecast) 💁🏼‍♀️;135.516
AUD/USD Massive Long! BUY! 👩🏼‍💻My Dear Friends, We are all watching AUD/USD right now, so here is my idea: BIAS: Bullish ENTRY: 0.68900 TARGET: 0.70735  #AUDUSD 💹Time Frame : 4H (forecast) 🙋🏼‍♀️;0.70735
XAUUSD Technical Analysis! SELL! 👩🏼‍💻My Dear Friends, XAUUSD looks like it will make a good move, and here are the details: BIAS: Bearish ENTRY: 1738.37 TARGET: 1681.61 STOP LOSS: 1771.32  #XAUUSD 💹Time Frame : 9H (signal) 💁🏼‍♀️;1681.61
NAS100USD Under Pressure! SELL! 👩🏼‍💻My Dear Friends, The demand is clearly higher than supply here, therefore: BIAS: Bearish ENTRY: 12547.4 TARGET: 12104.3  #NAS100USD 💹Time Frame : 11H (forecast) 🍀;12104.3
SPY Technical Analysis! SELL! 👩🏼‍💻My Dear Friends, SPY looks like it will make a good move, and here are the details: BIAS: Bearish ENTRY: 402.86 TARGET: 389.12 STOP LOSS: 412.42  #SPY 💹Time Frame : 3H (signal) 🍀;389.12
DXY Technical Analysis! BUY! 👩🏼‍💻My Dear Friends, The demand is clearly higher than supply here, therefore: BIAS: Bullish ENTRY: 108.606 TARGET: 111.000 STOP LOSS: 107.251  #DXY 💹Time Frame : 5H (signal) 💁🏼‍♀️;111.000
EUR/GBP Expected Growth! BUY! 👩🏼‍💻My Dear Friends, EUR/GBP looks like it will make a good move, and here are the details: BIAS: Bullish ENTRY: 0.85410 TARGET: 0.86528  #EURGBP 💹Time Frame : 9H (forecast) 🙋🏼‍♀️;0.86528
GBP/NZD A Fall Expected! SELL! 👩🏼‍💻My Dear Friends, This is my opinion on the GBP/NZD next move: BIAS: Bearish ENTRY: 1.90418 TARGET: 1.88287  #GBPNZD 💹Time Frame : 9H (forecast) 🍀;1.88287
CAD/CHF On The Rise! BUY! 👩🏼‍💻My Dear Friends, This is my opinion on the CAD/CHF next move: BIAS: Bullish ENTRY: 0.74400 TARGET: 0.75555  #CADCHF 💹Time Frame : 11H (forecast) 💁🏼‍♀️;0.75555
XAUUSD Trading Opportunity! SELL! 👩🏼‍💻My Dear Friends, I analysed this chart, and concluded the following: BIAS: Bearish ENTRY: 1732.32 TARGET: 1701.79 STOP LOSS: 1750.20  #XAUUSD 💹Time Frame : 6H (signal) 🍀;1701.79
EUR/CAD What Next? SELL! 👩🏼‍💻My Dear Friends, My technical analysis on this pair is below: BIAS: Bearish ENTRY: 1.30850 TARGET: 1.28971 STOP LOSS: 1.31928  #EURCAD 💹Time Frame : 7H (signal) 💁🏼‍♀️;1.28971
EUR/USD The Target Is UP! BUY! 👩🏼‍💻My Dear Friends, Here is my todays forecast on EUR/USD BIAS: Bullish ENTRY: 1.00013 TARGET: 1.01732  #EURUSD 💹Time Frame : 8H (forecast) 🙋🏼‍♀️;1.01732
EUR/JPY My Opinion! SELL! 👩🏼‍💻My Dear Friends, Here is my todays forecast on EUR/JPY BIAS: Bearish ENTRY: 1.2345 TARGET: 1.2345  #EURJPY 💹Time Frame : 9H (forecast) 🍀;1.2345
GBP/USD Will Collapse! SELL! 👩🏼‍💻My Dear Friends, We are all watching GBP/USD right now, so here is my idea: BIAS: Bearish ENTRY: 1.16270 TARGET: 1.15858  #GBPUSD 💹Time Frame : 1H (forecast) 🍀;1.15858
USD/JPY Set To Fall! SELL 👩🏼‍💻My Dear Friends, I was thinking about USD/JPY and my conclusion is this: BIAS: Bearish ENTRY: 138.704 TARGET: 136.506 STOP LOSS: 139.769  #USDJPY 💹Time Frame : 4H (signal) 💁🏼‍♀️;136.506
SPY Sellers In Panic! BUY! 👩🏼‍💻My Dear Friends, I was thinking about SPY and my conclusion is this: BIAS: Bullish ENTRY: 398.17 TARGET: 413.68 STOP LOSS: 389.36  #SPY 💹Time Frame : 4H (signal) 🙋🏼‍♀️;413.68
XAGUSD Massive Long! BUY! 👩🏼‍💻My Dear Friends, We are all watching XAGUSD right now, so here is my idea: BIAS: Bullish ENTRY: 18.156 TARGET: 20.505  #XAGUSD 💹Time Frame : 5H (forecast) 🍀;20.505
GBP/CHF Technical Analysis! BUY! 👩🏼‍💻My Dear Friends, The demand is clearly higher than supply here, therefore: BIAS: Bullish ENTRY: 137.84 TARGET: 168.06  #GBPCHF 💹Time Frame : 9H (forecast) 💁🏼‍♀️;168.06
XAUUSD The Target Is DOWN! SELL! 👩🏼‍💻My Dear Friends, The demand is clearly higher than supply here, therefore: BIAS: Bearish ENTRY: 1705.83 TARGET: 1680.43 STOP LOSS: 1716.73  #XAUUSD 💹Time Frame : 2H (signal) 🍀;1680.43
DXY Expected Growth! BUY! 👩🏼‍💻My Dear Friends, DXY looks like it will make a good move, and here are the details: BIAS: Bullish ENTRY: 108.948 TARGET: 109.824  #DXY 💹Time Frame : 3H (forecast) 💁🏼‍♀️;109.824
NZD/JPY Buyers In Panic! SELL! 👩🏼‍💻My Dear Friends, EUR-USD looks like it will make a good move, and here are the details: BIAS: Bearish ENTRY: 84.987 TARGET: 83.751 STOP LOSS: 85.642  #EURUSD 💹Time Frame : 6H (signal) 🙋🏼‍♀️;83.751
EUR/JPY On The Rise! BUY! 👩🏼‍💻My Dear Friends, This is my opinion on the EUR/JPY next move: BIAS: Bullish ENTRY: 139.477 TARGET: 141.522  #EURJPY 💹Time Frame : 9H (forecast) 🍀;141.522
AUD/JPY Massive Short! SELL 👩🏼‍💻My Dear Friends, This is my opinion on the AUD/JPY next move: BIAS: Bearish ENTRY: 95.000 TARGET: 93.524  #AUDJPY 💹Time Frame : 12H (forecast) 💁🏼‍♀️;93.524
XAGUSD Under Pressure! SELL! 👩🏼‍💻My Dear Friends, I analysed this chart, and concluded the following: BIAS: Bearish ENTRY: 18.151 TARGET: 17.580 STOP LOSS: 18.400  #XAGUSD 💹Time Frame : 4H (signal) 🍀;17.580
GBP/JPY A Fall Expected! SELL! 👩🏼‍💻My Dear Friends, Here is my todays forecast on GBP/JPY BIAS: Bearish ENTRY: 162.354 TARGET: 161.438  #GBPJPY 💹Time Frame : 4H (forecast) 💁🏼‍♀️;161.438
USD/CHF Technical Analysis! SELL! My Dear Friends, 👩🏼‍💻My technical analysis on this pair is below: BIAS: Bearish ENTRY: 0.98040 TARGET: 0.96527  #USDCHF 💹Time Frame : 5H (forecast) 🙋🏼‍♀️;0.96527
GBP/AUD Trading Opportunity! SELL! 👩🏼‍💻My Dear Friends, I was thinking about GBP/AUD and my conclusion is this: BIAS: Bearish ENTRY: 1.69104 TARGET: 1.67130  #GBPAUD 💹Time Frame : 5H (forecast) 🍀;1.67130
TSLA Trading Opportunity! BUY! 👩🏼‍💻My Dear Friends, I analysed this chart, and concluded the following: BIAS: Bullish ENTRY: 277.78 TARGET: 318.91 STOP LOSS: 256.54  #TSLA 💹Time Frame : 12H (signal) 💁🏼‍♀️;318.91
NZD/CHF A Fall Expected! SELL! 👩🏼‍💻My Dear Friends, Here is my todays forecast on NZD/CHF BIAS: Bearish ENTRY: 0.59938 TARGET: 0.59745 STOP LOSS: 0.60045  #NZDCHF 💹Time Frame : 1H (signal) 🍀;0.59745
DXY What Next? BUY! 👩🏼‍💻My Dear Friends, My technical analysis on this pair is below: BIAS: Bullish ENTRY: 109.609 TARGET: 110.483  #DXY 💹Time Frame : 3H (forecast) 💁🏼‍♀️;110.483
XAUUSD Under Pressure! SELL! 👩🏼‍💻My Dear Friends, I analysed this chart, and concluded the following: BIAS: Bearish ENTRY: 1711.70 TARGET: 1662.53 STOP LOSS: 1740.88  #XAUUSD 💹Time Frame : 11H (signal) 🙋🏼‍♀️;1662.53
USD/JPY Technical Analysis! SELL! 👩🏼‍💻My Dear Friends, My technical analysis on this pair is below: BIAS: Bearish ENTRY: 140.140 TARGET: 134.841  #USDJPY 💹Time Frame : 12H (forecast) 🍀;134.841
CAD/JPY Trading Opportunity! SELL! 👩🏼‍💻My Dear Friends, I was thinking about CAD/JPY and my conclusion is this: BIAS: Bearish ENTRY: 106.757 TARGET: 101.981  #CADJPY 💹Time Frame : 12H (forecast) 💁🏼‍♀️;101.981
NZD/JPY What Next? SELL! 👩🏼‍💻My Dear Friends, My technical analysis on this pair is below: BIAS: Bearish ENTRY: 85.644 TARGET: 85.310  #NZDJPY 💹Time Frame : 5H (forecast) 🍀;85.310
AUD/USD My Opinion! SELL! 👩🏼‍💻My Dear Friends, Here is my todays forecast on AUD/USD BIAS: Bearish ENTRY: 0.68059 TARGET: 0.66919 STOP LOSS: 0.68734  #AUDUSD 💹Time Frame : 7H (signal) 💁🏼‍♀️;0.66919
EUR/CAD Set To Fall! SELL! 👩🏼‍💻My Dear Friends, I was thinking about EUR/CAD and my conclusion is this: BIAS: Bearish ENTRY: 1.30612 TARGET: 1.28173  #EURCAD 💹Time Frame : 9H (forecast) 🙋🏼‍♀️;1.28173
QQQ Will Collapse! SELL! 👩🏼‍💻My Dear Friends, We are all watching QQQ right now, so here is my idea: BIAS: Bearish ENTRY: 295.23 TARGET: 273.06 STOP LOSS: 307.08  #QQQ 💹Time Frame : 9H (signal) 🍀;273.06
XAGUSD The Target Is DOWN! SELL! 👩🏼‍💻My Dear Friends, The demand is clearly higher than supply here, therefore: BIAS: Bearish ENTRY: 18.009 TARGET: 17.210  #XAGUSD 💹Time Frame : 11H (forecast) 💁🏼‍♀️;17.210
US500 Under Pressure! SELL! My Dear Friends, I analysed this chart, and concluded the following: BIAS: Bearish ENTRY: 3929.5 TARGET: 3760.4 STOP LOSS: 4040.0;3760.4
TSLA Massive Short! SELL! My Dear Friends, This is my opinion on the TSLA next move: BIAS: Bearish ENTRY: 270.33 TARGET: 209.36;209.36
USD/CAD A Fall Expected! SELL! 👩🏼‍💻My Dear Friends, Here is my todays forecast on USD/CAD BIAS: Bearish ENTRY: 1.13242 TARGET: 1.30826  #USDCAD 💹Time Frame : 1H (forecast) 🍀;1.30826
GBP/USD Will Explode! BUY! 👩🏼‍💻My Dear Friends, We are all watching GBP/USD right now, so here is my idea: BIAS: Bullish ENTRY: 1.15348 TARGET: 1.17034  #GBPUSD 💹Time Frame : 3H (forecast) 💁🏼‍♀️;1.17034
GBP/CAD Technical Analysis! SELL! 👩🏼‍💻My Dear Friends, My technical analysis on this pair is below: BIAS: Bearish ENTRY: 1.51786 TARGET: 1.50610 STOP LOSS: 1.52394  #GBPCAD 💹Time Frame : 4H (signal) 🙋🏼‍♀️;1.50610
XAUUSD Trading Opportunity! SELL! 👩🏼‍💻My Dear Friends, I was thinking about XAUUSD and my conclusion is this: BIAS: Bearish ENTRY: 1708.71 TARGET: 1680.70 STOP LOSS: 1725.76  #XAUUSD 💹Time Frame : 8H (signal) 🍀;1680.70
META What Next? SELL! 👩🏼‍💻My Dear Friends, We are all watching META right now, so here is my idea: BIAS: Bearish ENTRY: 161.39 TARGET: 130.91  #META 💹Time Frame : 12H (forecast) —— 🙆🏻‍♀️Support your trader girl👉🏻 🌸USDT(Trc20) TTypqvsuoX9n5BCVWNemzbYtojPRZ431NH 🌺 BTC bc1qgsxnc8xs438d7kw2etl4ck8lnhyfsc0lc35hug;130.91
AUD/USD Sellers In Panic! BUY! 👩🏼‍💻My Dear Friends, AUD/USD looks like it will make a good move, and here are the details: BIAS: Bullish ENTRY: 0.67090 TARGET: 0.68001  #AUDUSD 💹Time Frame : 3H (forecast) 🍀;0.68001
USOIL Set To Fall! SELL! 👩🏼‍💻My Dear Friends, USOIL looks like it will make a good move, and here are the details: BIAS: Bearish ENTRY: 86.196 TARGET: 82.207  #USOIL 💹Time Frame : 4H (forecast) 💁🏼‍♀️;82.207
DXY My Opinion! SELL! 👩🏼‍💻My Dear Friends, The demand is clearly higher than supply here, therefore: BIAS: Bearish ENTRY: 110.741 TARGET: 107.501  #DXY 💹Time Frame : 6H (forecast) 🙋🏼‍♀️;107.501
NZD/CAD The Target Is UP! BUY! 👩🏼‍💻My Dear Friends, The demand is clearly higher than supply here, therefore: BIAS: Bullish ENTRY: 0.79242 TARGET: 0.80528 STOP LOSS: 0.78534  #NZDCAD 💹Time Frame : 12H (signal) 🍀;0.80528
EUR/AUD Massive Long! BUY! 👩🏼‍💻My Dear Friends, This is my opinion on the EUR/AUD next move: BIAS: Bullish ENTRY: 1.47404 TARGET: 1.50043 STOP LOSS: 1.46008  #EURAUD 💹Time Frame : 12H (signal) 💁🏼‍♀️;1.50043
NZD/USD The Target Is DOWN! SELL! 👩🏼‍💻My Dear Friends, I analysed this chart, and concluded the following: BIAS: Bearish ENTRY: 0.60420 TARGET: 0.59613  #NZDUSD 💹Time Frame : 4H (forecast) 🍀;0.59613
GBP/JPY Buyers In Panic! SELL! 👩🏼‍💻My Dear Friends, My technical analysis on this pair is below: BIAS: Bearish ENTRY: 165.616 TARGET: 163.730  #GBPJPY 💹Time Frame : 5H (forecast) 💁🏼‍♀️;163.730
XAUUSD Technical Analysis! BUY! 👩🏼‍💻My Dear Friends, I analysed this chart, and concluded the following: BIAS: Bullish ENTRY: 1717.02 TARGET: 1744.08 STOP LOSS: 1702.33  #XAUUSD 💹Time Frame : 6H (signal) 🙋🏼‍♀️;1744.08
AAPL Will Collapse! SELL! 👩🏼‍💻My Dear Friends, This is my opinion on the AAPL next move: BIAS: Bearish ENTRY: 155.96 TARGET: 143.36 STOP LOSS: 163.09  #AAPL 💹Time Frame : 8H (signal) 🍀;143.36
EUR/USD Expected Growth! BUY! 👩🏼‍💻My Dear Friends, My technical analysis on this pair is below: BIAS: Bullish ENTRY: 0.99633 TARGET: 1.02596  #EURUSD 💹Time Frame : 12H (forecast) 💁🏼‍♀️;1.02596
GBP/USD Trading Opportunity! BUY! 👩🏼‍💻My Dear Friends, I was thinking about GBP/USD and my conclusion is this: BIAS: Bearish ENTRY: 1.16090 TARGET: 1.17848 STOP LOSS: 1.15107  #GBPUSD 💹Time Frame : 6H (signal) 🙋🏼‍♀️;1.17848
GBP/NZD Massive Short! SELL! 👩🏼‍💻My Dear Friends, Here is my todays forecast on GBP/NZD BIAS: Bearish ENTRY: 1.89566 TARGET: 1.86019 STOP LOSS: 1.91445  #GBPNZD 💹Time Frame : 12H (signal) 🍀;1.86019
EUR/CAD On The Rise! BUY! 👩🏼‍💻My Dear Friends, Here is my todays forecast on EUR/CAD BIAS: Bullish ENTRY: 1.31007 TARGET: 1.33332  #EURCAD 💹Time Frame : 12H (forecast) 💁🏼‍♀️;1.33332
AUD/CHF A Fall Expected! SELL! 👩🏼‍💻My Dear Friends, The demand is clearly higher than supply here, therefore: BIAS: Bearish ENTRY: 0.65660 TARGET: 0.65221 STOP LOSS: 0.65909  #AUDCHF 💹Time Frame : 2H (signal) 🍀;0.65221
GBP/AUD What Next? BUY! 👩🏼‍💻My Dear Friends, We are all watching GBP/AUD right now, so here is my idea: BIAS: Bullish ENTRY: 1.69131 TARGET: 1.69856  #GBPAUD 💹Time Frame : 4H (forecast) 💁🏼‍♀️;1.69856
GBP/JPY Trading Opportunity! SELL! 👩🏼‍💻My Dear Friends, GBP/JPY looks like it will make a good move, and here are the details: BIAS: Bearish ENTRY: 165.149 TARGET: 161.490  #GBPJPY 💹Time Frame : 8H (forecast) 🙋🏼‍♀️;161.490
TSLA What Next? SELL! 👩🏼‍💻My Dear Friends, This is my opinion on the TSLA next move: BIAS: Bearish ENTRY: 299.72 TARGET: 251.42 STOP LOSS: 357.55  #TSLA 💹Time Frame : 9H (signal) 🍀;251.42
USOIL: My Opinion! SELL! 👩🏼‍💻My Dear Friends, I analysed this chart, and concluded the following: BIAS: Bearish ENTRY: 86.180 TARGET: 78.633  #USOIL 💹Time Frame : 12H (forecast) 💁🏼‍♀️;78.633
USD/JPY Will Explode! BUY! 👩🏼‍💻My Dear Friends, This is my opinion on the USD/JPY next move: BIAS: Bullish ENTRY: 142.626 TARGET: 143.338  #USDJPY 💹Time Frame : 1H (forecast) 🍀;143.338
GBP/USD A Fall Expected! SELL! 👩🏼‍💻My Dear Friends, Here is my todays forecast on GBP/USD BIAS: Bearish ENTRY: 1.15854 TARGET: 1.14047  #GBPUSD 💹Time Frame : 5H (forecast) 💁🏼‍♀️;1.14047
DXY Technical Analysis! SELL! 👩🏼‍💻My Dear Friends, My technical analysis on this pair is below: BIAS: Bearish ENTRY: 108.973 TARGET: 106.901 STOP LOSS: 110.160  #DXY 💹Time Frame : 11H (signal) 🍀;106.901
XAUUSD My Opinion! BUY! 👩🏼‍💻My Dear Friends, The demand is clearly higher than supply here, therefore: BIAS: Bullish ENTRY: 1715.90 TARGET: 1819.43  #XAUUSD 💹Time Frame : 12H (forecast) 💁🏼‍♀️;1819.43
AUD/JPY Trading Opportunity! SELL! 👩🏼‍💻My Dear Friends, I was thinking about AUD/JPY and my conclusion is this: BIAS: Bearish ENTRY: 98.169 TARGET: 96.805 STOP LOSS: 98.953  #AUDJPY 💹Time Frame : 2H (signal) 🍀;96.805
EUR/USD What Next? SELL! 👩🏼‍💻My Dear Friends, We are all watching EUR/USD right now, so here is my idea: BIAS: Bearish ENTRY: 1.01378 TARGET: 0.98851  #EURUSD 💹Time Frame : 9H (forecast) 🙋🏼‍♀️;0.98851
USOIL My Opinion! SELL! 👩🏼‍💻My Dear Friends, The demand is clearly higher than supply here, therefore: BIAS: Bearish ENTRY: 88.906 TARGET: 81.452 STOP LOSS: 92.781  #USOIL 💹Time Frame : 11H (signal) 🍀;81.452
AUD/CAD The Target Is UP! BUY! 👩🏼‍💻My Dear Friends, I analysed this chart, and concluded the following: BIAS: Bullish ENTRY: 0.89263 TARGET: 0.91206  #AUDCAD 💹Time Frame : 12H (forecast) 💁🏼‍♀️;0.91206
GBP/USD Set To Fall! SELL! 👩🏼‍💻My Dear Friends, GBP/USD looks like it will make a good move, and here are the details: BIAS: Bearish ENTRY: 1.15639 TARGET: 1.14084 STOP LOSS: 1.16521  #GBPUSD 💹Time Frame : 5H (signal) 🍀;1.14084
NZD/USD Massive Long! BUY! 👩🏼‍💻My Dear Friends, Here is my todays forecast on NZD/USD BIAS: Bullish ENTRY: 0.60558 TARGET: 0.61664 STOP LOSS: 0.59900  #NZDUSD 💹Time Frame : 6H (signal) 💁🏼‍♀️;0.61664
AAPL Technical Analysis! BUY! 👩🏼‍💻My Dear Friends, I was thinking about AAPL and my conclusion is this: BIAS: Bullish ENTRY: 157.87 TARGET: 175.39  #AAPL 💹Time Frame : 9H (forecast) 🙋🏼‍♀️;175.39
USD/JPY Will Collapse! SELL! 👩🏼‍💻My Dear Friends, This is my opinion on the USD/JPY next move: BIAS: Bearish ENTRY: 144.103 TARGET: 137.507  #USDJPY 💹Time Frame : 11H (forecast) 🍀;137.507
XAUUSD Expected Growth! BUY! 👩🏼‍💻My Dear Friends, We are all watching XAUUSD right now, so here is my idea: BIAS: Bullish ENTRY: 1706.00 TARGET: 1754.02  #XAUUSD 💹Time Frame : 11H (forecast) 💁🏼‍♀️;1754.02
EUR/USD Massive Short! SELL! 👩🏼‍💻My Dear Friends, Here is my todays forecast on EUR/USD BIAS: Bearish ENTRY: 0.99963 TARGET: 0.99048  #EURUSD 💹Time Frame : 5H (forecast) 🍀;0.99048
SPY Buyers In Panic! SELL! 👩🏼‍💻My Dear Friends, My technical analysis on this pair is below: BIAS: Bearish ENTRY: 393.11 TARGET: 373.91 STOP LOSS: 403.93  #SPY 💹Time Frame : 7H (signal) 💁🏼‍♀️;373.91
DXY The Target Is DOWN! SELL 👩🏼‍💻My Dear Friends, I analysed this chart, and concluded the following: BIAS: Bearish ENTRY: 109.450 TARGET: 108.317 STOP LOSS: 110.056  #DXY 💹Time Frame : 7H (signal) 🙋🏼‍♀️;108.317
GBP/CAD Under Pressure! SELL! 👩🏼‍💻My Dear Friends, I was thinking about GBP/CAD and my conclusion is this: BIAS: Bearish ENTRY: 1.52321 TARGET: 1.50137  #GBPCAD 💹Time Frame : 8H (forecast) 🍀;1.50137
GBP/NZD Technical Analysis! SELL! 👩🏼‍💻My Dear Friends, We are all watching GBP/NZD right now, so here is my idea: BIAS: Bearish ENTRY: 1.92721 TARGET: 1.90114  #GBPNZD 💹Time Frame : 11H (forecast) 💁🏼‍♀️;1.90114
XAUUSD Trading Opportunity! BUY! 👩🏼‍💻My Dear Friends, XAUUSD looks like it will make a good move, and here are the details: BIAS: Bullish ENTRY: 1690.12 TARGET: 1717.83  #XAUUSD 💹Time Frame : 4H (forecast) 🍀;1717.83
CAD/JPY What Next? SELL! 👩🏼‍💻My Dear Friends, This is my opinion on the CAD/JPY next move: BIAS: Bearish ENTRY: 108.908 TARGET: 107.197  #CADJPY 💹Time Frame : 4H (forecast) 💁🏼‍♀️;107.197
NAS100USD On The Rise! BUY! 👩🏼‍💻My Dear Friends, The demand is clearly higher than supply here, therefore: BIAS: Bullish ENTRY: 1.2103.3 TARGET: 12506.6  #NAS100USD 💹Time Frame : 7H (forecast) 🙋🏼‍♀️;12506.6
EUR/AUD A Fall Expected! SELL! 👩🏼‍💻My Dear Friends, The demand is clearly higher than supply here, therefore: BIAS: Bearish ENTRY: 1.48488 TARGET: 1.46496 STOP LOSS: 1.49780  #EURAUD 💹Time Frame : 11H (signal) 🍀;1.46496
EUR/CHF Trading Opportunity! SELL! 👩🏼‍💻My Dear Friends, EUR/CHF looks like it will make a good move, and here are the details: BIAS: Bearish ENTRY: 0.95696 TARGET: 0.94506 STOP LOSS: 0.96357  #EURCHF 💹Time Frame : 12H (signal) 💁🏼‍♀️;0.94506
USD/CAD What Next? BUY! 👩🏼‍💻My Dear Friends, This is my opinion on the USD/CAD next move: BIAS: Bullish ENTRY: 1.32777 TARGET: 1.33564 STOP LOSS: 1.32245  #USDCAD 💹Time Frame : 1H (signal) 🍀;1.33564
USD/JPY My Opinion! SELL! 👩🏼‍💻My Dear Friends, I analysed this chart, and concluded the following: BIAS: Bearish ENTRY: 143.201 TARGET: 140.437 STOP LOSS: 144.880  #USDJPY 💹Time Frame : 4H (signal) 💁🏼‍♀️;140.437
NQ1! The Target Is DOWN! SELL! 👩🏼‍💻My Dear Friends, I was thinking about NQ1! and my conclusion is this: BIAS: Bearish ENTRY: 11843.50 TARGET: 11377.00  #NQ1 ! 💹Time Frame : 8H (forecast) 🍀;11377.00
AUD/USD Set To Fall! SELL! 👩🏼‍💻My Dear Friends, My technical analysis on this pair is below: BIAS: Bearish ENTRY: 0.66924 TARGET: 0.65281  #AUDUSD 💹Time Frame : 11H (forecast) —— Join vip signals now👉🏻;0.65281
GBP/USD Massive Short! SELL! 👩🏼‍💻My Dear Friends, The demand is clearly higher than supply here, therefore: BIAS: Bearish ENTRY: 1.14163 TARGET: 1.13108 STOP LOSS: 1.14768  #GBPUSD 💹Time Frame : 1H (signal) 🍀;1.13108
AUD/CAD My Opinion! BUY! 👩🏼‍💻My Dear Friends, I analysed this chart, and concluded the following: BIAS: Bullish ENTRY: 0.89058 TARGET: 0.89421  #AUDCAD 💹Time Frame : 4H (forecast) 💁🏼‍♀️;0.89421
DXY Set To Grow! BUY! 👩🏼‍💻My Dear Friends, My technical analysis on this pair is below: BIAS: Bullish ENTRY: 109.643 TARGET: 110.780  #DXY 💹Time Frame : 8H (forecast) 🙋🏼‍♀️;110.780
XAUUSD Will Explode! BUY! 👩🏼‍💻My Dear Friends, Here is my todays forecast on XAUUSD BIAS: Bullish ENTRY: 1674.86 TARGET: 1760.41  #XAUUSD 💹Time Frame : 12H (forecast) 🍀;1760.41
EUR/USD Buyers In Panic! SELL! 👩🏼‍💻My Dear Friends, We are all watching EUR/USD right now, so here is my idea: BIAS: Bearish ENTRY: 1.00122 TARGET: 0.98447 STOP LOSS: 1.01095  #EURUSD 💹Time Frame : 12H (signal) 💁🏼‍♀️;0.98447
AUD/CHF Set To Fall! SELL! 👩🏼‍💻My Dear Friends, My technical analysis on this pair is below: BIAS: Bearish ENTRY: 0.64716 TARGET: 0.63641 STOP LOSS: 0.65327  #AUDCHF 💹Time Frame : 4H (signal) 🍀;0.63641
USD/CHF Will Collapse! SELL! 👩🏼‍💻My Dear Friends, Here is my todays forecast on USD/CHF BIAS: Bearish ENTRY: 0.96418 TARGET: 0.94499 STOP LOSS: 0.97520  #USDCHF 💹Time Frame : 7H (signal) 🙋🏼‍♀️;0.94499
EUR/NZD What Next? SELL! 👩🏼‍💻My Dear Friends, This is my opinion on the EUR/NZD next move: BIAS: Bearish ENTRY: 1.67052 TARGET: 1.65590  #EURNZD 💹Time Frame : 9H (forecast) 🍀;1.65590
ES1! The Target Is UP! BUY! 👩🏼‍💻My Dear Friends, I was thinking about ES1! and my conclusion is this: BIAS: Bullish ENTRY: 3902.50 TARGET: 4340.50  #ES1 ! 💹Time Frame : 12H (forecast) 💁🏼‍♀️;4340.50
GBP/AUD Technical Analysis! BUY! 👩🏼‍💻My Dear Friends, GBP/AUD looks like it will make a good move, and here are the details: BIAS: Bullish ENTRY: 1.70218 TARGET: 1.71807  #GBPAUD 💹Time Frame : 3H (forecast) 🍀;1.71807
GBP/NZD Massive Long! BUY! 👩🏼‍💻My Dear Friends, The demand is clearly higher than supply here, therefore: BIAS: Bullish ENTRY: 1.92051 TARGET: 1.93250  #GBPNZD 💹Time Frame : 3H (forecast);1.93250
GBP/CHF Buyers In Panic! SELL! 👩🏼‍💻My Dear Friends, We are all watching GBP/CHF right now, so here is my idea: BIAS: Bullish ENTRY: 1.10199 TARGET: 1.08235 STOP LOSS: 1.11313  #GBPCHF 💹Time Frame : 6H (signal) 💁🏼‍♀️;1.08235
DXY The Target Is DOWN! SELL! 👩🏼‍💻My Dear Friends, I was thinking about DXY and my conclusion is this: BIAS: Bearish ENTRY: 109.976 TARGET: 109.060 STOP LOSS: 110.508  #DXY 💹Time Frame : 7H (signal) 🙋🏼‍♀️;109.060
USOIL Sellers In Panic! BUY! 👩🏼‍💻My Dear Friends, We are all watching USOIL right now, so here is my idea: BIAS: Bullish ENTRY: 84.164 TARGET: 95.904  #USOIL 💹Time Frame : 12H (forecast) 🍀;95.904
GBP/CAD Expected Growth! BUY! 👩🏼‍💻My Dear Friends, This is my opinion on the GBP/CAD next move: BIAS: Bullish ENTRY: 1.52227 TARGET: 1.53091 STOP LOSS: 1.51753  #GBPCAD 💹Time Frame : 3H (signal) 🍀;1.53091
AAPL A Fall Expected! SELL! 👩🏼‍💻My Dear Friends, I analysed this chart, and concluded the following: BIAS: Bullish ENTRY: 156.70 TARGET: 144.48  #AAPL 💹Time Frame : 6H (forecast) 💁🏼‍♀️;144.48
NZD/USD Technical Analysis! SELL! 👩🏼‍💻My Dear Friends, This is my opinion on the NZD/USD next move: BIAS: Bearish ENTRY: 1.59029 TARGET: 1.57520 STOP LOSS: 0.59939  #NZDUSD 💹Time Frame : 8H (signal) 🙋🏼‍♀️;1.57520
XAGUSD Massive Short! SELL! 👩🏼‍💻My Dear Friends, The demand is clearly higher than supply here, therefore: BIAS: Bearish ENTRY: 19.188 TARGET: 17.358  #XAGUSD 💹Time Frame : 8H (frecast) 🍀;17.358
EUR/USD Under Pressure! SELL! 👩🏼‍💻My Dear Friends, EUR/USD looks like it will make a good move, and here are the details: BIAS: Bearish ENTRY: 0.99935 TARGET: 0.97803  #EURUSD 💹Time Frame : 11H (frecast) 💁🏼‍♀️;0.97803
GBP/USD My Opinion! SELL! 👩🏼‍💻My Dear Friends, I was thinking about GBP/USD and my conclusion is this: BIAS: Bearish ENTRY: 1.13388 TARGET: 1.12467 STOP LOSS: 1.14045  #GBPUSD 💹Time Frame : 2H (signal) 🍀;1.12467
XAUUSD Set To Fall! SELL! 👩🏼‍💻My Dear Friends, We are all watching XAUUSD right now, so here is my idea: BIAS: Bearish ENTRY: 1674.36 TARGET: 1635.16  #XAUUSD 💹Time Frame : 3H (forecast) 💁🏼‍♀️;1635.16
NZD/CAD Trading Opportunity! SELL! 👩🏼‍💻My Dear Friends, My technical analysis on this pair is below: BIAS: Bearish ENTRY: 0.78741 TARGET: 0.78209 STOP LOSS: 0.79056  #NZDCAD 💹Time Frame : 5H (forecast) 🙋🏼‍♀️;0.78209
DXY On The Rise! BUY! 👩🏼‍💻My Dear Friends, I analysed this chart, and concluded the following: BIAS: Bullish ENTRY: 110.697 TARGET: 111.746  #DXY 💹Time Frame : 7H (forecast) 🍀;111.746
EUR/CAD What Next? SELL! 👩🏼‍💻My Dear Friends, Here is my todays forecast on EUR/CAD BIAS: Bearish ENTRY: 1.32636 TARGET: 1.28016  #EURCAD 💹Time Frame : 12H (forecast) 💁🏼‍♀️;1.28016
NAS100USD The Target Is DOWN! SELL! 👩🏼‍💻My Dear Friends, NAS100USD looks like it will make a good move, and here are the details: BIAS: Bearish ENTRY: 11494.3 TARGET: 11212.6 STOP LOSS: 11699.5  #NAS100USD 💹Time Frame : 3H (signal) 🍀;11212.6
EUR/USD Trading Opportunity! BUY! 👩🏼‍💻My Dear Friends, My technical analysis on this pair is below: BIAS: Bullish ENTRY: 0.98641 TARGET: 1.00521  #EURUSD 💹Time Frame : 6H (forecast) 💁🏼‍♀️;1.00521
CHF/JPY What Next? BUY! 👩🏼‍💻My Dear Friends, Here is my todays forecast on CHF/JPY BIAS: Bullish ENTRY: 144.730 TARGET: 150.120  #CHFJPY 💹Time Frame : 7H (forecast) 🙋🏼‍♀️;150.120
TSLA What Next? SELL! 👩🏼‍💻My Dear Friends, This is my opinion on the TSLA next move: BIAS: Bearish ENTRY: 295.08 TARGET: 253.51  #TSLA 💹Time Frame : 11H (forecast) 🍀;253.51
GBP/CAD Will Collapse! SELL! 👩🏼‍💻My Dear Friends, The demand is clearly higher than supply here, therefore: BIAS: Bearish ENTRY: 1.51912 TARGET: 1.49482 STOP LOSS: 1.53390  #GBPCAD 💹Time Frame : 12H (signal) 💁🏼‍♀️;1.49482
GBP/USD My Opinion! BUY! 👩🏼‍💻My Dear Friends, I was thinking about GBP/USD and my conclusion is this: BIAS: Bullish ENTRY: 1.10540 TARGET: 1.11481  #GBPUSD 💹Time Frame : 1H (forecast) 🍀;1.11481
AUD/CHF Set To Fall! SELL! 👩🏼‍💻My Dear Friends, We are all watching AUD/CHF right now, so here is my idea: BIAS: Bullish ENTRY: 0.64112 TARGET: 0.63218 STOP LOSS: 0.63733  #AUDCHF 💹Time Frame : 5H (signal) 💁🏼‍♀️;0.63218
USD/JPY My Opinion! SELL! 👩🏼‍💻My Dear Friends, I analysed this chart, and concluded the following: BIAS: Bullish ENTRY: 142.755 TARGET: 137.660  #USDJPY 💹Time Frame : 8H (forecast) 🙋🏼‍♀️;137.660
DXY Will Collapse! SELL! 👩🏼‍💻My Dear Friends, The demand is clearly higher than supply here, therefore: BIAS: Bearish ENTRY: 112.482 TARGET: 111.083  #DXY 💹Time Frame : 8H (forecast) 🍀;111.083
XAGUSD The Target Is DOWN! SELL! 👩🏼‍💻My Dear Friends, XAGUSD looks like it will make a good move, and here are the details: BIAS: Bearish ENTRY: 18.834 TARGET: 18.042 STOP LOSS: 19.336  #XAGUSD 💹Time Frame : 12H (signal) 💁🏼‍♀️;18.042
US100 Technical Analysis! SELL! 👩🏼‍💻My Dear Friends, Here is my todays forecast on US100 BIAS: Bearish ENTRY: 11318.5 TARGET: 11102.3  #US100 💹Time Frame : 1H (forecast) 🍀;11102.3
AUD/CAD Buyers In Panic! SELL! 👩🏼‍💻My Dear Friends, This is my opinion on the AUD/CAD next move: BIAS: Bearish ENTRY: 0.88695 TARGET: 0.88018 STOP LOSS: 0.89078  #AUDCAD 💹Time Frame : 7H (signal) 💁🏼‍♀️;0.88018
USD/CHF Under Pressure! SELL! 👩🏼‍💻My Dear Friends, My technical analysis on this pair is below: BIAS: Bearish ENTRY: 0.98074 TARGET: 0.95558  #USDCHF 💹Time Frame : 11H (forecast) 🙋🏼‍♀️;0.95558
USOIL Will Explode! BUY! 👩🏼‍💻My Dear Friends, We are all watching USOIL right now, so here is my idea: BIAS: Bullish ENTRY: 79.301 TARGET: 88.554  #USOIL 💹Time Frame : 11H (forecast) 🍀;88.554
EUR/USD Massive Short! SELL! 👩🏼‍💻My Dear Friends, I analysed this chart, and concluded the following: BIAS: Bearish ENTRY: 0.96868 TARGET: 0.94518 STOP LOSS: 0.98203  #EURUSD 💹Time Frame : 12H (signal) 💁🏼‍♀️;0.94518
NAS100USD Trading Opportunity! SELL! 👩🏼‍💻My Dear Friends, We are all watching NAS100USD right now, so here is my idea: BIAS: Bearish ENTRY: 11314.6 TARGET: 10961.7  #NAS100USD 💹Time Frame : 3H (forecast) 🍀;10961.7
XAUUSD A Fall Expected! SELL! 👩🏼‍💻My Dear Friends, I was thinking about XAUUSD and my conclusion is this: BIAS: Bearish ENTRY: 1643.64 TARGET: 1673.47 STOP LOSS: 1626.13  #XAUUSD 💹Time Frame : 9H (signal) 💁🏼‍♀️;1673.47
EUR/AUD Set To Fall! SELL! 👩🏼‍💻My Dear Friends, EUR/AUD looks like it will make a good move, and here are the details: BIAS: Bearish ENTRY: 1.48260 TARGET: 1.45415  #EURAUD 💹Time Frame : 9H (forecast) 🙋🏼‍♀️;1.45415
USD/JPY What Next? SELL! 👩🏼‍💻My Dear Friends, We are all watching USD/JPY right now, so here is my idea: BIAS: Bearish ENTRY: 143.303 TARGET: 138.563  #USDJPY 💹Time Frame : 11H (forecast) 🍀;138.563
AUD/CHF My Opinion! SELL! 👩🏼‍💻My Dear Friends, The demand is clearly higher than supply here, therefore: BIAS: Bearish ENTRY: 0.64050 TARGET: 0.62664 STOP LOSS: 0.64856  #AUDCHF 💹Time Frame : 11H (signal) 💁🏼‍♀️;0.62664
SPY Under Pressure! SELL! 👩🏼‍💻My Dear Friends, My technical analysis on this pair is below: BIAS: Bearish ENTRY: 368.82 TARGET: 372.00  #SPY 💹Time Frame : 2H (forecast) 🍀;372.00
CAD/JPY Will Collapse! SELL! 👩🏼‍💻My Dear Friends, This is my opinion on the CAD/JPY next move: BIAS: Bearish ENTRY: 105.633 TARGET: 103.355 STOP LOSS: 106.988  #CADJPY 💹Time Frame : 4H (signal) 💁🏼‍♀️;103.355
AUD/USD Massive Short! SELL! 👩🏼‍💻My Dear Friends, I analysed this chart, and concluded the following: BIAS: Bearish ENTRY: 0.65058 TARGET: 0.63797  #AUDUSD 💹Time Frame : 6H (forecast) 🙋🏼‍♀️;0.63797
USOIL Technical Analysis! BUY! 👩🏼‍💻My Dear Friends, Here is my todays forecast on USOIL BIAS: Bullish ENTRY: 79.610 TARGET: 89.862  #USOIL 💹Time Frame : 11H (forecast) 🍀;89.862
USD/CHF The Target Is UP! BUY! 👩🏼‍💻My Dear Friends, The demand is clearly higher than supply here, therefore: BIAS: Bullish ENTRY: 0.98832 TARGET: 1.00350 STOP LOSS: 0.97875  #USDCHF 💹Time Frame : 12H (signal) 💁🏼‍♀️;1.00350
EUR/GBP On The Rise! BUY! 👩🏼‍💻My Dear Friends, My technical analysis on this pair is below: BIAS: Bullish ENTRY: 0.89373 TARGET: 0.91753  #EURGBP 💹Time Frame : 3H (forecast) 🍀;0.91753
EUR/CAD Trading Opportunity! SELL! 👩🏼‍💻My Dear Friends, We are all watching EUR/CAD right now, so here is my idea: BIAS: Bearish ENTRY: 1.31979 TARGET: 1.29636  #EURCAD 💹Time Frame : 5H (forecast) 💁🏼‍♀️;1.29636
XAUUSD A Fall Expected! SELL! 👩🏼‍💻My Dear Friends, I was thinking about XAUUSD and my conclusion is this: BIAS: Bearish ENTRY: 1635.99 TARGET: 1606.93 STOP LOSS: 1652.54  #XAUUSD 💹Time Frame : 8H (signal) 🙋🏼‍♀️;1606.93
NAS100USD Technical Analysis! BUY! 👩🏼‍💻My Dear Friends, This is my opinion on the NAS100USD next move: BIAS: Bullish ENTRY: 11391.7 TARGET: 12111.5 STOP LOSS: 10973.3  #NAS100USD 💹Time Frame : 9H (signal) 🍀;12111.5
AUD/JPY Expected Growth! BUY! 👩🏼‍💻My Dear Friends, I analysed this chart, and concluded the following: BIAS: Bullish ENTRY: 93.455 TARGET: 96.880  #AUDJPY 💹Time Frame : 9H (forecast) 💁🏼‍♀️;96.880
NZD/CAD Massive Short! SELL! 👩🏼‍💻My Dear Friends, NZD/CAD looks like it will make a good move, and here are the details: BIAS: Bearish ENTRY: 0.77630 TARGET: 0.77616  #NZDCAD 💹Time Frame : 4H (forecast) 🍀;0.77616
SPX Trading Opportunity! BUY! 👩🏼‍💻My Dear Friends, Here is my todays forecast on SPX BIAS: Bullish ENTRY: 3675.81 TARGET: 3916.88 STOP LOSS: 3527.25  #SPX 💹Time Frame : 5H (signal) 💁🏼‍♀️;3916.88
USD/JPY Technical Analysis! BUY! 👩🏼‍💻My Dear Friends, USD/JPY looks like it will make a good move, and here are the details: BIAS: Bullish ENTRY: 144.600 TARGET: 147.322  #USDJPY 💹Time Frame : 11H (forecast) 🙋🏼‍♀️;147.322
NFLX What Next? SELL! 👩🏼‍💻My Dear Friends, The demand is clearly higher than supply here, therefore: BIAS: Bearish ENTRY: 236.13 TARGET: 192.36  #NFLX 💹Time Frame : 12H (forecast) 🍀;192.36
EUR/USD Sellers In Panic! BUY! 👩🏼‍💻My Dear Friends, I was thinking about EUR/USD and my conclusion is this: BIAS: Bullish ENTRY: 0.96355 TARGET: 0.98969 STOP LOSS: 0.94766  #EURUSD 💹Time Frame : 12H (signal) 💁🏼‍♀️;0.98969
DXY Technical Analysis! SELL! 👩🏼‍💻My Dear Friends, I analysed this chart, and concluded the following: BIAS: Bearish ENTRY: 113.174 TARGET: 111.207 STOP LOSS: 114.275  #DXY 💹Time Frame : 6H (signal) 🍀;111.207
XAUUSD Under Pressure! SELL! 👩🏼‍💻My Dear Friends, This is my opinion on the XAUUSD next move: BIAS: Bearish ENTRY: 1649.39 TARGET: 1614.51 STOP LOSS: 1668.60  #XAUUSD 💹Time Frame : 7H (signal) 💁🏼‍♀️;1614.51
AUD/USD Expected Growth! BUY! 👩🏼‍💻My Dear Friends, I was thinking about AUD/USD and my conclusion is this: BIAS: Bullish ENTRY: 0.64692 TARGET: 0.67280  #AUDUSD 💹Time Frame : 7H (forecast) 🙋🏼‍♀️;0.67280
USD/CAD Trading Opportunity! SELL! 👩🏼‍💻My Dear Friends, I was thinking about USD/CAD and my conclusion is this: BIAS: Bearish ENTRY: 1.36755 TARGET: 1.33216  #USDCAD 💹Time Frame : 9H (forecast) 🍀;1.33216
CHF/JPY A Fall Expected! SELL! 👩🏼‍💻My Dear Friends, My technical analysis on this pair is below: BIAS: Bearish ENTRY: 147.109 TARGET: 144.193  #CHFJPY 💹Time Frame : 11H (forecast) 💁🏼‍♀️;144.193
GBP/USD Buyers In Panic! SELL! 👩🏼‍💻My Dear Friends, Here is my todays forecast on GBP/USD BIAS: Bearish ENTRY: 1.10318 TARGET: 1.05002  #GBPUSD 💹Time Frame : 3H (forecast) 🍀;1.05002
NZD/USD The Target Is DOWN! SELL! 👩🏼‍💻My Dear Friends, I analysed this chart, and concluded the following: BIAS: Bearish ENTRY: 0.56831 TARGET: 0.55661  #NZDUSD 💹Time Frame : 3H (forecast) 💁🏼‍♀️;0.55661
EUR/CAD What Next? BUY! 👩🏼‍💻My Dear Friends, EUR/CAD looks like it will make a good move, and here are the details: BIAS: Bullish ENTRY: 1.33943 TARGET: 1.35808 STOP LOSS: 1.32642  #EURCAD 💹Time Frame : 4H (signal) 🙋🏼‍♀️;1.35808
AAPL Trading Opportunity! BUY! 👩🏼‍💻My Dear Friends, The demand is clearly higher than supply here, therefore: BIAS: Bullish ENTRY: 142.59 TARGET: 153.69 STOP LOSS: 136.18  #AAPL 💹Time Frame : 8H (signal) 🍀;153.69
NAS100USD On The Rise! BUY! 👩🏼‍💻My Dear Friends, We are all watching NAS100USD right now, so here is my idea: BIAS: Bullish ENTRY: 11208.8 TARGET: 12004.0  #NAS100USD 💹Time Frame : 8H (forecast) 💁🏼‍♀️;12004.0
CAD/JPY A Fall Expected! SELL! 👩🏼‍💻My Dear Friends, This is my opinion on the CAD/JPY next move: BIAS: Bearish ENTRY: 104.636 TARGET: 103.797  #CADJPY 💹Time Frame : 6H (forecast) 💁🏼‍♀️;103.797
EUR/JPY Technical Analysis! SELL! 👩🏼‍💻My Dear Friends, EUR/JPY looks like it will make a good move, and here are the details: BIAS: Bearish ENTRY: 141.835 TARGET: 140.128 STOP LOSS: 142.808  #CADJPY 💹Time Frame : 8H (signal) 🙋🏼‍♀️;140.128
XAUUSD Under Pressure! SELL! 👩🏼‍💻My Dear Friends, The demand is clearly higher than supply here, therefore: BIAS: Bearish ENTRY: 1661.88 TARGET: 1618.35 STOP LOSS: 1687.68  #XAUUSD 💹Time Frame : 12H (signal) 🍀;1618.35
USD/CAD My Opinion! BUY! 👩🏼‍💻My Dear Friends, This is my opinion on the USD/CAD next move: BIAS: Bullish ENTRY: 1.38270 TARGET: 1.41844  #USDCAD 💹Time Frame : 12H (forecast) 💁🏼‍♀️;1.41844
USD/JPY Will Explode! BUY! 👩🏼‍💻My Dear Friends, My technical analysis on this pair is below: BIAS: Bullish ENTRY: 144.718 TARGET: 145.893  #USDJPY 💹Time Frame : 6H (forecast) 🍀;145.893
EUR/USD Buyers In Panic! SELL! 👩🏼‍💻My Dear Friends, Here is my todays forecast on EUR/USD BIAS: Bearish ENTRY: 0.98005 TARGET: 0.96512  #EURUSD 💹Time Frame : 7H (forecast) 💁🏼‍♀️;0.96512
USD/CHF The Target Is UP! BUY! 👩🏼‍💻My Dear Friends, Here is my todays forecast on USD/CHF BIAS: Bullish ENTRY: 0.98707 TARGET: 0.99744 STOP LOSS: 0.98144  #USDCHF 💹Time Frame : 9H (signal) 🙋🏼‍♀️;0.99744
DXY Trading Opportunity! SELL! 👩🏼‍💻My Dear Friends, I analysed this chart, and concluded the following: BIAS: Bearish ENTRY: 112.173 TARGET: 110.095 STOP LOSS: 113.312  #DXY 💹Time Frame : 9H (signal) 🍀;110.095
AAPL Set To Grow! BUY! 👩🏼‍💻My Dear Friends, I analysed this chart, and concluded the following: BIAS: Bullish ENTRY: 138.00 TARGET: 158.87  #AAPL 💹Time Frame : 12H (forecast) 💁🏼‍♀️;158.87
AUD/JPY Trading Opportunity! SELL! 👩🏼‍💻My Dear Friends, This is my opinion on the AUD/JPY next move: BIAS: Bearish ENTRY: 93.910 TARGET: 92.508  #AUDJPY 💹Time Frame : 4H (forecast) 🍀;92.508
XAUUSD Massive Short! SELL! 👩🏼‍💻My Dear Friends, I was thinking about XAUUSD and my conclusion is this: BIAS: Bearish ENTRY: 1673.02 TARGET: 1628.50  #XAUUSD 💹Time Frame : 7H (forecast) 💁🏼‍♀️;1628.50
AUD/USD Technical Analysis! SELL! 👩🏼‍💻My Dear Friends, The demand is clearly higher than supply here, therefore: BIAS: Bearish ENTRY: 0.65068 TARGET: 0.63418 STOP LOSS: 0.65829  #AUDUSD 💹Time Frame : 8H (signal) 🙋🏼‍♀️;0.63418
XAGUSD My Opinion! SELL! 👩🏼‍💻My Dear Friends, My technical analysis on this pair is below: BIAS: Bearish ENTRY: 20.755 TARGET: 20.035 STOP LOSS: 21.146  #XAGUSD 💹Time Frame : 2H (signal) 🍀;20.035
AAPL What Next? SELL! 👩🏼‍💻My Dear Friends, I analysed this chart, and concluded the following: BIAS: Bearish ENTRY: 142.41 TARGET: 130.63 STOP LOSS: 148.97  #AAPL 💹Time Frame : 4H (signal) 💁🏼‍♀️;130.63
EUR/USD Sellers In Panic! BUY! 👩🏼‍💻My Dear Friends, I was thinking about EUR/USD and my conclusion is this: BIAS: Bullish ENTRY: 0.98915 TARGET: 0.99750  #EURUSD 💹Time Frame : 5H (forecast) 🙋🏼‍♀️;0.99750
NZD/JPY Set To Fall! SELL! 👩🏼‍💻My Dear Friends, Here is my todays forecast on NZD/JPY BIAS: Bearish ENTRY: 82.527 TARGET: 81.621  #NZDJPY 💹Time Frame : 5H (forecast) 🍀;81.621
NZD/USD Massive Long! BUY! 👩🏼‍💻My Dear Friends, We are all watching NZD/USD right now, so here is my idea: BIAS: Bullish ENTRY: 0.56942 TARGET: 0.61395  #NZDUSD 💹Time Frame : 12H (forecast) 💁🏼‍♀️;0.61395
DXY Technical Analysis! BUY! 👩🏼‍💻My Dear Friends, The demand is clearly higher than supply here, therefore: BIAS: Bullish ENTRY: 111.331 TARGET: 112.500 STOP LOSS: 110.670  #DXY 💹Time Frame : 2H (signal) 🍀;112.500
USD/CAD Expected Growth! BUY! 👩🏼‍💻My Dear Friends, USD/CAD looks like it will make a good move, and here are the details: BIAS: Bullish ENTRY: 1.36835 TARGET: 1.38808  #USDCAD 💹Time Frame : 8H (forecast) 💁🏼‍♀️;1.38808
EUR/CHF The Target Is DOWN! SELL! 👩🏼‍💻My Dear Friends, We are all watching EUR/CHF right now, so here is my idea: BIAS: Bearish ENTRY: 0.97310 TARGET: 0.94404  #EURCHF 💹Time Frame : 9H (forecast) 🙋🏼‍♀️;0.94404
USD/ZAR Buyers In Panic! SELL! 👩🏼‍💻My Dear Friends, The demand is clearly higher than supply here, therefore: BIAS: Bearish ENTRY: 17.87600 TARGET: 17.50086 STOP LOSS: 18.01864  #USDZAR 💹Time Frame : 9H (signal) 🍀;17.50086
XAUUSD Will Collapse! SELL! 👩🏼‍💻My Dear Friends, I was thinking about XAUUSD and my conclusion is this: BIAS: Bearish ENTRY: 1707.27 TARGET: 1614.92  #XAUUSD 💹Time Frame : 12H (forecast) 💁🏼‍♀️;1614.92
META Massive Short! SELL! 👩🏼‍💻My Dear Friends, META looks like it will make a good move, and here are the details: BIAS: Bearish ENTRY: 138.95 TARGET: 128.81 STOP LOSS: 144.63  #META 💹Time Frame : 3H (signal) 🍀;128.81
USD/CHF On The Rise! BUY! 👩🏼‍💻My Dear Friends, This is my opinion on the USD/CHF next move: BIAS: Bullish ENTRY: 0.98388 TARGET: 0.99673  #USDCHF 💹Time Frame : 3H (forecast) 💁🏼‍♀️;0.99673
EUR/CAD Technical Analysis! SELL! 👩🏼‍💻My Dear Friends, I analysed this chart, and concluded the following: BIAS: Bearish ENTRY: 1.34862 TARGET: 1.33756 STOP LOSS: 1.35592  #EURCAD 💹Time Frame : 4H (signal) 🙋🏼‍♀️;1.33756
USOIL Under Pressure! SELL! 👩🏼‍💻My Dear Friends, This is my opinion on the USOIL next move: BIAS: Bearish ENTRY: 87.709 TARGET: 81.105  #USOIL 💹Time Frame : 5H (forecast) 🍀;81.105
EUR/USD A Fall Expected! SELL! 👩🏼‍💻My Dear Friends, My technical analysis on this pair is below: BIAS: Bearish ENTRY: 0.98702 TARGET: 0.98986  #EURUSD 💹Time Frame : 9H (forecast) 💁🏼‍♀️;0.98986
XAUUSD Trading Opportunity! SELL! 👩🏼‍💻My Dear Friends, Here is my todays forecast on XAUUSD BIAS: Bearish ENTRY: 1700.44 TARGET: 1679.53 STOP LOSS: 1709.16  #XAUUSD 💹Time Frame : 3H (signal) 🍀;1679.53
GBP/USD What Next? SELL! 👩🏼‍💻My Dear Friends, I was thinking about GBP/USD and my conclusion is this: BIAS: Bearish ENTRY: 1.11050 TARGET: 1.08042 STOP LOSS: 1.12790  #GBPUSD 💹Time Frame : 7H (signal) 💁🏼‍♀️;1.08042
GBP/JPY My Opinion! SELL! 👩🏼‍💻My Dear Friends, I was thinking about GBP/JPY and my conclusion is this: BIAS: Bearish ENTRY: 161.143 TARGET: 150.871  #GBPJPY 💹Time Frame : 8H (forecast) 🙋🏼‍♀️;150.871
NAS100USD Trading Opportunity! BUY! 👩🏼‍💻My Dear Friends, I analysed this chart, and concluded the following: BIAS: Bullish ENTRY: 11177.3 TARGET: 12104.9  #NAS100USD 💹Time Frame : 12H (forecast) 💁🏼‍♀️;12104.9
AUD/JPY Set To Fall! SELL! 👩🏼‍💻My Dear Friends, The demand is clearly higher than supply here, therefore: BIAS: Bearish ENTRY: 92.772 TARGET: 90.076  #AUDJPY 💹Time Frame : 12H (forecast) 🍀;90.076
TSLA What Next? BUY! 👩🏼‍💻My Dear Friends, My technical analysis on this pair is below: BIAS: Bullish ENTRY: 223.06 TARGET: 235.80  #TSLA 💹Time Frame : 1H (forecast) 🍀;235.80
AUD/USD Buyers In Panic! SELL! 👩🏼‍💻My Dear Friends, Here is my todays forecast on AUD/USD BIAS: Bearish ENTRY: 0.63650 TARGET: 0.62640  #AUDUSD 💹Time Frame : 5H (forecast) 💁🏼‍♀️;0.62640
CAD/JPY The Target Is DOWN! SELL! 👩🏼‍💻My Dear Friends, This is my opinion on the CAD/JPY next move: BIAS: Bearish ENTRY: 105.819 TARGET: 104.512 STOP LOSS: 106.578  #CADJPY 💹Time Frame : 7H (signal) 🙋🏼‍♀️;104.512
DXY Will Collapse! SELL! 👩🏼‍💻My Dear Friends, DXY looks like it will make a good move, and here are the details: BIAS: Bearish ENTRY: 112.747 TARGET: 109.506 STOP LOSS: 114.597  #DXY 💹Time Frame : 8H (signal) 🍀;109.506
CAD/CHF My Opinion! BUY! 👩🏼‍💻My Dear Friends, Here is my todays forecast on CAD/CHF BIAS: Bullish ENTRY: 0.72406 TARGET: 0.74862  #CADCHF 💹Time Frame : 12H (forecast) 💁🏼‍♀️;0.74862
NZD/USD Under Pressure! SELL! 👩🏼‍💻My Dear Friends, We are all watching NZD/USD right now, so here is my idea: BIAS: Bearish ENTRY: 0.56044 TARGET: 0.55202 STOP LOSS: 0.56516  #NZDUSD 💹Time Frame : 3H (signal) 🍀;0.55202
NAS100USD Set To Grow! BUY! 👩🏼‍💻My Dear Friends, I was thinking about NAS100USD and my conclusion is this: BIAS: Bullish ENTRY: 11038.6 TARGET: 11413.3  #NAS100USD 💹Time Frame : 4H (forecast) 💁🏼‍♀️;11413.3
EUR/USD Technical Analysis! SELL! 👩🏼‍💻My Dear Friends, The demand is clearly higher than supply here, therefore: BIAS: Bearish ENTRY: 0.97398 TARGET: 0.95307 STOP LOSS: 0.98595  #EURUSD 💹Time Frame : 9H (signal) 🙋🏼‍♀️;0.95307
AUD/JPY Will Explode! BUY! 👩🏼‍💻My Dear Friends, We are all watching AUD/JPY right now, so here is my idea: BIAS: Bullish ENTRY: 92.534 TARGET: 95.530  #AUDJPY 💹Time Frame : 11H (forecast) 🍀;95.530
XAGUSD Massive Short! SELL! 👩🏼‍💻My Dear Friends, I was thinking about XAGUSD and my conclusion is this: BIAS: Bearish ENTRY: 20.119 TARGET: 17.402  #XAGUSD 💹Time Frame : 12H (forecast) 💁🏼‍♀️;17.402
EUR/AUD Trading Opportunity! SELL! 👩🏼‍💻My Dear Friends, This is my opinion on the EUR/AUD next move: BIAS: Bearish ENTRY: 1.54153 TARGET: 1.49098  #EURAUD 💹Time Frame : 7H (forecast) 🍀;1.49098
ES1! The Target Is UP! BUY! 👩🏼‍💻My Dear Friends, The demand is clearly higher than supply here, therefore: BIAS: Bullish ENTRY: 3649.00 TARGET: 3866.50  #ES1 ! 💹Time Frame : 8H (forecast) 💁🏼‍♀️;3866.50
AUD/CAD My Opinion! SELL! 👩🏼‍💻My Dear Friends, My technical analysis on this pair is below: BIAS: Bearish ENTRY: 0.86380 TARGET: 0.85493 STOP LOSS: 0.86936  #AUDCAD 💹Time Frame : 9H (signal) 🙋🏼‍♀️;0.85493
EUR/CAD What Next? SELL! 👩🏼‍💻My Dear Friends, I analysed this chart, and concluded the following: BIAS: Bearish ENTRY: 1.33451 TARGET: 1.30384 STOP LOSS: 1.35200  #EURCAD 💹Time Frame : 11H (signal) 🍀;1.30384
DXY A Fall Expected! SELL! 👩🏼‍💻My Dear Friends, DXY looks like it will make a good move, and here are the details: BIAS: Bearish ENTRY: 113.066 TARGET: 108.509  #DXY 💹Time Frame : 12H (forecast) 💁🏼‍♀️;108.509
EUR/CHF The Target Is DOWN! SELL! 👩🏼‍💻My Dear Friends, We are all watching EUR/CHF right now, so here is my idea: BIAS: Bearish ENTRY: 0.96849 TARGET: 0.94308  #EURCHF 💹Time Frame : 8H (forecast) 🍀;0.94308
AUD/USD Will Collapse! SELL! 👩🏼‍💻My Dear Friends, I was thinking about AUD/USD and my conclusion is this: BIAS: Bearish ENTRY: 0.62792 TARGET: 0.60607  #AUDUSD 💹Time Frame : 8H (forecast) 💁🏼‍♀️;0.60607
EUR/USD Massive Long! BUY! 👩🏼‍💻My Dear Friends, This is my opinion on the EUR/USD next move: BIAS: Bullish ENTRY: 0.97090 TARGET: 0.99066 STOP LOSS: 0.95878  #EURUSD 💹Time Frame : 9H (signal) 🙋🏼‍♀️;0.99066
XAUUSD Set To Fall! SELL! 👩🏼‍💻My Dear Friends, Here is my todays forecast on XAUUSD BIAS: Bearish ENTRY: 1669.70 TARGET: 1625.04 STOP LOSS: 1693.46  #XAUUSD 💹Time Frame : 12H (signal) 🍀;1625.04
US30 Sellers In Panic! BUY! 👩🏼‍💻My Dear Friends, US30 looks like it will make a good move, and here are the details: BIAS: Bullish ENTRY: 29194.4 TARGET: 31867.8  #US30 💹Time Frame : 12H (forecast) 💁🏼‍♀️;31867.8
EUR/JPY Massive Short! SELL! 👩🏼‍💻My Dear Friends, EUR/JPY looks like it will make a good move, and here are the details: BIAS: Bearish ENTRY: 142.119 TARGET: 140.116 STOP LOSS: 143.089  #EURJPY 💹Time Frame : 4H (signal) 🍀;140.116
AMZN Technical Analysis! BUY! 👩🏼‍💻My Dear Friends, I analysed this chart, and concluded the following: BIAS: Bullish ENTRY: 112.03 TARGET: 129.52  #AMZN 💹Time Frame : 5H (forecast) 💁🏼‍♀️;129.52
DXY Buyers In Panic! SELL! 👩🏼‍💻My Dear Friends, The demand is clearly higher than supply here, therefore: BIAS: Bearish ENTRY: 113.534 TARGET: 110.499  #DXY 💹Time Frame : 7H (forecast) 🙋🏼‍♀️;110.499
EUR/CAD Technical Analysis! SELL! 👩🏼‍💻My Dear Friends, I analysed this chart, and concluded the following: BIAS: Bearish ENTRY: 1.33601 TARGET: 1.32091 STOP LOSS: 1.24606  #EURCAD 💹Time Frame : 11H (signal) 🍀;1.32091
GBP/NZD Under Pressure! SELL! 👩🏼‍💻My Dear Friends, This is my opinion on the GBP/NZD next move: BIAS: Bearish ENTRY: 1.97400 TARGET: 1.8195  #GBPNZD 💹Time Frame : 12H (forecast) 💁🏼‍♀️;1.8195
NZD/USD Will Collapse! SELL! 👩🏼‍💻My Dear Friends, The demand is clearly higher than supply here, therefore: BIAS: Bearish ENTRY: 0.56084 TARGET: 0.55320  #NZDUSD 💹Time Frame : 4H (forecast) 🍀;0.55320
SPY On The Rise! BUY! 👩🏼‍💻My Dear Friends, Here is my todays forecast on SPY BIAS: Bullish ENTRY: 365.96 TARGET: 395.90  #SPY 💹Time Frame : 5H (forecast) 💁🏼‍♀️;395.90
AUD/USD Set To Fall! SELL! 👩🏼‍💻My Dear Friends, We are all watching AUD/USD right now, so here is my idea: BIAS: Bearish ENTRY: 0.62760 TARGET: 0.62134  #AUDUSD 💹Time Frame : 5H (forecast) 🙋🏼‍♀️;0.62134
USOIL Trading Opportunity! BUY! 👩🏼‍💻My Dear Friends, I was thinking about USOIL and my conclusion is this: BIAS: Bullish ENTRY: 87.400 TARGET: 92.271 STOP LOSS: 84.638  #USOIL 💹Time Frame : 9H (signal) 🍀;92.271
USD/CAD What Next? BUY! 👩🏼‍💻My Dear Friends, We are all watching USD/CAD right now, so here is my idea: BIAS: Bullish ENTRY: 1.37814 TARGET: 1.39197 STOP LOSS: 1.37004  #USDCAD 💹Time Frame : 11H (signal) 💁🏼‍♀️;1.39197
EUR/AUD Massive Short! SELL! 👩🏼‍💻My Dear Friends, I analysed this chart, and concluded the following: BIAS: Bearish ENTRY: 1.56676 TARGET: 1.55010 STOP LOSS: 1.57726  #EURAUD 💹Time Frame : 5H (signal) 🍀;1.55010
NZD/CAD Under Pressure! SELL! 👩🏼‍💻My Dear Friends, My technical analysis on this pair is below: BIAS: Bearish ENTRY: 0.77130 TARGET: 0.76408  #NZDCAD 💹Time Frame : 6H (forecast) 💁🏼‍♀️;0.76408
DXY Buyers In Panic! SELL! 👩🏼‍💻My Dear Friends, This is my opinion on the DXY next move: BIAS: Bearish ENTRY: 113.298 TARGET: 110.611  #DXY 💹Time Frame : 9H (forecast) 🙋🏼‍♀️;110.611
USD/CHF Technical Analysis! SELL! 👩🏼‍💻My Dear Friends, Here is my todays forecast on USD/CHF BIAS: Bearish ENTRY: 1.00545 TARGET: 1.98822  #USDCHF 💹Time Frame : 11H (forecast) 🍀;1.98822
NQ1! Expected Growth! BUY! 👩🏼‍💻My Dear Friends, I was thinking about NQ1! and my conclusion is this: BIAS: Bullish ENTRY: 10746.25 TARGET: 11200.75  #NQ1 ! 💹Time Frame : 2H (forecast) 🍀;11200.75
USD/JPY Trading Opportunity! BUY! 👩🏼‍💻My Dear Friends, This is my opinion on the USD/JPY next move: BIAS: Bullish ENTRY: 148.727 TARGET: 150.390 STOP LOSS: 147.756  #USDJPY 💹Time Frame : 4H (signal) 💁🏼‍♀️;150.390
EUR/JPY What Next? SELL! 👩🏼‍💻My Dear Friends, The demand is clearly higher than supply here, therefore: BIAS: Bearish ENTRY: 144.584 TARGET: 141.032  #EURJPY 💹Time Frame : 8H (forecast) 🍀;141.032
GBP/JPY Set To Fall! SELL! 👩🏼‍💻My Dear Friends, GBP/JPY looks like it will make a good move, and here are the details: BIAS: Bearish ENTRY: 166.214 TARGET: 157.156  #GBPJPY 💹Time Frame : 12H (forecast) 💁🏼‍♀️;157.156
NAS100USD What Next? BUY! 👩🏼‍💻My Dear Friends, I analysed this chart, and concluded the following: BIAS: Bullish ENTRY: 11031.3 TARGET: 11227.8 STOP LOSS: 10956.7  #NAS100USD 💹Time Frame : 1H (signal) 🍀;11227.8
XAGUSD My Opinion! BUY! 👩🏼‍💻My Dear Friends, My technical analysis on this pair is below: BIAS: Bullish ENTRY: 18.693 TARGET: 19.460  #XAGUSD 💹Time Frame : 3H (forecast) 💁🏼‍♀️;19.460
USD/CAD Will Collapse! SELL! 👩🏼‍💻My Dear Friends, I was thinking about USD/CAD and my conclusion is this: BIAS: Bearish ENTRY: 1.37334 TARGET: 1.34694  #USDCAD 💹Time Frame : 7H (forecast) 🙋🏼‍♀️;1.34694
NZD/CAD The Target Is DOWN! SELL! 👩🏼‍💻My Dear Friends, We are all watching NZD/CAD right now, so here is my idea: BIAS: Bearish ENTRY: 1.2345 TARGET: 1.2345  #NZDCAD 💹Time Frame : 8H (signal) 🍀;1.2345
USD/CHF Buyers In Panic! SELL! 👩🏼‍💻My Dear Friends, The demand is clearly higher than supply here, therefore: BIAS: Bearish ENTRY: 0.99658 TARGET: 0.96515  #USDCHF 💹Time Frame : 11H (forecast) 💁🏼‍♀️;0.96515
DXY Under Pressure! SELL! 👩🏼‍💻My Dear Friends, This is my opinion on the DXY next move: BIAS: Bearish ENTRY: 112.068 TARGET: 109.771 STOP LOSS: 113.356  #DXY 💹Time Frame : 7H (signal) 🍀;109.771
EUR/GBP Technical Analysis! BUY! 👩🏼‍💻My Dear Friends, EUR/GBP looks like it will make a good move, and here are the details: BIAS: Bullish ENTRY: 0.87059 TARGET: 0.89857  #EURGBP 💹Time Frame : 9H (forecast) 💁🏼‍♀️;0.89857
GBP/USD A Fall Expected! SELL! 👩🏼‍💻My Dear Friends, My technical analysis on this pair is below: BIAS: Bearish ENTRY: 1.13142 TARGET: 1.08830 STOP LOSS: 1.15311  #GBPUSD 💹Time Frame : 11H (signal) 🍀;1.08830
USD/JPY Technical Analysis! SELL! 👩🏼‍💻My Dear Friends, I analysed this chart, and concluded the following: BIAS: Bearish ENTRY: 149.144 TARGET: 143.021  #USDJPY 💹Time Frame : 12H (forecast) 💁🏼‍♀️;143.021
XAUUSD Trading Opportunity! SELL! 👩🏼‍💻My Dear Friends, Here is my todays forecast on XAUUSD BIAS: Bearish ENTRY: 1629.33 TARGET: 1613.79 STOP LOSS: 1639.10  #XAUUSD 💹Time Frame : 3H (signal) 🍀;1613.79
EUR/NZD What Next? SELL! 👩🏼‍💻My Dear Friends, I was thinking about EUR/NZD and my conclusion is this: BIAS: Bearish ENTRY: 1.72585 TARGET: 1.70904  #EURNZD 💹Time Frame : 6H (forecast) 💁🏼‍♀️;1.70904
AUD/USD My Opinion! SELL! 👩🏼‍💻My Dear Friends, The demand is clearly higher than supply here, therefore: BIAS: Bearish ENTRY: 0.62582 TARGET: 0.61611  #AUDUSD 💹Time Frame : 8H (forecast) 🙋🏼‍♀️;0.61611
USD/CHF Set To Fall! SELL! 👩🏼‍💻My Dear Friends, USD/CHF looks like it will make a good move, and here are the details: BIAS: Bearish ENTRY: 1.00556 TARGET: 0.99027  #USDCHF 💹Time Frame : 9H (forecast) 🍀;0.99027
US30 Expected Growth! BUY! 👩🏼‍💻My Dear Friends, This is my opinion on the US30 next move: BIAS: Bullish ENTRY: 30344.3 TARGET: 32014.3 STOP LOSS: 29380.8  #US30 💹Time Frame : 12H (signal) 💁🏼‍♀️;32014.3
AUD/NZD Will Collapse! SELL! 👩🏼‍💻My Dear Friends, My technical analysis on this pair is below: BIAS: Bearish ENTRY: 1.10693 TARGET: 1.09808 STOP LOSS: 1.11171  #AUDNZD 💹Time Frame : 3H (signal) 🍀;1.09808
CHF/JPY Buyers In Panic! SELL! 👩🏼‍💻My Dear Friends, I was thinking about CHF/JPY and my conclusion is this: BIAS: Bullish ENTRY: 149.486 TARGET: 151.596  #CHFJPY 💹Time Frame : 6H (forecast) 💁🏼‍♀️;151.596
XAGUSD On The Rise! BUY! 👩🏼‍💻My Dear Friends, I analysed this chart, and concluded the following: BIAS: Bullish ENTRY: 18.488 TARGET: 19.426 STOP LOSS: 17.943  #XAGUSD 💹Time Frame : 9H (signal) 🙋🏼‍♀️;19.426
DXY Trading Opportunity! BUY! 👩🏼‍💻My Dear Friends, My technical analysis on this pair is below: BIAS: Bullish ENTRY: 112.663 TARGET: 115.490  #DXY 💹Time Frame : 11H (forecast) 🍀;115.490
CAD/JPY The Target Is DOWN! SELL! 👩🏼‍💻My Dear Friends, CAD/JPY looks like it will make a good move, and here are the details: BIAS: Bearish ENTRY: 109.466 TARGET: 106.507  #CADJPY 💹Time Frame : 11H (forecast) 💁🏼‍♀️;106.507
XAUUSD Massive Short! SELL! 👩🏼‍💻My Dear Friends, We are all watching XAUUSD right now, so here is my idea: BIAS: Bearish ENTRY: 1636.09 TARGET: 1615.30 STOP LOSS: 1649. 01  #XAUUSD 💹Time Frame : 3H (signal) 🍀;1615.30
GBP/AUD My Opinion! BUY! 👩🏼‍💻My Dear Friends, GBP/AUD looks like it will make a good move, and here are the details: BIAS: Bullish ENTRY: 1.2345 TARGET: 1.2345  #GBPAUD 💹Time Frame : 5H (forecast) 💁🏼‍♀️;1.2345
AUD/CHF A Fall Expected! SELL! 👩🏼‍💻My Dear Friends, This is my opinion on the AUD/CHF next move: BIAS: Bearish ENTRY: 0.63467 TARGET: 0.62101  #AUDCHF 💹Time Frame : 6H (forecast) 🙋🏼‍♀️;0.62101
TSLA Under Pressure! SELL! 👩🏼‍💻My Dear Friends, The demand is clearly higher than supply here, therefore: BIAS: Bearish ENTRY: 207.302 TARGET: 176.99 STOP LOSS: 224.35  #TSLA 💹Time Frame : 9H (signal) 🍀;176.99
EUR/USD Technical Analysis! SELL! 👩🏼‍💻My Dear Friends, EUR/USD looks like it will make a good move, and here are the details: BIAS: Bearish ENTRY: 0.98030 TARGET: 0.95527  #EURUSD 💹Time Frame : 11H (forecast) 💁🏼‍♀️;0.95527
EUR/AUD The Target Is UP! BUY! 👩🏼‍💻My Dear Friends, My technical analysis on this pair is below: BIAS: Bullish ENTRY: 1.54265 TARGET: 1.55731  #EURAUD 💹Time Frame : 3H (forecast) 🍀;1.55731
USD/CHF Will Explode! BUY! 👩🏼‍💻My Dear Friends, I analysed this chart, and concluded the following: BIAS: Bullish ENTRY: 0.99767 TARGET: 1.00782  #USDCHF 💹Time Frame : 7H (forecast) 💁🏼‍♀️;1.00782
SPX Set To Grow! BUY! 👩🏼‍💻My Dear Friends, This is my opinion on the SPX next move: BIAS: Bullish ENTRY: 3752.76 TARGET: 3980.04 STOP LOSS: 3617.90  #SPX 💹Time Frame : 8H (signal) 🙋🏼‍♀️;3980.04
EUR/USD What Next? SELL! 👩🏼‍💻My Dear Friends, Here is my todays forecast on EUR/USD BIAS: Bearish ENTRY: 0.98565 TARGET: 0.95181  #EURUSD 💹Time Frame : 9H (forecast) 🍀;0.95181
AMZN Trading Opportunity! SELL! 👩🏼‍💻My Dear Friends, I analysed this chart, and concluded the following: BIAS: Bearish ENTRY: 119.30 TARGET: 100.18 STOP LOSS: 129.98  #AMZN 💹Time Frame : 12H (signal) 💁🏼‍♀️;100.18
GBP/AUD Set To Fall! SELL! 👩🏼‍💻My Dear Friends, We are all watching GBP/AUD right now, so here is my idea: BIAS: Bearish ENTRY: 1.76738 TARGET: 1.74006 STOP LOSS: 1.78287  #GBPAUD 💹Time Frame : 3H (signal) 🍀;1.74006
XAUUSD The Target Is UP! BUY! 👩🏼‍💻My Dear Friends, Here is my todays forecast on XAUUSD BIAS: Bullish ENTRY: 1656.21 TARGET: 1720.54  #XAUUSD 💹Time Frame : 9H (forecast) 💁🏼‍♀️;1720.54
NAS100 My Opinion! SELL! 👩🏼‍💻My Dear Friends, I was thinking about NAS100 and my conclusion is this: BIAS: Bearish ENTRY: 11333.25 TARGET: 10500.15  #NAS100 💹Time Frame : 11H (forecast) 🙋🏼‍♀️;10500.15
USD/CAD Sellers In Panic! BUY! 👩🏼‍💻My Dear Friends, I was thinking about USD/CAD and my conclusion is this: BIAS: Bullish ENTRY: 1.36441 TARGET: 1.40403  #USDCAD 💹Time Frame : 12H (forecast) 🍀;1.40403
CAD/JPY Will Collapse! SELL! 👩🏼‍💻My Dear Friends, The demand is clearly higher than supply here, therefore: BIAS: Bearish ENTRY: 108.160 TARGET: 106.051 STOP LOSS: 109.332  #CADJPY 💹Time Frame : 12H (signal) 💁🏼‍♀️;106.051
SPY Massive Long! BUY! 👩🏼‍💻My Dear Friends, We are all watching SPY right now, so here is my idea: BIAS: Bullish ENTRY: 374.30 TARGET: 386.36 STOP LOSS: 367.09  #SPY 💹Time Frame : 4H (signal) 🍀;386.36
EUR/USD Buyers In Panic! SELL! 👩🏼‍💻My Dear Friends, This is my opinion on the EUR/USD next move: BIAS: Bearish ENTRY: 0.98379 TARGET: 0.96534  #EURUSD 💹Time Frame : 6H (forecast) 💁🏼‍♀️;0.96534
USD/CHF Expected Growth! BUY! 👩🏼‍💻My Dear Friends, I analysed this chart, and concluded the following: BIAS: Bullish ENTRY: 1.00169 TARGET: 1.02532  #USDCHF 💹Time Frame : 7H (forecast) 🙋🏼‍♀️;1.02532
US30 The Target Is DOWN! SELL! 👩🏼‍💻My Dear Friends, US30 looks like it will make a good move, and here are the details: BIAS: Bearish ENTRY: 31328.70 TARGET: 28615.18  #US30 💹Time Frame : 12H (forecast) 🍀;28615.18
CAD/CHF Technical Analysis! BUY! 👩🏼‍💻My Dear Friends, This is my opinion on the CAD/CHF next move: BIAS: Bullish ENTRY: 0.72979 TARGET: 0.73872 STOP LOSS: 0.72497  #CADCHF 💹Time Frame : 12H (signal) 💁🏼‍♀️;0.73872
XAUUSD A Fall Expected! SELL! 👩🏼‍💻My Dear Friends, I analysed this chart, and concluded the following: BIAS: Bearish ENTRY: 1658.89 TARGET: 1610.01  #XAUUSD 💹Time Frame : 3H (forecast) 🍀;1610.01
AUD/USD What Next? SELL! 👩🏼‍💻My Dear Friends, We are all watching AUD/USD right now, so here is my idea: BIAS: Bearish ENTRY: 0.63885 TARGET: 0.60913  #AUDUSD 💹Time Frame : 7H (forecast) 💁🏼‍♀️;0.60913
EUR/JPY Trading Opportunity! SELL! 👩🏼‍💻My Dear Friends, Here is my todays forecast on EUR/JPY BIAS: Bearish ENTRY: 147.214 TARGET: 143.002 STOP LOSS: 149.508  #EURJPY 💹Time Frame : 8H (signal) 🙋🏼‍♀️;143.002
DXY On The Rise! BUY! 👩🏼‍💻My Dear Friends, My technical analysis on this pair is below: BIAS: Bullish ENTRY: 111.099 TARGET: 113.519  #DXY 💹Time Frame : 9H (forecast) 🍀;113.519
EUR/CHF Trading Opportunity! BUY! 👩🏼‍💻My Dear Friends, Here is my todays forecast on EUR/CHF BIAS: Bullish ENTRY: 0.99062 TARGET: 1.01010 STOP LOSS: 0.97968  #EURCHF 💹Time Frame : 12H (signal) 💁🏼‍♀️;1.01010
EUR/USD Set To Fall! SELL! 👩🏼‍💻My Dear Friends, EUR/USD looks like it will make a good move, and here are the details: BIAS: Bearish ENTRY: 1.00221 TARGET: 0.98813 STOP LOSS: 1.01105  #EURUSD 💹Time Frame : 5H (signal) 🍀;0.98813
USD/CAD My Opinion! BUY! 👩🏼‍💻My Dear Friends, We are all watching USD/CAD right now, so here is my idea: BIAS: Bullish ENTRY: 1.36278 TARGET: 1.38393  #USDCAD 💹Time Frame : 8H (forecast) 💁🏼‍♀️;1.38393
NAS100USD My Opinion! SELL! 👩🏼‍💻My Dear Friends, The demand is clearly higher than supply here, therefore: BIAS: Bearish ENTRY: 11503.6 TARGET: 10709.8  #NAS100USD 💹Time Frame : 9H (forecast) 🙋🏼‍♀️;10709.8
USD/JPY Will Collapse! SELL! 👩🏼‍💻My Dear Friends, This is my opinion on the USD/JPY next move: BIAS: Bearish ENTRY: 146.710 TARGET: 143.526  #USDJPY 💹Time Frame : 9H (forecast) 🍀;143.526
SPY What Next? BUY! 👩🏼‍💻My Dear Friends, I was thinking about SPY and my conclusion is this: BIAS: Bullish ENTRY: 383.33 TARGET: 410.79 STOP LOSS: 367.66  #SPY 💹Time Frame : 11H (signal) 💁🏼‍♀️;410.79
GBP/USD Will Explode! BUY! 👩🏼‍💻My Dear Friends, GBP/USD looks like it will make a good move, and here are the details: BIAS: Bullish ENTRY: 1.15963 TARGET: 1.17584 STOP LOSS: 1.15277  #GBPUSD 💹Time Frame : 1H (signal) 🍀;1.17584
USD/CHF Set To Grow! BUY! 👩🏼‍💻My Dear Friends, The demand is clearly higher than supply here, therefore: BIAS: Bullish ENTRY: 0.98762 TARGET: 1.01504  #USDCHF 💹Time Frame : 5H (forecast) 💁🏼‍♀️;1.01504
DXY Buyers In Panic! SELL! 👩🏼‍💻My Dear Friends, My technical analysis on this pair is below: BIAS: Bearish ENTRY: 109.959 TARGET: 108.195 STOP LOSS: 110.924  #DXY 💹Time Frame : 8H (signal) 🙋🏼‍♀️;108.195
CAD/CHF Massive Short! SELL! 👩🏼‍💻My Dear Friends, Here is my todays forecast on CAD/CHF BIAS: Bearish ENTRY: 0.73092 TARGET: 0.71905  #CADCHF 💹Time Frame : 11H (forecast) 🍀;0.71905
XAUUSD The Target Is DOWN! SELL! 👩🏼‍💻My Dear Friends, I analysed this chart, and concluded the following: BIAS: Bearish ENTRY: 1661.19 TARGET: 1562.80  #XAUUSD 💹Time Frame : 12H (forecast) 💁🏼‍♀️;1562.80
EUR/USD Trading Opportunity! SELL! 👩🏼‍💻My Dear Friends, EUR/USD looks like it will make a good move, and here are the details: BIAS: Bearish ENTRY: 0.99540 TARGET: 0.98316 STOP LOSS: 1.00064  #EURUSD 💹Time Frame : 4H (signal) 🍀;0.98316
SPX Technical Analysis! SELL! 👩🏼‍💻My Dear Friends, We are all watching SPX right now, so here is my idea: BIAS: Bearish ENTRY: 3859.05 TARGET: 3488.11  #SPX 💹Time Frame : 6H (forecast) 💁🏼‍♀️;3488.11
AAPL Under Pressure! SELL! 👩🏼‍💻My Dear Friends, I was thinking about AAPL and my conclusion is this: BIAS: Bearish ENTRY: 155.10 TARGET: 130.20  #AAPl 💹Time Frame : 7H (forecast) 🙋🏼‍♀️;130.20
EUR/CHF A Fall Expected! SELL! 👩🏼‍💻My Dear Friends, The demand is clearly higher than supply here, therefore: BIAS: Bearish ENTRY: 0.99171 TARGET: 0.97914 STOP LOSS: 0.99973  #EURCHF 💹Time Frame : 11H (signal) 🍀;0.97914
CAD/JPY What Next? SELL! 👩🏼‍💻My Dear Friends, This is my opinion on the CAD/JPY next move: BIAS: Bearish ENTRY: 108.361 TARGET: 105.164  #CADJPY 💹Time Frame : 12H (forecast) 💁🏼‍♀️;105.164
AUD/USD Will Collapse! SELL! 👩🏼‍💻My Dear Friends, I was thinking about AUD/USD and my conclusion is this: BIAS: Bearish ENTRY: 0.64112 TARGET: 0.62010  #AUDUSD 💹Time Frame : 3H (forecast) 🍀;0.62010
GBP/USD The Target Is UP! BUY! 👩🏼‍💻My Dear Friends, This is my opinion on the GBP/USD next move: BIAS: Bullish ENTRY: 1.16137 TARGET: 1.17988 STOP LOSS: 1.15078  #GBPUSD 💹Time Frame : 3H (signal) 💁🏼‍♀️;1.17988
XAUUSD My Opinion! SELL! 👩🏼‍💻My Dear Friends, My technical analysis on this pair is below: BIAS: Bearish ENTRY: 1644.99 TARGET: 1620.02 STOP LOSS: 1659.17  #XAUUSD 💹Time Frame : 4H (signal) 🙋🏼‍♀️;1620.02
DXY Set To Fall! SELL! 👩🏼‍💻My Dear Friends, Here is my todays forecast on DXY BIAS: Bearish ENTRY: 110.668 TARGET: 109.004 STOP LOSS: 111.595  #DXY 💹Time Frame : 8H (signal) 🍀;109.004
USD/CHF The Target Is DOWN! SELL! 👩🏼‍💻My Dear Friends, We are all watching USD/CHF right now, so here is my idea: BIAS: Bearish ENTRY: 0.99562 TARGET: 0.97519  #USDCHF 💹Time Frame : 11H (forecast) 💁🏼‍♀️;0.97519
NAS100 Sellers In Panic! BUY! 👩🏼‍💻My Dear Friends, I analysed this chart, and concluded the following: BIAS: Bullish ENTRY: 11576.7 TARGET: 11883.8 STOP LOSS: 11400.4  #NAS100 💹Time Frame : 3H (signal) 🍀;11883.8
EUR/USD Technical Analysis! BUY! 👩🏼‍💻My Dear Friends, Here is my todays forecast on EUR/USD BIAS: Bullish ENTRY: 0.99661 TARGET: 1.00553 STOP LOSS: 0.99152  #EURUSD 💹Time Frame : 3H (signal) 💁🏼‍♀️;1.00553
TSLA Massive Long! BUY! 👩🏼‍💻My Dear Friends, My technical analysis on this pair is below: BIAS: Bullish ENTRY: 228.49 TARGET: 277.03  #TSLA 💹Time Frame : 5H (forecast) 🙋🏼‍♀️;277.03
EUR/JPY Buyers In Panic! SELL! 👩🏼‍💻My Dear Friends, The demand is clearly higher than supply here, therefore: BIAS: Bearish ENTRY: 146.839 TARGET: 143.049  #EURJPY 💹Time Frame : 6H (forecast) 🍀;143.049
EUR/AUD Massive Short! SELL! 👩🏼‍💻My Dear Friends, EUR/AUD looks like it will make a good move, and here are the details: BIAS: Bearish ENTRY: 1.55305 TARGET: 1.50001  #EURAUD 💹Time Frame : 12H (forecast) 💁🏼‍♀️;1.50001
GBP/CHF Trading Opportunity! BUY! 👩🏼‍💻My Dear Friends, The demand is clearly higher than supply here, therefore: BIAS: Bullish ENTRY: 1.15317 TARGET: 1.16108  #GBPCHF 💹Time Frame : 1H (forecast) 🍀;1.16108
SPY Under Pressure! SELL! 👩🏼‍💻My Dear Friends, This is my opinion on the SPY next move: BIAS: Bearish ENTRY: 389.05 TARGET: 379.99  #SPY 💹Time Frame : 2H (forecast) 💁🏼‍♀️;379.99
AUD/USD What Next? BUY! 👩🏼‍💻My Dear Friends, USD/USD looks like it will make a good move, and here are the details: BIAS: Bullish ENTRY: 0.63847 TARGET:0.65508  #AUDUSD 💹Time Frame : 7H (forecast) 🙋🏼‍♀️;0.65508
CAD/CHF On The Rise! BUY! 👩🏼‍💻My Dear Friends, We are all watching CAD/CHF right now, so here is my idea: BIAS: Bullish ENTRY: 0.73181 TARGET: 0.73900 STOP LOSS: 0.72784  #CADCHF 💹Time Frame : 11H (signal) 🍀;0.73900
XAUUSD Expected Growth! BUY! 👩🏼‍💻My Dear Friends, I was thinking about XAUUSD and my conclusion is this: BIAS: Bullish ENTRY: 1641.08 TARGET: 1663.47 STOP LOSS: 1627.58  #XAUUSD 💹Time Frame : 11H (signal) 💁🏼‍♀️;1663.47
NZD/CHF Trading Opportunity! SELL! 👩🏼‍💻My Dear Friends, Here is my todays forecast on NZD/CHF BIAS: Bearish ENTRY: 0.58391 TARGET: 0.57574  #NZDCHF 💹Time Frame : 4H (forecast) 🍀;0.57574
USD/CHF My Opinion! BUY! 👩🏼‍💻My Dear Friends, This is my opinion on the USD/CHF next move: BIAS: Bullish ENTRY: 0.99260 TARGET: 1.01606  #USDCHF 💹Time Frame : 5H (forecast) 💁🏼‍♀️;1.01606
GBP/USD What Next? SELL! 👩🏼‍💻My Dear Friends, I was thinking about GBP/USD and my conclusion is this: BIAS: Bearish ENTRY: 1.15475 TARGET: 1.10023  #GBPUSD 💹Time Frame : 11H (forecast) 🍀;1.10023
XAUUSD Under Pressure! SELL! 👩🏼‍💻My Dear Friends, This is my opinion on the XAUUSD next move: BIAS: Bearish ENTRY: 1649.16 TARGET: 1643.32 STOP LOSS: 1653.68  #XAUUSD 💹Time Frame : 1H (signal) 🍀;1643.32
GBP/CHF What Next? SELL! 👩🏼‍💻My Dear Friends, The demand is clearly higher than supply here, therefore: BIAS: Bearish ENTRY: 1.14530 TARGET: 1.13609  #GBPCHF 💹Time Frame : 3H (forecast) 💁🏼‍♀️;1.13609
TSLA Technical Analysis! SELL! 👩🏼‍💻My Dear Friends, I analysed this chart, and concluded the following: BIAS: Bearish ENTRY: 225.11 TARGET: 190.82 STOP LOSS: 243.76  #TSLA 💹Time Frame : 5H (signal) 🙋🏼‍♀️;190.82
EUR/NZD Technical Analysis! BUY! 👩🏼‍💻My Dear Friends, This is my opinion on the EUR/NZD next move: BIAS: Bullish ENTRY: 1.68455 TARGET: 1.70342  #EURNZD 💹Time Frame : 6H (forecast) 🍀;1.70342
NZD/USD Will Collapse! SELL! 👩🏼‍💻My Dear Friends, NZD/USD looks like it will make a good move, and here are the details: BIAS: Bearish ENTRY: 0.58666 TARGET: 0.55004  #NZDUSD 💹Time Frame : 12H (forecast) 💁🏼‍♀️;0.55004
EUR/GBP Massive Short! SELL! 👩🏼‍💻My Dear Friends, I was thinking about EUR/GBP and my conclusion is this: BIAS: Bearish ENTRY: 0.87172 TARGET: 0.85416  #EURGBP 💹Time Frame : 7H (forecast) 🍀;0.85416
DXY The Target Is DOWN! SELL! 👩🏼‍💻My Dear Friends, My technical analysis on this pair is below: BIAS: Bearish ENTRY: 119.929 TARGET: 110.509  #DXY 💹Time Frame : 9H (forecast) 💁🏼‍♀️;110.509
USD/CAD Under Pressure! SELL! 👩🏼‍💻My Dear Friends, We are all watching USD/CAD right now, so here is my idea: BIAS: Bearish ENTRY: 1.37540 TARGET: 1.35553 STOP LOSS: 1.38808  #USDCAD 💹Time Frame : 9H (signal) 🙋🏼‍♀️;1.35553
AUD/CAD Technical Analysis! BUY! 👩🏼‍💻My Dear Friends, The demand is clearly higher than supply here, therefore: BIAS: Bullish ENTRY: 0.86767 TARGET: 0.88000 STOP LOSS: 0.86072  #AUDCAD 💹Time Frame : 11H (signal) 🍀;0.88000
AAPL Buyers In Panic! SELL! 👩🏼‍💻My Dear Friends, Here is my todays forecast on AAPL BIAS: Bearish ENTRY: 140.26 TARGET: 120.19  #AAPL 💹Time Frame : 12H (forecast) 💁🏼‍♀️;120.19
NAS100 Trading Opportunity! SELL! 👩🏼‍💻My Dear Friends, This is my opinion on the NAS100 next move: BIAS: Bearish ENTRY: 10892.58 TARGET: 10506.96 STOP LOSS: 11134.13  #NAS100 💹Time Frame : 3H (signal) 🍀;10506.96
XAUUSD What Next? SELL! 👩🏼‍💻My Dear Friends, I analysed this chart, and concluded the following: BIAS: Bearish ENTRY: 1673.30 TARGET: 1648.35  #XAUUSD 💹Time Frame : 5H (forecast) 💁🏼‍♀️;1648.35
GBP/CAD Expected Growth! BUY! 👩🏼‍💻My Dear Friends, GBP/CAD looks like it will make a good move, and here are the details: BIAS: Bullish ENTRY: 1.52860 TARGET: 1.58000  #GBPCAD 💹Time Frame : 9H (forecast) 🙋🏼‍♀️;1.58000
AUD/USD Technical Analysis! SELL! 👩🏼‍💻My Dear Friends, The demand is clearly higher than supply here, therefore: BIAS: Bearish ENTRY: 0.64665 TARGET: 0.63044 STOP LOSS: 0.65543  #AUDUSD 💹Time Frame : 11H (signal) 🍀;0.63044
GBP/CHF A Fall Expected! SELL! 👩🏼‍💻My Dear Friends, GBP/CHF looks like it will make a good move, and here are the details: BIAS: Bearish ENTRY: 1.12619 TARGET: 1.10039 STOP LOSS: 1.14177  #GBPCHF 💹Time Frame : 12H (signal) 💁🏼‍♀️;1.10039
AUD/CHF My Opinion! SELL! 👩🏼‍💻My Dear Friends, My technical analysis on this pair is below: BIAS: Bearish ENTRY: 0.64296 TARGET: 0.63824  #AUDCHF 💹Time Frame : 4H (forecast) 🍀;0.63824
GBP/JPY What Next? BUY! 👩🏼‍💻My Dear Friends, My technical analysis on this pair is below: BIAS: Bullish ENTRY: 166.733 TARGET: 170.090 STOP LOSS: 164.882  #GBPJPY 💹Time Frame : 7H (signal) 💁🏼‍♀️;170.090
GBP/USD Set To Fall! SELL! 👩🏼‍💻My Dear Friends, GBP/USD looks like it will make a good move, and here are the details: BIAS: Bearish ENTRY: 1.13728 TARGET: 1.12075 STOP LOSS: 1.14657  #GBPUSD 💹Time Frame : 8H (signal) 🙋🏼‍♀️;1.12075
AAPL On The Rise! BUY! 👩🏼‍💻My Dear Friends, This is my opinion on the AAPL next move: BIAS: Bullish ENTRY: 138.36 TARGET: 150.19  #AAPL 💹Time Frame : 11H (forecast) 🍀;150.19
US100 Trading Opportunity! BUY! 👩🏼‍💻My Dear Friends, I analysed this chart, and concluded the following: BIAS: Bullish ENTRY: 10832.5 TARGET: 11409.8  #AUS100 💹Time Frame : 12H (forecast) 💁🏼‍♀️;11409.8
GBP/JPY Will Collapse! SELL! 👩🏼‍💻My Dear Friends, This is my opinion on the GBP/JPY next move: BIAS: Bearish ENTRY: 166.733 TARGET: 166.000 STOP LOSS: 167.154  #GBPJPY 💹Time Frame : 1H (signal) 🍀;166.000
XAUUSD Technical Analysis! BUY! 👩🏼‍💻My Dear Friends, Here is my todays forecast on XAUUSD BIAS: Bullish ENTRY: 1680.59 TARGET: 1700.51  #XAUUSD 💹Time Frame : 7H (forecast) 💁🏼‍♀️;1700.51
EUR/USD The Target Is UP! BUY! 👩🏼‍💻My Dear Friends, I was thinking about EUR-USD and my conclusion is this: BIAS: Bullish ENTRY: 0.99578 TARGET: 1.01007 STOP LOSS: 0.98766  #EURUSD 💹Time Frame : 8H (signal) 🙋🏼‍♀️;1.01007
SPX Sellers In Panic! BUY! 👩🏼‍💻My Dear Friends, My technical analysis on this pair is below: BIAS: Bearish ENTRY: 3770.56 TARGET: 3920.07  #SPX 💹Time Frame : 11H (forecast) 🍀;3920.07
NZD/USD Massive Long! BUY! 👩🏼‍💻My Dear Friends, I was thinking about EUR-USD and my conclusion is this: BIAS: Bullish ENTRY: 0.59282 TARGET: 0.60427  #NZDUSD 💹Time Frame : 12H (forecast) 💁🏼‍♀️;0.60427
EUR/AUD The Target Is DOWN! SELL! 👩🏼‍💻My Dear Friends, I analysed this chart, and concluded the following: BIAS: Bearish ENTRY: 1.54316 TARGET: 1.53200 STOP LOSS: 1.54838  #EURAUD 💹Time Frame : 3H (signal) 🍀;1.53200
GBP/CHF Expected Growth! BUY! 👩🏼‍💻My Dear Friends, I was thinking about GBP/CHF and my conclusion is this: BIAS: Bullish ENTRY: 1.13340 TARGET: 1.14101  #GBPCHF 💹Time Frame : 4H (forecast) 💁🏼‍♀️;1.14101
SPY Massive Short! SELL! 👩🏼‍💻My Dear Friends, Here is my todays forecast on SPY BIAS: Bearish ENTRY: 376.35 TARGET: 355.20  #SPY 💹Time Frame : 5H (forecast) 🙋🏼‍♀️;355.20
ES1! Buyers In Panic! SELL! 👩🏼‍💻My Dear Friends, My technical analysis on this pair is below: BIAS: Bearish ENTRY: 3788.00 TARGET: 3511.00  #ES1 ! 💹Time Frame : 11H (forecast) 🍀;3511.00
USD/JPY On The Rise! BUY! 👩🏼‍💻My Dear Friends, We are all watching USD/JPY right now, so here is my idea: BIAS: Bullish ENTRY: 146.460 TARGET: 149.204 STOP LOSS: 144.644  #USDJPY 💹Time Frame : 12H (signal) 💁🏼‍♀️;149.204
GBP/JPY Under Pressure! SELL! 👩🏼‍💻My Dear Friends, I was thinking about GBP/JPY and my conclusion is this: BIAS: Bearish ENTRY: 167.617 TARGET: 165.420  #GBPJPY 💹Time Frame : 3H (forecast) 🍀;165.420
AUD/USD Technical Analysis! SELL! 👩🏼‍💻My Dear Friends, We are all watching AUD/USD right now, so here is my idea: BIAS: Bearish ENTRY: 0.64765 TARGET: 0.63325  #AUDUSD 💹Time Frame : 6H (forecast) 💁🏼‍♀️;0.63325
NZD/CAD A Fall Expected! SELL! 👩🏼‍💻My Dear Friends, NZD/CAD looks like it will make a good move, and here are the details: BIAS: Bearish ENTRY: 0.80116 TARGET: 0.77506  #NZDCAD 💹Time Frame : 8H (forecast) 🙋🏼‍♀️;0.77506
DXY Will Explode! BUY! 👩🏼‍💻My Dear Friends, I analysed this chart, and concluded the following: BIAS: Bullish ENTRY: 110.297 TARGET: 112.012 STOP LOSS: 109.307  #DXY 💹Time Frame : 9H (signal) 🍀;112.012
XAUUSD Set To Grow! BUY! 👩🏼‍💻My Dear Friends, This is my opinion on the EUR-USD next move: BIAS: Bullish ENTRY: 1675.88 TARGET: 1720.27 STOP LOSS: 1654.20  #XAUUSD 💹Time Frame : 12H (signal) 💁🏼‍♀️;1720.27
NZD/USD Trading Opportunity! SELL! 👩🏼‍💻My Dear Friends, This is my opinion on the NZD/USD next move: BIAS: Bearish ENTRY: 0.59009 TARGET: 0.58586  #NZDUSD 💹Time Frame : 2H (forecast) 🍀;0.58586
EUR/GBP Technical Analysis! BUY! 👩🏼‍💻My Dear Friends, We are all watching EUR/GBP right now, so here is my idea: BIAS: Bullish ENTRY: 0.88065 TARGET: 0.88739 STOP LOSS: 0.87672  #EURGBP 💹Time Frame : 2H (signal) 💁🏼‍♀️;0.88739
XAGUSD The Target Is UP! BUY! 👩🏼‍💻My Dear Friends, My technical analysis on this pair is below: BIAS: Bullish ENTRY: 21.284 TARGET: 22.026  #XAGUSD 💹Time Frame : 3H (forecast) 🙋🏼‍♀️;22.026
USD/JPY Massive Long! BUY! 👩🏼‍💻My Dear Friends, I was thinking about USD/JPY and my conclusion is this: BIAS: Bullish ENTRY: 146.161 TARGET: 150.000  #USDJPY 💹Time Frame : 11H (forecast) 🍀;150.000
NAS100 Sellers In Panic! BUY! 👩🏼‍💻My Dear Friends, Here is my todays forecast on NAS100 BIAS: Bullish ENTRY: 10931.23 TARGET: 11437.80 STOP LOSS: 10648.23  #NAS100 💹Time Frame : 12H (signal) 💁🏼‍♀️;11437.80
NAS100USD Expected Growth! BUY! 👩🏼‍💻My Dear Friends, The demand is clearly higher than supply here, therefore: BIAS: Bullish ENTRY: 10839.5 TARGET: 11015.1  #NAS100USD 💹Time Frame : 3H (forecast) 🍀;11015.1
GBP/CHF Will Collapse! SELL! 👩🏼‍💻My Dear Friends, I was thinking about GBP/CHF and my conclusion is this: BIAS: Bearish ENTRY: 1.12605 TARGET: 1.10501  #GBPCHF 💹Time Frame : 11H (forecast) 💁🏼‍♀️;1.10501
NZD/JPY My Opinion! SELL! 👩🏼‍💻My Dear Friends, My technical analysis on this pair is below: BIAS: Bearish ENTRY: 85.570 TARGET: 83.111 STOP LOSS: 87.033  #NZDJPY 💹Time Frame : 12H (signal) 🍀;83.111
EUR/CHF What Next? SELL! 👩🏼‍💻My Dear Friends, I analysed this chart, and concluded the following: BIAS: Bearish ENTRY: 0.98347 TARGET: 0.97997 STOP LOSS: 0.99182  #EURCHF 💹Time Frame : 12H (signal) 💁🏼‍♀️;0.97997
USD/CHF Massive Short! SELL! 👩🏼‍💻My Dear Friends, USD/CHF looks like it will make a good move, and here are the details: BIAS: Bearish ENTRY: 0.94973 TARGET: 0.93429  #USDCHF 💹Time Frame : 1H (forecast) 🍀;0.93429
NFLX On The Rise! BUY! 👩🏼‍💻My Dear Friends, NFLX looks like it will make a good move, and here are the details: BIAS: Bullish ENTRY: 275.04 TARGET: 290.54  #NFLX 💹Time Frame : 3H (forecast) 💁🏼‍♀️;290.54
USD/CAD The Target Is DOWN! SELL! 👩🏼‍💻My Dear Friends, We are all watching USD/CAD right now, so here is my idea: BIAS: Bearish ENTRY: 1.32838 TARGET: 1.31031 STOP LOSS: 1.33983  #USDCAD 💹Time Frame : 3H (signal) 💁🏼‍♀️;1.31031
GBP/JPY Buyers In Panic! SELL! 👩🏼‍💻My Dear Friends, The demand is clearly higher than supply here, therefore: BIAS: Bearish ENTRY: 164.170 TARGET: 161.008 STOP LOSS: 166.240  #GBPJPY 💹Time Frame : 5H (signal) 🍀;161.008
GBP/CHF Will Collapse! SELL! 👩🏼‍💻My Dear Friends, I was thinking about GBP/CHF and my conclusion is this: BIAS: Bearish ENTRY: 1.12605 TARGET: 1.10501  #GBPCHF 💹Time Frame : 11H (forecast) 💁🏼‍♀️;1.10501
XAUUSD Technical Analysis! SELL! 👩🏼‍💻My Dear Friends, I analysed this chart, and concluded the following: BIAS: Bullish ENTRY: 1770.23 TARGET: 1731.48 STOP LOSS: 1792.70  #XAUUSD 💹Time Frame : 2H (signal) 🍀;1731.48
EUR/USD A Fall Expected! SELL! 👩🏼‍💻My Dear Friends, My technical analysis on this pair is below: BIAS: Bearish ENTRY: 1.03521 TARGET: 1.02206  #EURUSD 💹Time Frame : 2H (forecast) 💁🏼‍♀️;1.02206
EUR/CAD Trading Opportunity! SELL! 👩🏼‍💻My Dear Friends, My technical analysis on this pair is below: BIAS: Bearish ENTRY: 1.37140 TARGET: 1.36000 STOP LOSS: 1.37786  #EURCAD 💹Time Frame : 3H (signal) 🙋🏼‍♀️;1.36000
NZD/USD Technical Analysis! SELL! 👩🏼‍💻My Dear Friends, We are all watching NZD/USD right now, so here is my idea: BIAS: Bearish ENTRY: 1.61175 TARGET: 1.60033  #NZDUSD 💹Time Frame : 4H (forecast) 🍀;1.60033
USD/CHF What Next? BUY! 👩🏼‍💻My Dear Friends, I was thinking about USD/CHF and my conclusion is this: BIAS: Bullish ENTRY: 0.94101 TARGET: 0.95384 STOP LOSS: 0.93388  #USDCHF 💹Time Frame : 1H (signal) 🍀;0.95384
CAD/CHF On The Rise! BUY! 👩🏼‍💻My Dear Friends, I analysed this chart, and concluded the following: BIAS: Bullish ENTRY: 0.71004 TARGET: 0.71630  #CADCHF 💹Time Frame : 3H (forecast) 💁🏼‍♀️;0.71630
SPY Buyers In Panic! SELL! 👩🏼‍💻My Dear Friends, SPY looks like it will make a good move, and here are the details: BIAS: Bearish ENTRY: 398.50 TARGET: 388.20  #SPY 💹Time Frame : 4H (forecast) 🙋🏼‍♀️;388.20
USD/JPY Trading Opportunity! BUY! 👩🏼‍💻My Dear Friends, My technical analysis on this pair is below: BIAS: Bullish ENTRY: 138.751 TARGET: 141.030  #USDJPY 💹Time Frame : 5H (forecast) 🍀;141.030
⏺ USOIL Expected Growth! BUY! 👩🏼‍💻My Dear Friends, This is my opinion on the USOIL next move: BIAS: Bullish ENTRY: 88.910 TARGET: 93.045 STOP LOSS: 86.598  #USOIL 💹Time Frame : 12H (signal) 💁🏼‍♀️;93.045
XAUUSD Massive Short! SELL! 👩🏼‍💻My Dear Friends, This is my opinion on the XAUUSD next move: BIAS: Bearish ENTRY: 1766.72 TARGET: 1747.92 STOP LOSS: 1774.00  #XAUUSD 💹Time Frame : 1H (signal) 🍀;1747.92
EUR/JPY My Opinion! BUY! 👩🏼‍💻My Dear Friends, We are all watching EUR/JPY right now, so here is my idea: BIAS: Bullish ENTRY: 144.960 TARGET: 147.047  #EURJPY 💹Time Frame : 5H (forecast) 🙋🏼‍♀️;147.047
GBP/JPY Under Pressure! SELL! 👩🏼‍💻My Dear Friends, I analysed this chart, and concluded the following: BIAS: Bearish ENTRY: 164.940 TARGET: 161.901 STOP LOSS: 166.802  #GBPJPY 💹Time Frame : 9H (signal) 🍀;161.901
NZD/CAD Set To Grow! BUY! 👩🏼‍💻My Dear Friends, The demand is clearly higher than supply here, therefore: BIAS: Bearish ENTRY: 0.80830 TARGET: 0.82539  #NZDCAD 💹Time Frame : 11H (forecast) 💁🏼‍♀️;0.82539
XAGUSD Trading Opportunity! SELL! 👩🏼‍💻My Dear Friends, I was thinking about XAGUSD and my conclusion is this: BIAS: Bearish ENTRY: 21.718 TARGET: 21.355 STOP LOSS: 21.880  #XAGUSD 💹Time Frame : 1H (signal) 🍀;21.355
USD/CAD Will Explode! BUY! 👩🏼‍💻My Dear Friends, This is my opinion on the USD/CAD next move: BIAS: Bullish ENTRY: 1.33131 TARGET: 1.34240 STOP LOSS: 1.32343  #USDCAD 💹Time Frame : 2H (signal) 💁🏼‍♀️;1.34240
CHF/JPY The Target Is UP! BUY! 👩🏼‍💻My Dear Friends, My technical analysis on this pair is below: BIAS: Bullish ENTRY: 147.395 TARGET: 149.515  #CHFJPY 💹Time Frame : 4H (forecast) 🙋🏼‍♀️;149.515
USD/JPY What Next? SELL! 👩🏼‍💻My Dear Friends, The demand is clearly higher than supply here, therefore: BIAS: Bearish ENTRY: 139.178 TARGET: 135.090  #USDJPY 💹Time Frame : 7H (forecast) 🍀;135.090
CAD/JPY The Target Is DOWN! SELL! 👩🏼‍💻My Dear Friends, I was thinking about CAD/JPY and my conclusion is this: BIAS: Bullish ENTRY: 105.380 TARGET: 106.150  #CADJPY 💹Time Frame : 2H (forecast) 🍀;106.150
GBP/CAD Will Collapse! SELL! 👩🏼‍💻My Dear Friends, I was thinking about GBP/CAD and my conclusion is this: BIAS: Bearish ENTRY: 1.57622 TARGET: 1.55626  #GBPCAD 💹Time Frame : 3H (forecast) 💁🏼‍♀️;1.55626
XAUUSD My Opinion! SELL! 👩🏼‍💻My Dear Friends, This is my opinion on the XAUUSD next move: BIAS: Bearish ENTRY: 1780.31 TARGET: 1732.96 STOP LOSS: 1808.66  #XAUUSD 💹Time Frame : 5H (signal) 🙋🏼‍♀️;1732.96
GBP/JPY Sellers In Panic! BUY! 👩🏼‍💻My Dear Friends, Here is my todays forecast on GBP/JPY BIAS: Bullish ENTRY: 166.112 TARGET: 168.120 STOP LOSS: 165.111  #GBPJPY 💹Time Frame : 6H (signal) 🍀;168.120
AAPL Set To Fall! SELL! 👩🏼‍💻My Dear Friends, I analysed this chart, and concluded the following: BIAS: Bearish ENTRY: 150.03 TARGET: 134.04  #AAPL 💹Time Frame : 12H (forecast) 💁🏼‍♀️;134.04
NZD/USD Buyers In Panic! SELL! 👩🏼‍💻My Dear Friends, We are all watching NZD/USD right now, so here is my idea: BIAS: Bearish ENTRY: 0.60678 TARGET: 0.59949 STOP LOSS: 0.61116  #NZDUSD 💹Time Frame : 2H (signal) 🍀;0.59949
TSLA Technical Analysis! BUY! 👩🏼‍💻My Dear Friends, TSLA looks like it will make a good move, and here are the details: BIAS: Bullish ENTRY: 186.94 TARGET: 258.62  #TSLA 💹Time Frame : 7H (forecast) 💁🏼‍♀️;258.62
EUR/CHF Under Pressure! SELL! 👩🏼‍💻My Dear Friends, EUR/CHF looks like it will make a good move, and here are the details: BIAS: Bearish ENTRY: 0.98445 TARGET: 0.97534  #EURCHF 💹Time Frame : 9H (forecast) 🙋🏼‍♀️;0.97534
DXY Massive Short! SELL! 👩🏼‍💻My Dear Friends, The demand is clearly higher than supply here, therefore: BIAS: Bearish ENTRY: 106.921 TARGET: 104.013 STOP LOSS: 108.701  #DXY 💹Time Frame : 11H (signal) 🍀;104.013
EUR/NZD Massive Long! BUY! 👩🏼‍💻My Dear Friends, The demand is clearly higher than supply here, therefore: BIAS: Bullish ENTRY: 0.69828 TARGET: 0.74045  #EURNZD 💹Time Frame : 12H (forecast) 💁🏼‍♀️;0.74045
SPX500 My Opinion! BUY! 👩🏼‍💻My Dear Friends, This is my opinion on the SPX500 next move: BIAS: Bullish ENTRY: 3963.52 TARGET: 4031.39  #SPX500 💹Time Frame : 7H (forecast) 🍀;4031.39
EUR/JPY The Target Is DOWN! SELL! 👩🏼‍💻My Dear Friends, This is my opinion on the EUR/JPY next move: BIAS: Bearish ENTRY: 144.877 TARGET: 144.079  #EURJPY 💹Time Frame : 11H (forecast) 💁🏼‍♀️;144.079
XAUUSD Set To Fall! SELL! 👩🏼‍💻My Dear Friends, The demand is clearly higher than supply here, therefore: BIAS: Bearish ENTRY: 1749.67 TARGET: 1692.41 STOP LOSS: 1787.04  #XAUUSD 💹Time Frame : 12H (signal) 🍀;1692.41
EUR/NZD Buyers In Panic! SELL! 👩🏼‍💻My Dear Friends, I analysed this chart, and concluded the following: BIAS: Bearish ENTRY: 1.67691 TARGET: 1.66258 STOP LOSS: 1.68504  #EURNZD 💹Time Frame : 12H (signal) 💁🏼‍♀️;1.66258
USOIL Technical Analysis! SELL! 👩🏼‍💻My Dear Friends, I was thinking about USOIL and my conclusion is this: BIAS: Bearish ENTRY: 80.134 TARGET: 77.559 STOP LOSS: 81.630  #USOIL 💹Time Frame : 1H (signal) 🍀;77.559
NZD/USD Under Pressure! SELL! 👩🏼‍💻My Dear Friends, Here is my todays forecast on NZD/USD BIAS: Bearish ENTRY: 0.61507 TARGET: 0.61206  #NZDUSD 💹Time Frame : 2H (forecast) 💁🏼‍♀️;0.61206
EUR/CHF Will Explode! BUY! 👩🏼‍💻My Dear Friends, Here is my todays forecast on EUR/CHF BIAS: Bullish ENTRY: 0.98525 TARGET: 0.98888  #EURCHF 💹Time Frame : 2H (forecast) 🙋🏼‍♀️;0.98888
NAS100USD Set To Grow! BUY! 👩🏼‍💻My Dear Friends, I analysed this chart, and concluded the following: BIAS: Bullish ENTRY: 11678.4 TARGET: 12322.0 STOP LOSS: 11290.0  #NAS100USD 💹Time Frame : 9H (signal) 🍀;12322.0
CAD/JPY Massive Short! SELL! 👩🏼‍💻My Dear Friends, My technical analysis on this pair is below: BIAS: Bearish ENTRY: 104.818 TARGET: 102.914  #CADJPY 💹Time Frame : 12H (forecast) 💁🏼‍♀️;102.914
SPY Sellers In Panic! BUY! 👩🏼‍💻My Dear Friends, We are all watching SPY right now, so here is my idea: BIAS: Bullish ENTRY: 395.17 TARGET: 403.93  #SPY 💹Time Frame : 3H (forecast) 🍀;403.93
AUD/JPY What Next? SELL! 👩🏼‍💻My Dear Friends, AUD/JPY looks like it will make a good move, and here are the details: BIAS: Bearish ENTRY: 93.743 TARGET: 93.205  #AUDJPY 💹Time Frame : 3H (forecast) 💁🏼‍♀️;93.205
GBP/USD Trading Opportunity! SELL! 👩🏼‍💻My Dear Friends, The demand is clearly higher than supply here, therefore: BIAS: Bearish ENTRY: 1.18039 TARGET: 1.14841 STOP LOSS: 1.19907  #GBPUSD 💹Time Frame : 6H (signal) 🙋🏼‍♀️;1.14841
SPX A Fall Expected! SELL! 👩🏼‍💻My Dear Friends, We are all watching SPX right now, so here is my idea: BIAS: Bearish ENTRY: 3965.33 TARGET: 3722.80 STOP LOSS: 4104.47  #SPX 💹Time Frame : 6H (signal) 🍀;3722.80
GBP/JPY The Target Is UP! BUY! 👩🏼‍💻My Dear Friends, I was thinking about GBP/JPY and my conclusion is this: BIAS: Bullish ENTRY: 167.221 TARGET: 172.425  #GBPJPY 💹Time Frame : 12H (forecast) 💁🏼‍♀️;172.425
XAUUSD My Opinion! SELL! 👩🏼‍💻My Dear Friends, This is my opinion on the XAUUSD next move: BIAS: Bearish ENTRY: 1744.82 TARGET: 1736.09 STOP LOSS: 1749.75  #XAUUSD 💹Time Frame : 1H (signal) 🍀;1736.09
AUD/CAD Massive Long! BUY! 👩🏼‍💻My Dear Friends, The demand is clearly higher than supply here, therefore: BIAS: Bullish ENTRY: 0.88944 TARGET: 0.89615 STOP LOSS: 0.88608  #AUDCAD 💹Time Frame : 3H (signal) 💁🏼‍♀️;0.89615
EUR/CAD Technical Analysis! BUY! 👩🏼‍💻My Dear Friends, EUR/CAD looks like it will make a good move, and here are the details: BIAS: Bullish ENTRY: 1.37618 TARGET: 1.38892  #EURCAD 💹Time Frame : 5H (forecast) 🙋🏼‍♀️;1.38892
AAPL Set To Fall! SELL! 👩🏼‍💻My Dear Friends, I analysed this chart, and concluded the following: BIAS: Bearish ENTRY: 148.02 TARGET: 134.46  #AAPL 💹Time Frame : 8H (forecast) 🍀;134.46
NZD/JPY Will Collapse! SELL! 👩🏼‍💻My Dear Friends, My technical analysis on this pair is below: BIAS: Bearish ENTRY: 86.887 TARGET: 86.190  #NZDJPY 💹Time Frame : 11H (forecast) 💁🏼‍♀️;86.190
CHF/JPY The Target Is DOWN! SELL! 👩🏼‍💻My Dear Friends, Here is my todays forecast on CHF/JPY BIAS: Bearish ENTRY: 148.393 TARGET: 147.601 STOP LOSS: 148.942  #CHFJPY 💹Time Frame : 3H (signal) 🍀;147.601
AUD/NZD Expected Growth! BUY! 👩🏼‍💻My Dear Friends, This is my opinion on the AUD/NZD next move: BIAS: Bullish ENTRY: 1.07549 TARGET: 1.08556  #AUDNZD 💹Time Frame : 7H (forecast) 💁🏼‍♀️;1.08556
AUD/USD On The Rise! BUY! 👩🏼‍💻My Dear Friends, This is my opinion on the AUD/USD next move: BIAS: Bullish ENTRY: 0.66945 TARGET: 0.69194 STOP LOSS: 0.65810  #AUDUSD 💹Time Frame : 8H (signal) 🙋🏼‍♀️;0.69194
USOIL What Next? BUY! 👩🏼‍💻My Dear Friends, My technical analysis on this pair is below: BIAS: Bullish ENTRY: 77.525 TARGET: 91.910  #USOIL 💹Time Frame : 9H (forecast) 🍀;91.910
DXY Trading Opportunity! BUY! 👩🏼‍💻My Dear Friends, I analysed this chart, and concluded the following: BIAS: Bullish ENTRY: 106.600 TARGET: 111.017  #DXY 💹Time Frame : 11H (forecast) 💁🏼‍♀️;111.017
EUR/USD My Opinion! BUY! 👩🏼‍💻My Dear Friends, Here is my todays forecast on EUR/USD BIAS: Bullish ENTRY: 1.04160 TARGET: 1.05010 STOP LOSS: 1.03604  #EURUSD 💹Time Frame : 3H (signal) 🍀;1.05010
XAGUSD Set To Grow! BUY! 👩🏼‍💻My Dear Friends, I was thinking about XAGUSD and my conclusion is this: BIAS: Bullish ENTRY: 21.505 TARGET: 21.907 STOP LOSS: 21.235  #XAGUSD 💹Time Frame : 4H (signal) 💁🏼‍♀️;21.907
AAPL Buyers In Panic! SELL! 👩🏼‍💻My Dear Friends, I was thinking about AAPL and my conclusion is this: BIAS: Bearish ENTRY: 151.12 TARGET: 135.45  #AAPL 💹Time Frame : 6H (forecast) 🙋🏼‍♀️;135.45
NZD/CAD Massive Short! SELL! 👩🏼‍💻My Dear Friends, We are all watching NZD/CAD right now, so here is my idea: BIAS: Bearish ENTRY: 0.83720 TARGET: 0.82509  #NZDCAD 💹Time Frame : 7H (forecast) 🍀;0.82509
EUR/CAD Will Explode! BUY! 👩🏼‍💻My Dear Friends, We are all watching EUR/CAD right now, so here is my idea: BIAS: Bullish ENTRY: 1.39135 TARGET: 1.41010  #EURCAD 💹Time Frame : 12H (forecast) 💁🏼‍♀️;1.41010
TSLA The Target Is UP! BUY! 👩🏼‍💻My Dear Friends, The demand is clearly higher than supply here, therefore: BIAS: Bullish ENTRY: 184.30 TARGET: 237.16  #TSLA 💹Time Frame : 7H (forecast) 🍀;237.16
XAUUSD Sellers In Panic! BUY! 👩🏼‍💻My Dear Friends, XAUUSD looks like it will make a good move, and here are the details: BIAS: Bullish ENTRY: 1750.40 TARGET: 1765.13 STOP LOSS: 1741.25  #XAUUSD 💹Time Frame : 3H (signal) 💁🏼‍♀️;1765.13
CAD/JPY Technical Analysis! SELL! 👩🏼‍💻My Dear Friends, CAD/JPY looks like it will make a good move, and here are the details: BIAS: Bearish ENTRY: 104.018 TARGET: 102.052  #CADJPY 💹Time Frame : 9H (forecast) 🙋🏼‍♀️;102.052
CAD/CHF Under Pressure! SELL! 👩🏼‍💻My Dear Friends, The demand is clearly higher than supply here, therefore: BIAS: Bearish ENTRY: 0.70819 TARGET: 0.70000  #CADCHF 💹Time Frame : 11H (forecast) 🍀;0.70000
NZD/CHF Massive Long! BUY! 👩🏼‍💻My Dear Friends, This is my opinion on the NZD/CHF next move: BIAS: Bullish ENTRY: 0.59125 TARGET: 0.60294 STOP LOSS: 0.58440  #NZDCHF 💹Time Frame : 12H (signal) 💁🏼‍♀️;0.60294
GBP/AUD Expected Growth! BUY! 👩🏼‍💻My Dear Friends, I analysed this chart, and concluded the following: BIAS: Bullish ENTRY: 0.78980 TARGET: 0.80195  #GBPAUD 💹Time Frame : 4H (forecast) 🍀;0.80195
EUR/GBP On The Rise! BUY! 👩🏼‍💻My Dear Friends, My technical analysis on this pair is below: BIAS: Bullish ENTRY: 0.85930 TARGET: 0.86416  #EURGBP 💹Time Frame : 4H (forecast) 💁🏼‍♀️;0.86416
USOIL Trading Opportunity! SELL! 👩🏼‍💻My Dear Friends, I analysed this chart, and concluded the following: BIAS: Bearish ENTRY: 76.526 TARGET: 72.257 STOP LOSS: 79.089  #USOIL 💹Time Frame : 5H (signal) 🙋🏼‍♀️;72.257
GBP/JPY What Next? SELL! 👩🏼‍💻My Dear Friends, My technical analysis on this pair is below: BIAS: Bearish ENTRY: 168.210 TARGET: 166.959 STOP LOSS: 168.944  #GBPJPY 💹Time Frame : 6H (signal) 🍀;166.959
DXY Will Grow! BUY! 👩🏼‍💻My Dear Friends, Here is my todays forecast on DXY BIAS: Bullish ENTRY: 106.062 TARGET: 106.808 STOP LOSS: 105.634  #DXY 💹Time Frame : 3H (signal) 🍀;106.808
XAUUSD The Target Is UP! BUY! 👩🏼‍💻My Dear Friends, I was thinking about XAUUSD and my conclusion is this: BIAS: Bullish ENTRY: 1753.22 TARGET: 1783.98  #XAUUSD 💹Time Frame : 8H (forecast) 💁🏼‍♀️;1783.98
GBP/CAD Set To Fall! SELL! 👩🏼‍💻My Dear Friends, I was thinking about GBP/CAD and my conclusion is this: BIAS: Bearish ENTRY: 1.61674 TARGET: 1.60032  #GBPCAD 💹Time Frame : 9H (forecast) 🙋🏼‍♀️;1.60032
EUR/JPY My Opinion! SELL! 👩🏼‍💻My Dear Friends, Here is my todays forecast on EUR/JPY BIAS: Bearish ENTRY: 144.458 TARGET: 142.733 STOP LOSS: 145.433  #GBPCAD 💹Time Frame : 11H (signal) 🍀;142.733
EUR/USD Expected Growth! BUY! 👩🏼‍💻My Dear Friends, We are all watching EUR/USD right now, so here is my idea: BIAS: Bullish ENTRY: 1.03848 TARGET: 1.05567  #EURUSD 💹Time Frame : 7H (forecast) 💁🏼‍♀️;1.05567
NAS100 Massive Short! SELL! 👩🏼‍💻My Dear Friends, The demand is clearly higher than supply here, therefore: BIAS: Bearish ENTRY: 11687.92 TARGET: 11551.17 STOP LOSS: 11777.39  #NAS100 💹Time Frame : 2H (signal) 🍀;11551.17
SPY Buyers In Panic! SELL! 👩🏼‍💻My Dear Friends, We are all watching SPY right now, so here is my idea: BIAS: Bearish ENTRY: 402.45 TARGET: 392.09  #SPY 💹Time Frame : 3H (forecast) 💁🏼‍♀️;392.09
EUR/AUD Technical Analysis! SELL! 👩🏼‍💻My Dear Friends, EUR/AUD looks like it will make a good move, and here are the details: BIAS: Bearish ENTRY: 1.56300 TARGET: 1.53043  #EURAUD 💹Time Frame : 8H (forecast) 🙋🏼‍♀️;1.53043
AUD/JPY The Target Is UP! BUY! 👩🏼‍💻My Dear Friends, My technical analysis on this pair is below: BIAS: Bullish ENTRY: 92.584 TARGET: 94.980  #AUDJPY 💹Time Frame : 11H (forecast) 🍀;94.980
GBP/NZD A Fall Expected! SELL! 👩🏼‍💻My Dear Friends, This is my opinion on the GBP/NZD next move: BIAS: Bearish ENTRY: 1.94111 TARGET: 1.90982 STOP LOSS: 1.95957  #GBPNZD 💹Time Frame : 12H (signal) 💁🏼‍♀️;1.90982
USD/CHF What Next? SELL! 👩🏼‍💻My Dear Friends, My technical analysis on this pair is below: BIAS: Bearish ENTRY: 0.95206 TARGET: 0.94229 STOP LOSS: 0.95722  #USDCHF 💹Time Frame : 5H (signal) 🍀;0.94229
GBP/USD My Opinion! SELL! 👩🏼‍💻My Dear Friends, Here is my todays forecast on GBP/USD BIAS: Bearish ENTRY: 1.19829 TARGET: 1.18057  #GBPUSD 💹Time Frame : 7H (forecast) 🙋🏼‍♀️;1.18057
NZD/CHF Trading Opportunity! SELL! 👩🏼‍💻My Dear Friends, I analysed this chart, and concluded the following: BIAS: Bearish ENTRY: 0.59253 TARGET: 0.58183  #NZDCHF 💹Time Frame : 10H (forecast) 🍀;0.58183
XAUUSD Sellers In Panic! BUY! 👩🏼‍💻My Dear Friends, Here is my todays forecast on XAUUSD BIAS: Bullish ENTRY: 1753.30 TARGET: 1813.94 STOP LOSS: 1719.82  #XAUUSD 💹Time Frame : 12H (signal) 💁🏼‍♀️;1813.94
AUD/CAD My Opinion! SELL! 👩🏼‍💻My Dear Friends, The demand is clearly higher than supply here, therefore: BIAS: Bearish ENTRY: 0.91086 TARGET: 0.90500  #AUDCAD 💹Time Frame : 3H (forecast) 🍀;0.90500
SPY What Next? SELL! 👩🏼‍💻My Dear Friends, We are all watching SPY right now, so here is my idea: BIAS: Bearish ENTRY: 395.26 TARGET: 356.35  #SPY 💹Time Frame : 10H (forecast) 💁🏼‍♀️;356.35
SPX500 Technical Analysis! BUY! 👩🏼‍💻My Dear Friends, We are all watching SPX500 right now, so here is my idea: BIAS: Bullish ENTRY: 3962.10 TARGET: 4102.85 STOP LOSS: 3882.72  #SPX500 💹Time Frame : 11H (signal) 🙋🏼‍♀️;4102.85
GBP/NZD Set To Fall! SELL! 👩🏼‍💻My Dear Friends, GBP/NZD looks like it will make a good move, and here are the details: BIAS: Bearish ENTRY: 1.92399 TARGET: 1.89923 STOP LOSS: 1.93680  #GBPNZD 💹Time Frame : 12H (signal) 🍀;1.89923
USD/CAD Massive Long! BUY! 👩🏼‍💻My Dear Friends, I was thinking about USD/CAD and my conclusion is this: BIAS: Bullish ENTRY: 1.35247 TARGET: 1.37932  #USDCAD 💹Time Frame : 12H (forecast) 💁🏼‍♀️;1.37932
NAS100USD Expected Growth! BUY! 👩🏼‍💻My Dear Friends, The demand is clearly higher than supply here, therefore: BIAS: Bullish ENTRY: 12050.5 TARGET: 12205.2  #NAS100USD 💹Time Frame : 1H (forecast) 🍀;12205.2
XAUUSD Will Collapse! SELL! 👩🏼‍💻My Dear Friends, This is my opinion on the XAUUSD next move: BIAS: Bearish ENTRY: 1798.52 TARGET: 1740.05  #XAUUSD 💹Time Frame : 8H (forecast) 💁🏼‍♀️;1740.05
USD/JPY Buyers In Panic! SELL! 👩🏼‍💻My Dear Friends, We are all watching USD/JPY right now, so here is my idea: BIAS: Bearish ENTRY: 135.600 TARGET: 132.331 STOP LOSS: 137.809  #USDJPY 💹Time Frame : 8H (signal) 🙋🏼‍♀️;132.331
GBP/JPY The Target Is DOWN! SELL! 👩🏼‍💻My Dear Friends, I analysed this chart, and concluded the following: BIAS: Bearish ENTRY: 167.019 TARGET: 163.525  #GBPJPY 💹Time Frame : 9H (forecast) 🍀;163.525
EUR/USD On The Rise! BUY! 👩🏼‍💻My Dear Friends, EUR/USD looks like it will make a good move, and here are the details: BIAS: Bullish ENTRY: 1.05246 TARGET: 1.09019 STOP LOSS: 1.03051  #EURUSD 💹Time Frame : 12H (signal) 💁🏼‍♀️;1.09019
AUD/USD Set To Grow! BUY! 👩🏼‍💻My Dear Friends, Here is my todays forecast on AUD/USD BIAS: Bullish ENTRY: 0.67570 TARGET: 0.68824  #AUDUSD 💹Time Frame : 3H (forecast) 🍀;0.68824
XAGUSD My Opinion! BUY! 👩🏼‍💻My Dear Friends, My technical analysis on this pair is below: BIAS: Bullish ENTRY: 22.411 TARGET: 23.402 STOP LOSS: 21.901  #XAGUSD 💹Time Frame : 4H (signal) 💁🏼‍♀️;23.402
EUR/USD What Next? BUY! 👩🏼‍💻My Dear Friends, I analysed this chart, and concluded the following: BIAS: Bullish ENTRY: 1.04455 TARGET: 1.06286  #EURUSD 💹Time Frame : 6H (forecast) 🙋🏼‍♀️;1.06286
GBP/USD Trading Opportunity! BUY! 👩🏼‍💻My Dear Friends, This is my opinion on the GBP/USD next move: BIAS: Bullish ENTRY: 1.21694 TARGET: 1.24666  #GBPUSD 💹Time Frame : 7H (forecast) 🍀;1.24666
DXY Massive Short! SELL! 👩🏼‍💻My Dear Friends, The demand is clearly higher than supply here, therefore: BIAS: Bearish ENTRY: 104.945 TARGET: 101.978 STOP LOSS: 106.036  #DXY 💹Time Frame : 8H (signal) 💁🏼‍♀️;101.978
TSLA Under Pressure! SELL! 👩🏼‍💻My Dear Friends, TSLA looks like it will make a good move, and here are the details: BIAS: Bearish ENTRY: 194.89 TARGET: 187.08  #TSLA 💹Time Frame : 3H (forecast) 🍀;187.08
GBP/CHF Massive Short! SELL! 👩🏼‍💻My Dear Friends, I analysed this chart, and concluded the following: BIAS: Bearish ENTRY: 1.15084 TARGET: 1.14343  #GBPCHF 💹Time Frame : 3H (forecast) 💁🏼‍♀️;1.14343
EUR/GBP My Opinion! SELL! 👩🏼‍💻My Dear Friends, The demand is clearly higher than supply here, therefore: BIAS: Bearish ENTRY: 0.85726 TARGET: 0.85300 STOP LOSS: 0.85972  #EURGBP 💹Time Frame : 4H (signal) 🙋🏼‍♀️;0.85300
AUD/CAD What Next? BUY! 👩🏼‍💻My Dear Friends, We are all watching AUD/CAD right now, so here is my idea: BIAS: Bullish ENTRY: 0.91505 TARGET: 0.92207  #AUDCAD 💹Time Frame : 6H (forecast) 🍀;0.92207
XAUUSD Will Explode! BUY! 👩🏼‍💻My Dear Friends, I was thinking about XAUUSD and my conclusion is this: BIAS: Bullish ENTRY: 1797.04 TARGET: 1820.39 STOP LOSS: 1783.61  #XAUUSD 💹Time Frame : 7H (signal) 💁🏼‍♀️;1820.39
USD/CHF A Fall Expected! SELL! 👩🏼‍💻My Dear Friends, I analysed this chart, and concluded the following: BIAS: Bearish ENTRY: 0.93670 TARGET: 0.93006  #USDCHF 💹Time Frame : 2H (forecast) 🍀;0.93006
SPY Trading Opportunity! SELL! 👩🏼‍💻My Dear Friends, My technical analysis on this pair is below: BIAS: Bearish ENTRY: 406.87 TARGET: 395.09 STOP LOSS: 413.72  #SPY 💹Time Frame : 4H (signal) 💁🏼‍♀️;395.09
AUD/NZD Set To Grow! BUY! 👩🏼‍💻My Dear Friends, The demand is clearly higher than supply here, therefore: BIAS: Bullish ENTRY: 1.05949 TARGET: 1.06789  #AUDNZD 💹Time Frame : 5H (forecast) 🙋🏼‍♀️;1.06789
XAGUSD Will Explode! BUY! 👩🏼‍💻My Dear Friends, XAGUSD looks like it will make a good move, and here are the details: BIAS: Bullish ENTRY: 23.128 TARGET: 23.911  #XAGUSD 💹Time Frame : 11H (forecast) 🍀;23.911
AUD/USD Technical Analysis! SELL! 👩🏼‍💻My Dear Friends, This is my opinion on the AUD/USD next move: BIAS: Bearish ENTRY: 0.67938 TARGET: 0.65500 STOP LOSS: 0.68759  #AUDUSD 💹Time Frame : 11H (signal) 💁🏼‍♀️;0.65500
TSlA What Next? SELL! 👩🏼‍💻My Dear Friends, Here is my todays forecast on TSLA BIAS: Bearish ENTRY: 194.89 TARGET: 180.43  #TSLA 💹Time Frame : 5H (forecast) 🍀;180.43
GBP/USD Set To Fall! SELL! 👩🏼‍💻My Dear Friends, We are all watching GBP/USD right now, so here is my idea: BIAS: Bearish ENTRY: 1.22791 TARGET: 1.21378 STOP LOSS: 1.23497  #GBPUSD 💹Time Frame : 4H (signal) 💁🏼‍♀️;1.21378
EUR/CAD My Opinion! SELL! 👩🏼‍💻My Dear Friends, I was thinking about EUR/CAD and my conclusion is this: BIAS: Bearish ENTRY: 1.41784 TARGET: 1.40514  #EURCAD 💹Time Frame : 6H (forecast) 🙋🏼‍♀️;1.40514
EUR/GBP Will Collapse! SELL! 👩🏼‍💻My Dear Friends, The demand is clearly higher than supply here, therefore: BIAS: Bearish ENTRY: 0.86019 TARGET: 0.85106 STOP LOSS: 0.86608  #EURGBP 💹Time Frame : 7H (signal) 🍀;0.85106
US100 The Target Is UP! BUY! 👩🏼‍💻My Dear Friends, This is my opinion on the US100 next move: BIAS: Bullish ENTRY: 11948.7 TARGET: 12402.0  #US100 💹Time Frame : 12H (forecast) 💁🏼‍♀️;12402.0
EUR/JPY Under Pressure! SELL! My Dear Friends, My technical analysis on this pair is below: BIAS: Bearish ENTRY: 146.474 TARGET: 141.810 STOP LOSS: 144.300  #EURJPY 💹Time Frame: 4H(forecast) 💐;141.810
DXY Sellers In Panic! BUY! 👩🏼‍💻My Dear Friends, I analysed this chart, and concluded the following: BIAS: Bullish ENTRY: 105.132 TARGET: 108.006  #DXY 💹Time Frame: 11H(forecast);108.006
XAUUSD The Target Is DOWN! SELL! 👩🏼‍💻My Dear Friends, XAUUSD looks like it will make a good move, and here are the details: BIAS: Bearish ENTRY: 1775.73 TARGET: 1760.44  #XAUUSD 💹Time Frame: 6H(forecast);1760.44
USD/JPY A Fall Expected! SELL! 👩🏼‍💻My Dear Friends, I was thinking about USD/JPY and my conclusion is this: BIAS: Bearish ENTRY: 136.596 TARGET: 137.039 STOP LOSS: 135.495  #USDJPY 💹Time Frame : 1H (signal) 🍀;137.039
GBP/USD Massive Long! BUY! 👩🏼‍💻My Dear Friends, My technical analysis on this pair is below: BIAS: Bullish ENTRY: 1.22086 TARGET: 1.22708  #GBPUSD 💹Time Frame : 2H (forecast) 🙋🏼‍♀️;1.22708
AUD/NZD Technical Analysis! SELL! 👩🏼‍💻My Dear Friends, Here is my todays forecast on AUD/NZD BIAS: Bearish ENTRY: 1.05408 TARGET: 1.04521 STOP LOSS: 1.05928  #AUDNZD 💹Time Frame : 3H (signal) 💁🏼‍♀️;1.04521
SPY Technical Analysis! BUY! 👩🏼‍💻My Dear Friends, Here is my todays forecast on SPY BIAS: Bullish ENTRY: 394.66 TARGET: 405.08  #SPY 💹Time Frame : 5H (forecast) 🍀;405.08
SPX500USD Expected Growth! BUY! 👩🏼‍💻My Dear Friends, We are all watching SPX500USD right now, so here is my idea: BIAS: Bullish ENTRY: 3932.6 TARGET: 4099.2  #SPX500USD 💹Time Frame : 12H (forecast) 💁🏼‍♀️;4099.2
EUR/CAD Trading Opportunity! SELL! 👩🏼‍💻My Dear Friends, We are all watching EUR/CAD right now, so here is my idea: BIAS: Bearish ENTRY: 1.43467 TARGET: 1.42064 STOP LOSS: 1.44076  #EURCAD 💹Time Frame : 2H (signal) 🍀;1.42064
USOIL What Next? SELL! 👩🏼‍💻My Dear Friends, The demand is clearly higher than supply here, therefore: BIAS: Bearish ENTRY: 72.530 TARGET: 70.065  #USOIL 💹Time Frame : 2H (forecast) 💁🏼‍♀️;70.065
AUD/USD On The Rise! BUY! 👩🏼‍💻My Dear Friends, The demand is clearly higher than supply here, therefore: BIAS: Bullish ENTRY: 0.67283 TARGET: 0.67808  #AUDUSD 💹Time Frame : 5H (forecast) 🙋🏼‍♀️;0.67808
EUR/USD Trading Opportunity! BUY! 👩🏼‍💻My Dear Friends, EUR/USD looks like it will make a good move, and here are the details: BIAS: Bullish ENTRY: 1.05002 TARGET: 1.06330 STOP LOSS: 1.04183  #EURUSD 💹Time Frame : 7H (signal) 🍀;1.06330
DXY My Opinion! SELL! 👩🏼‍💻My Dear Friends, DXY looks like it will make a good move, and here are the details: BIAS: Bearish ENTRY: 105.255 TARGET: 103.040  #DXY 💹Time Frame : 12H (forecast) 💁🏼‍♀️;103.040
EUR/AUD A Fall Expected! SELL! 👩🏼‍💻My Dear Friends, I analysed this chart, and concluded the following: BIAS: Bearish ENTRY: 1.55472 TARGET: 1.55047  #EURAUD 💹Time Frame : 2H (forecast) 🍀;1.55047
CAD/JPY Technical Analysis! SELL! 👩🏼‍💻My Dear Friends, This is my opinion on the CAD/JPY next move: BIAS: Bearish ENTRY: 99.899 TARGET: 98.949  #CADJPY 💹Time Frame : 7H (forecast) 💁🏼‍♀️;98.949
XAUUSD My Opinion! BUY! 👩🏼‍💻My Dear Friends, I analysed this chart, and concluded the following: BIAS: Bullish ENTRY: 1796.72 TARGET: 1816.08  #XAUUSD 💹Time Frame : 7H (forecast) 🙋🏼‍♀️;1816.08
SPX Set To Grow! BUY! 👩🏼‍💻My Dear Friends, My technical analysis on this pair is below: BIAS: Bullish ENTRY: 3956.85 TARGET: 4094.68 STOP LOSS: 3875.11  #SPX 💹Time Frame : 8H (signal) 🍀;4094.68
USD/CAD What Next? BUY! 👩🏼‍💻My Dear Friends, This is my opinion on the USD/CAD next move: BIAS: Bullish ENTRY: 1.36419 TARGET: 1.37730 STOP LOSS: 1.35835  #USDCAD 💹Time Frame : 11H (signal) 💁🏼‍♀️;1.37730
NZD/CHF Will Explode! BUY! 👩🏼‍💻My Dear Friends, Here is my todays forecast on NZD/CHF BIAS: Bullish ENTRY: 0.59835 TARGET: 0.60071  #NZDCHF 💹Time Frame : 4H (forecast) 🍀;0.60071
AUD/CHF What Next? SELL! 👩🏼‍💻My Dear Friends, I analysed this chart, and concluded the following: BIAS: Bearish ENTRY: 0.63504 TARGET: 0.63002 STOP LOSS: 0.63795  #AUDCHF 💹Time Frame : 7H (signal) 💁🏼‍♀️;0.63002
GBP/JPY Sellers In Panic! BUY! 👩🏼‍💻My Dear Friends, The demand is clearly higher than supply here, therefore: BIAS: Bullish ENTRY: 167.421 TARGET: 168.499  #GBPJPY 💹Time Frame : 8H (forecast) 🙋🏼‍♀️;168.499
NFLX Trading Opportunity! SELL! 👩🏼‍💻My Dear Friends, My technical analysis on this pair is below: BIAS: Bearish ENTRY: 3210.00 TARGET: 290.58 STOP LOSS: 336.93  #NFLX 💹Time Frame : 9H (signal) 🍀;290.58
NAS100 The Target Is UP! BUY! 👩🏼‍💻My Dear Friends, We are all watching NAS100 right now, so here is my idea: BIAS: Bullish ENTRY: 11544.25 TARGET: 11851.90  #NAS100 💹Time Frame : 12H (forecast) 💁🏼‍♀️;11851.90
XAUUSD Will Collapse! SELL! 👩🏼‍💻My Dear Friends, The demand is clearly higher than supply here, therefore: BIAS: Bearish ENTRY: 1796.62 TARGET: 1780.27 STOP LOSS: 1805.97  #XAUUSD 💹Time Frame : 5H (signal) 🍀;1780.27
DXY My Opinion! SELL! 👩🏼‍💻My Dear Friends, My technical analysis on this pair is below: BIAS: Bearish ENTRY: 104.5839 TARGET: 103.6400 STOP LOSS: 105.1246  #DXY 💹Time Frame : 9H (signal) 💁🏼‍♀️;103.6400
EUR/GBP Massive Long! BUY! 👩🏼‍💻My Dear Friends, EUR/GBP looks like it will make a good move, and here are the details: BIAS: Bullish ENTRY: 0. 85768 TARGET: 0.86209  #EURGBP 💹Time Frame : 10H (forecast) 🙋🏼‍♀️;0.86209
AUD/JPY Set To Fall! SELL! 👩🏼‍💻My Dear Friends, Here is my todays forecast on AUD/JPY BIAS: Bearish ENTRY: 92.798 TARGET: 92.012  #AUDJPY 💹Time Frame : 11H (forecast) 🍀;92.012
AUD/USD The Target Is DOWN! SELL! 👩🏼‍💻My Dear Friends, This is my opinion on the AUD/USD next move: BIAS: Bearish ENTRY: 0.67949 TARGET: 0.66508  #AUDUSD 💹Time Frame : 12H (forecast) 💁🏼‍♀️;0.66508
EUR/NZD Buyers In Panic! SELL! 👩🏼‍💻My Dear Friends, Here is my todays forecast on EUR/NZD BIAS: Bearish ENTRY: 1.65212 TARGET: 1.64220  #EURNZD 💹Time Frame : 4H (forecast) 🍀;1.64220
XAGUSD Expected Growth! BUY! 👩🏼‍💻My Dear Friends, I analysed this chart, and concluded the following: BIAS: Bullish ENTRY: 23.304 TARGET: 24.481  #XAGUSD 💹Time Frame : 7H (forecast) 💁🏼‍♀️;24.481
GBP/USD Massive Short! SELL! 👩🏼‍💻My Dear Friends, I was thinking about GBP/USD and my conclusion is this: BIAS: Bearish ENTRY: 1.22731 TARGET: 1.21002 STOP LOSS: 1.23612  #GBPUSD 💹Time Frame : 9H (signal) 🍀;1.21002
NZD/USD Technical Analysis! BUY! 👩🏼‍💻My Dear Friends, This is my opinion on the NZD/USD next move: BIAS: Bullish ENTRY: 0.63904 TARGET: 0.64870 STOP LOSS: 0.63427  #NZDUSD 💹Time Frame : 10H (signal) 💁🏼‍♀️;0.64870
NFLX Technical Analysis! SELL! 👩🏼‍💻My Dear Friends, NFLX looks like it will make a good move, and here are the details: BIAS: Bearish ENTRY: 328.13 TARGET: 327.17  #NFLX 💹Time Frame : 8H (forecast) 🍀;327.17
USD/CHF A Fall Expected! SELL! 👩🏼‍💻My Dear Friends, This is my opinion on the USD/CHF next move: BIAS: Bearish ENTRY: 0.92651 TARGET: 0.91805 STOP LOSS: 0.93173  #USDCHF 💹Time Frame : 8H (signal) 💁🏼‍♀️;0.91805
AUD/USD Trading Opportunity! BUY! 👩🏼‍💻My Dear Friends, Here is my todays forecast on AUD/USD BIAS: Bullish ENTRY: 0.68773 TARGET: 0.69559 STOP LOSS: 0.68324  #AUDUSD 💹Time Frame : 11H (signal) 🙋🏼‍♀️;0.69559
DXY On The Rise! BUY! 👩🏼‍💻My Dear Friends, My technical analysis on this pair is below: BIAS: Bullish ENTRY: 103.990 TARGET: 107.551  #DXY 💹Time Frame : 12H (forecast) 🍀;107.551
EUR/JPY What Next? BUY! 👩🏼‍💻My Dear Friends, I was thinking about EUR/JPY and my conclusion is this: BIAS: Bullish ENTRY: 143.722 TARGET: 146.503  #EURJPY 💹Time Frame : 12H (forecast) 💁🏼‍♀️;146.503
EUR/USD Will Explode! BUY! 👩🏼‍💻My Dear Friends, I was thinking about EUR/USD and my conclusion is this: BIAS: Bullish ENTRY: 0.06501 TARGET: 1.07212  #EURUSD 💹Time Frame : 3H (forecast) 🍀;1.07212
TSLA Trading Opportunity! SELL! 👩🏼‍💻My Dear Friends, I analysed this chart, and concluded the following: BIAS: Bearish ENTRY: 159.64 TARGET: 134.30 STOP LOSS: 174.82  #TSLA 💹Time Frame : 5H (signal) 💁🏼‍♀️;134.30
USOIL What Next? SELL! 👩🏼‍💻My Dear Friends, My technical analysis on this pair is below: BIAS: Bearish ENTRY: 76.790 TARGET: 71.706 STOP LOSS: 79.380  #USOIL 💹Time Frame : 6H (signal) 🙋🏼‍♀️;71.706
NZD/USD My Opinion! BUY! 👩🏼‍💻My Dear Friends, I analysed this chart, and concluded the following: BIAS: Bullish ENTRY: 0.64418 TARGET: 0.65774  #NZDUSD 💹Time Frame : 11H (forecast) 🍀;0.65774
GBP/USD Set To Grow! BUY! 👩🏼‍💻My Dear Friends, Here is my todays forecast on GBP/USD BIAS: Bullish ENTRY: 1.23844 TARGET: 1.25596  #GBPUSD 💹Time Frame : 11H (forecast) 🙋🏼‍♀️;1.25596
EUR/NZD Massive Short! SELL! 👩🏼‍💻My Dear Friends, The demand is clearly higher than supply here, therefore: BIAS: Bearish ENTRY: 1.67711 TARGET: 1.66929  #EURNZD 💹Time Frame : 2H (forecast) 🍀;1.66929
AUD/JPY Buyers In Panic! SELL! 👩🏼‍💻My Dear Friends, We are all watching AUD/JPY right now, so here is my idea: BIAS: Bearish ENTRY: 92.226 TARGET: 91.740  #AUDJPY 💹Time Frame : 5H (forecast) 💁🏼‍♀️;91.740
USD/JPY The Target Is DOWN! SELL! 👩🏼‍💻My Dear Friends, Here is my todays forecast on USD/JPY BIAS: Bearish ENTRY: 136.735 TARGET: 134.012  #USDJPY 💹Time Frame : 7H (forecast) 🙋🏼‍♀️;134.012
XAUUSD Massive Long! BUY! 👩🏼‍💻My Dear Friends, I analysed this chart, and concluded the following: BIAS: Bullish ENTRY: 1784.57 TARGET: 1819.95 STOP LOSS: 1762.37  #XAUUSD 💹Time Frame : 9H (signal) 🍀;1819.95
US500 Under Pressure! SELL! 👩🏼‍💻My Dear Friends, US500 looks like it will make a good move, and here are the details: BIAS: Bullish ENTRY: 3911.05 TARGET: 3839.73 STOP LOSS: 3955.33  #US500 💹Time Frame : 9H (signal) 💁🏼‍♀️;3839.73
EUR/USD Will Collapse! SELL! 👩🏼‍💻My Dear Friends, My technical analysis on this pair is below: BIAS: Bearish ENTRY: 1.06286 TARGET: 1.05214  #EURUSD 💹Time Frame : 3H (forecast) 🍀;1.05214
GBP/AUD Trading Opportunity! SELL! 👩🏼‍💻My Dear Friends, My technical analysis on this pair is below: BIAS: Bearish ENTRY: 1.82260 TARGET: 1.80816  #GBPAUD 💹Time Frame : 5H (forecast) 💁🏼‍♀️;1.80816
XAGUSD Buyers In Panic! SELL! 👩🏼‍💻My Dear Friends, The demand is clearly higher than supply here, therefore: BIAS: Bearish ENTRY: 23.110 TARGET: 22.215 STOP LOSS: 23.699  #XAGUSD 💹Time Frame : 8H (signal) 🙋🏼‍♀️;22.215
US100 The Target Is DOWN! SELL! 👩🏼‍💻My Dear Friends, I analysed this chart, and concluded the following: BIAS: Bearish ENTRY: 11354.4 TARGET: 10953.1 STOP LOSS: 11630.7  #US100 💹Time Frame : 10H (signal) 🍀;10953.1
EUR/CAD Technical Analysis! SELL! 👩🏼‍💻My Dear Friends, This is my opinion on the EUR/CAD next move: BIAS: Bearish ENTRY: 1.4530 TARGET: 1.40095  #EURCAD 💹Time Frame : 12H (forecast) 💁🏼‍♀️;1.40095
US30 Massive Short! SELL! 👩🏼‍💻My Dear Friends, I was thinking about US30 and my conclusion is this: BIAS: Bullish ENTRY: 32834.67 TARGET: 32413.95  #US30 💹Time Frame : 2H (forecast) 🍀;32413.95
GBP/USD The Target Is UP! BUY! 👩🏼‍💻My Dear Friends, We are all watching GBP/USD right now, so here is my idea: BIAS: Bullish ENTRY: 1.21408 TARGET: 1.22309 STOP LOSS: 1.20906  #GBPUSD 💹Time Frame : 2H (signal) 💁🏼‍♀️;1.22309
USD/CHF Set To Grow! BUY! 👩🏼‍💻My Dear Friends, My technical analysis on this pair is below: BIAS: Bullish ENTRY: 0.93402 TARGET: 0.95001  #USDCHF 💹Time Frame : 9H (forecast) 🙋🏼‍♀️;0.95001
AUD/CHF Will Explode! BUY! 👩🏼‍💻My Dear Friends, Here is my todays forecast on AUD/CHF BIAS: Bullish ENTRY: 0.62422 TARGET: 0.62858 STOP LOSS: 0.62170  #AUDCHF 💹Time Frame : 10H (signal) 🍀;0.62858
SPY Buyers In Panic! SELL! 👩🏼‍💻My Dear Friends, The demand is clearly higher than supply here, therefore: BIAS: Bearish ENTRY: 383.28 TARGET: 370.56  #SPY 💹Time Frame : 11H (forecast) 💁🏼‍♀️;370.56
GBP/AUD Massive Short! SELL! 👩🏼‍💻My Dear Friends, GBP/AUD looks like it will make a good move, and here are the details: BIAS: Bearish ENTRY: 1.81534 TARGET: 1.80949 STOP LOSS: 1.81851  #GBPAUD 💹Time Frame : 4H (signal) 🍀;1.80949
XAUUSD Technical Analysis! SELL! 👩🏼‍💻My Dear Friends, I analysed this chart, and concluded the following: BIAS: Bearish ENTRY: 1791.72 TARGET: 1768.31  #XAUUSD 💹Time Frame : 7H (forecast) 💁🏼‍♀️;1768.31
GBP/CAD Under Pressure! SELL! 👩🏼‍💻My Dear Friends, This is my opinion on the GBP/CAD next move: BIAS: Bearish ENTRY: 1.66312 TARGET: 1.64122 STOP LOSS: 1.67551  #GBPCAD 💹Time Frame : 9H (signal) 🙋🏼‍♀️;1.64122
EUR/NZD Sellers In Panic! BUY! 👩🏼‍💻My Dear Friends, I was thinking about EUR/NZD and my conclusion is this: BIAS: Bullish ENTRY: 1.65832 TARGET: 1.67029  #EURNZD 💹Time Frame : 11H (forecast) 🍀;1.67029
EUR/USD The Target Is UP! BUY! 👩🏼‍💻My Dear Friends, Here is my todays forecast on EUR/USD BIAS: Bullish ENTRY: 1.05843 TARGET: 1.07302  #EURUSD 💹Time Frame : 12H (forecast) 💁🏼‍♀️;1.07302
USD/CAD My Opinion! SELL! 👩🏼‍💻My Dear Friends, USD/CAD looks like it will make a good move, and here are the details: BIAS: Bearish ENTRY: 1.36576 TARGET: 1.35865  #USDCAD 💹Time Frame : 5H (forecast) 🍀;1.35865
SPX500 What Next? SELL! 👩🏼‍💻My Dear Friends, The demand is clearly higher than supply here, therefore: BIAS: Bearish ENTRY: 3841.75 TARGET: 3751.74  #SpX500 💹Time Frame : 6H (forecast) 💁🏼‍♀️;3751.74
QQQ Massive Long! BUY! 👩🏼‍💻My Dear Friends, We are all watching QQQ right now, so here is my idea: BIAS: Bullish ENTRY: 274.22 TARGET: 285.22 STOP LOSS: 269.12  #QQQ 💹Time Frame : 7H (signal) 🙋🏼‍♀️;285.22
NZD/CHF Trading Opportunity! SELL! 👩🏼‍💻My Dear Friends, Here is my todays forecast on NZD/CHF BIAS: Bullish ENTRY: 0.59430 TARGET: 0.58435 STOP LOSS: 0.59986  #NZDCHF 💹Time Frame : 12H (signal) 💁🏼‍♀️;0.58435
XAUUSD Will Collapse! SELL! 👩🏼‍💻My Dear Friends, I was thinking about XAUUSD and my conclusion is this: BIAS: Bearish ENTRY: 1803.78 TARGET: 1777.17  #XAUUSD 💹Time Frame : 4H (forecast) 🍀;1777.17
EUR/USD On The Rise! BUY! 👩🏼‍💻My Dear Friends, My technical analysis on this pair is below: BIAS: Bullish ENTRY: 1.06407 TARGET: 1.06996 STOP LOSS: 1.06070  #EURUSD 💹Time Frame : 4H (signal) 💁🏼‍♀️;1.06996
US500 Technical Analysis! BUY! 👩🏼‍💻My Dear Friends, This is my opinion on the US500 next move: BIAS: Bullish ENTRY: 3812.4 TARGET: 3916.9 STOP LOSS: 3761.0  #US500 💹Time Frame : 5H (signal) 🙋🏼‍♀️;3916.9
AUD/NZD Set To Fall! SELL! 👩🏼‍💻My Dear Friends, Here is my todays forecast on AUD/NZD BIAS: Bearish ENTRY: 1.05119 TARGET: 1.04588  #AUDNZD 💹Time Frame : 5H (forecast) 🍀;1.04588
TSLA My Opinion! BUY! 👩🏼‍💻My Dear Friends, The demand is clearly higher than supply here, therefore: BIAS: Bullish ENTRY: 139.17 TARGET: 153.77  #TSLA 💹Time Frame : 3H (forecast) 🍀;153.77
NZD/JPY Buyers In Panic! SELL! 👩🏼‍💻My Dear Friends, Here is my todays forecast on NZD/JPY BIAS: Bearish ENTRY: 83.170 TARGET: 81.889 STOP LOSS: 84.037  #NZDJPY 💹Time Frame : 8H (signal) 🙋🏼‍♀️;81.889
GBP/AUD Trading Opportunity! BUY! 👩🏼‍💻My Dear Friends, I analysed this chart, and concluded the following: BIAS: Bullish ENTRY: 1.80475 TARGET: 1.84053  #GBPAUD 💹Time Frame : 10H (forecast) 🍀;1.84053
EUR/JPY The Target Is DOWN! SELL! 👩🏼‍💻My Dear Friends, I analysed this chart, and concluded the following: BIAS: Bearish ENTRY: 140. 318 TARGET: 138.061 STOP LOSS: 141.720  #EURJPY 💹Time Frame : 12H (signal) 💁🏼‍♀️;138.061
GBP/USD Massive Short! SELL! 👩🏼‍💻My Dear Friends, We are all watching GBP/USD right now, so here is my idea: BIAS: Bearish ENTRY: 1.20129 TARGET: 1.19541 STOP LOSS: 1.20562  #GBPJPY 💹Time Frame : 1H (signal) 🍀;1.19541
USOIL Set To Grow! BUY! 👩🏼‍💻My Dear Friends, This is my opinion on the USOIL next move: BIAS: Bullish ENTRY: 78.559 TARGET: 81.521 STOP LOSS: 77.225  #USOIL 💹Time Frame : 3H (signal) 💁🏼‍♀️;81.521
AUD/USD Technical Analysis! SELL! 👩🏼‍💻My Dear Friends, AUD/USD looks like it will make a good move, and here are the details: BIAS: Bearish ENTRY: 0.66770 TARGET: 0.66196  #AUDUSD 💹Time Frame : 10H (forecast) 💁🏼‍♀️;0.66196
EUR/USD Under Pressure! SELL! 👩🏼‍💻My Dear Friends, My technical analysis on this pair is below: BIAS: Bearish ENTRY: 1.06000 TARGET: 1.02954  #EURUSD 💹Time Frame : 12H (forecast) 💁🏼‍♀️;1.02954
NZD/JPY A Fall Expected! SELL! 👩🏼‍💻My Dear Friends, I was thinking about NZD/JPY and my conclusion is this: BIAS: Bearish ENTRY: 83.508 TARGET: 81.731 STOP LOSS: 84.510  #NZDJPY 💹Time Frame : 5H (signal) 💁🏼‍♀️;81.731
XAUUSD Trading Opportunity! SELL! 👩🏼‍💻My Dear Friends, The demand is clearly higher than supply here, therefore: BIAS: Bearish ENTRY: 1797.66 TARGET: 1782.73 STOP LOSS: 1805.16  #XAUUSD 💹Time Frame : 7H (signal) 🙋🏼‍♀️;1782.73
SPX500USD: What Next? SELL! 👩🏼‍💻My Dear Friends, The demand is clearly higher than supply here, therefore: I analysed this chart, and concluded the following: BIAS: Bearish ENTRY: 3843.3 TARGET: 3820.9  #SPX500USD 💹Time Frame : 1H (forecast) 🍀;3820.9
GBP/USD Sellers In Panic! BUY! 👩🏼‍💻My Dear Friends, I analysed this chart, and concluded the following: BIAS: Bullish ENTRY: 1.20460 TARGET: 1.21135 STOP LOSS: 1.20071  #GBPUSD 💹Time Frame : 4H (signal) 🙋🏼‍♀️;1.21135
USOIL My Opinion! SELL! 👩🏼‍💻My Dear Friends, My technical analysis on this pair is below: BIAS: Bearish ENTRY: 79.834 TARGET: 84.178 STOP LOSS: 82.441  #USOIL 💹Time Frame : 12H (signal) 💁🏼‍♀️;84.178
EUR/USD The Target Is DOWN! SELL! 👩🏼‍💻My Dear Friends, My technical analysis on this pair is below: BIAS: Bearish ENTRY: 1.06139 TARGET: 1.05127 STOP LOSS: 1.06701  #EURUSD 💹Time Frame : 8H (signal) 🍀;1.05127
XAUUSD Technical Analysis! BUY! 👩🏼‍💻My Dear Friends, The demand is clearly higher than supply here, therefore: BIAS: Bullish ENTRY: 1797.67 TARGET: 1830.47 STOP LOSS: 1778.29  #XAUUSD 💹Time Frame : 12H (signal) 💁🏼‍♀️;1830.47
TSLA Massive Long! BUY! 👩🏼‍💻My Dear Friends, The demand is clearly higher than supply here, therefore: BIAS: Bullish ENTRY: 123.13 TARGET: 180.12  #TSLA 💹Time Frame : 12H (forecast) 🙋🏼‍♀️;180.12
NZD/USD Massive Short! SELL! 👩🏼‍💻My Dear Friends, I analysed this chart, and concluded the following: BIAS: Bearish ENTRY: 0.62914 TARGET: 0.62525 STOP LOSS: 0.63136  #NZDUSD 💹Time Frame : 2H (signal) 🍀;0.62525
USOIL Expected Growth! BUY! 👩🏼‍💻My Dear Friends, USOIL looks like it will make a good move, and here are the details: BIAS: Bullish ENTRY: 79.384 TARGET: 81.976  #USOIL 💹Time Frame : 4H (forecast) 🙋🏼‍♀️;81.976
US30 Buyers In Panic! SELL! 👩🏼‍💻My Dear Friends, This is my opinion on the US30 next move: BIAS: Bearish ENTRY: 33143.87 TARGET: 32607.84 STOP LOSS: 33457.99  #US30 💹Time Frame : 12H (signal) 💁🏼‍♀️;32607.84
AUD/CHF Under Pressure! SELL! 👩🏼‍💻My Dear Friends, The demand is clearly higher than supply here, therefore: BIAS: Bearish ENTRY: 0.62573 TARGET: 0.62027 STOP LOSS: 0.62915  #AUDCHF 💹Time Frame : 3H (signal) 🍀;0.62027
US500 Technical Analysis! SELL! 👩🏼‍💻My Dear Friends, US500 looks like it will make a good move, and here are the details: BIAS: Bearish ENTRY: 3840.9 TARGET: 3720.5 STOP LOSS: 3906.6  #US500 💹Time Frame : 8H (signal) 💁🏼‍♀️;3720.5
TSLA The Target Is UP! BUY! 👩🏼‍💻My Dear Friends, I analysed this chart, and concluded the following: BIAS: Bullish ENTRY: 113.33 TARGET: 166.95  #TSLA 💹Time Frame : 11H (forecast) 🙋🏼‍♀️;166.95
USD/CAD A Fall Expected! SELL! 👩🏼‍💻My Dear Friends, My technical analysis on this pair is below: BIAS: Bearish ENTRY: 1.35594 TARGET: 1.34400  #USDCAD 💹Time Frame : 2H (forecast) 🍀;1.34400
XAUUSD Sellers In Panic! BUY! 👩🏼‍💻My Dear Friends, Here is my todays forecast on XAUUSD BIAS: Bullish ENTRY: 1804.55 TARGET: 1824.50 STOP LOSS: 1793.38  #XAUUSD 💹Time Frame : 4H (signal) 🙋🏼‍♀️;1824.50
DXY Massive Long! BUY! 👩🏼‍💻My Dear Friends, We are all watching DXY right now, so here is my idea: BIAS: Bullish ENTRY: 104.266 TARGET: 105.231 STOP LOSS: 103.660  #DXY 💹Time Frame : 11H (signal) 🙋🏼‍♀️;105.231
EUR/GBP Will Explode! BUY! 👩🏼‍💻My Dear Friends, I analysed this chart, and concluded the following: BIAS: Bullish ENTRY: 0.88407 TARGET: 0.89009 STOP LOSS 0.88052  #EURGBP 💹Time Frame : 3H (signal) 🍀;0.89009
TSLA The Target Is UP! BUY! 👩🏼‍💻My Dear Friends, I was thinking about TSLA and my conclusion is this: BIAS: Bullish ENTRY: 121.69 TARGET: 191.55  #TSLA 💹Time Frame : 7H (forecast) 💁🏼‍♀️;191.55
SPX Will Explode! BUY! 👩🏼‍💻My Dear Friends, The demand is clearly higher than supply here, therefore: BIAS: Bullish ENTRY: 3848.75 TARGET: 4012.52 STOP LOSS: 3752.91  #SPX 💹Time Frame : 12H (signal) 🙋🏼‍♀️;4012.52
META The Target Is UP! BUY! 👩🏼‍💻My Dear Friends, META looks like it will make a good move, and here are the details: BIAS: Bullish ENTRY: 118.16 TARGET: 138.08  #META 💹Time Frame : 7H (forecast) 🍀;138.08
USD/CHF Trading Opportunity! SELL! 👩🏼‍💻My Dear Friends, We are all watching USD/CHF right now, so here is my idea: BIAS: Bearish ENTRY: 0.92200 TARGET: 0.91412 STOP LOSS: 0.92752  #USDCHF 💹Time Frame : 11H (signal) 🙋🏼‍♀️;0.91412
AAPL Trading Opportunity! SELL! 👩🏼‍💻My Dear Friends, My technical analysis on this pair is below: BIAS: Bearish ENTRY: 129.91 TARGET: 122.19  #AAPL 💹Time Frame : 6H (forecast) 🍀;122.19
EUR/GBP Will Explode! BUY! 👩🏼‍💻My Dear Friends, We are all watching EUR/GBP right now, so here is my idea: BIAS: Bullish ENTRY: 0.88412 TARGET: 0.89219 STOP LOSS: 0.87942  #AAPL 💹Time Frame : 6H (signal) 💁🏼‍♀️;0.89219
USOIL Sellers In Panic! BUY! 👩🏼‍💻My Dear Friends, My technical analysis on this pair is below: BIAS: Bullish ENTRY: 80.314 TARGET: 83.442 STOP LOSS: 78.484  #USOIL 💹Time Frame : 11H (signal) 🙋🏼‍♀️;83.442
XAGUSD What Next? SELL! 👩🏼‍💻My Dear Friends, This is my opinion on the XAGUSD next move: BIAS: Bearish ENTRY: 24.295 TARGET: 23.609  #XAGUSD 💹Time Frame : 11H (forecast) 🍀;23.609
EUR/USD Will Collapse! SELL! 👩🏼‍💻My Dear Friends, Here is my todays forecast on EUR/USD BIAS: Bearish ENTRY: 1.05727 TARGET: 1.05007 STOP LOSS: 1.06159  #EURUSD 💹Time Frame : 7H (signals) 💁🏼‍♀️;1.05007
GBP/JPY Set To Fall! SELL! 👩🏼‍💻My Dear Friends, My technical analysis on this pair is below: BIAS: Bearish ENTRY: 156.622 TARGET: 153.748  #GBPJPY 💹Time Frame : 8H (forecast) 🙋🏼‍♀️;153.748
SPX500USD My Opinion! SELL! 👩🏼‍💻My Dear Friends, I analysed this chart, and concluded the following: BIAS: Bearish ENTRY: 3876.5 TARGET: 3800.3 STOP LOSS: 3920.6  #SPX500USD 💹Time Frame : 12H (signal) 🍀;3800.3
USD/CAD The Target Is DOWN! SELL! 👩🏼‍💻My Dear Friends, We are all watching USD/CAD right now, so here is my idea: BIAS: Bearish ENTRY: 1.35538 TARGET: 1.34762  #USDCAD 💹Time Frame : 5H (forecast) 🍀;1.34762
AUD/JPY Massive Long! BUY! 👩🏼‍💻My Dear Friends, We are all watching AUD/JPY right now, so here is my idea: BIAS: Bullish ENTRY: 90.200 TARGET: 91.009 STOP LOSS: 89.572  #AUDJPY 💹Time Frame : 8H (signal) 💁🏼‍♀️;91.009
US30 Sellers In Panic! BUY! 👩🏼‍💻My Dear Friends, I analysed this chart, and concluded the following: BIAS: Bullish ENTRY: 30322.23 TARGET: 33608.90 STOP LOSS: 33036.64  #US30 💹Time Frame : 11H (signal) 🙋🏼‍♀️;33608.90
DXY Buyers In Panic! SELL! 👩🏼‍💻My Dear Friends, This is my opinion on the DXY next move: BIAS: Bearish ENTRY: 104.609 TARGET: 103.604  #DXY 💹Time Frame : 8H (forecast) 🍀;103.604
XAUUSD Massive Short! SELL! 👩🏼‍💻My Dear Friends, I analysed this chart, and concluded the following: BIAS: Bearish ENTRY: 1834.31 TARGET: 1819.91  #XAUUSD 💹Time Frame : 2H (forecast) 💁🏼‍♀️;1819.91
AUD/USD Expected Growth! BUY! 👩🏼‍💻My Dear Friends, I was thinking about AUD/USD and my conclusion is this: BIAS: Bullish ENTRY: 0.67596 TARGET: 0.68407 STOP LOSS: 0.67264  #AUDUSD 💹Time Frame : 10H (signal) 🙋🏼‍♀️;0.68407
GBP/AUD Technical Analysis! BUY! 👩🏼‍💻My Dear Friends, Here is my todays forecast on GBP/AUD BIAS: Bullish ENTRY: 1.76140 TARGET: 1.78461 STOP LOSS: 1.74825  #GBPAUD 💹Time Frame : 12H (signal) 🍀;1.78461
SPX Under Pressure! SELL! 👩🏼‍💻My Dear Friends, SPX looks like it will make a good move, and here are the details: BIAS: Bearish ENTRY: 3821.78 TARGET: 3733.18  #SPX 💹Time Frame : 4H (forecast) 🍀;3733.18
SPY On The Rise! BUY! 👩🏼‍💻My Dear Friends, I analysed this chart, and concluded the following: BIAS: Bullish ENTRY: 380.97 TARGET: 392.30 STOP LOSS: 375.35  #SPY 💹Time Frame : 7H (signal) 💁🏼‍♀️;392.30
EUR/USD Technical Analysis! SELL! 👩🏼‍💻My Dear Friends, The demand is clearly higher than supply here, therefore: BIAS: Bearish ENTRY: 1.05533 TARGET: 1.04408 STOP LOSS: 1.05910  #EURUSD 💹Time Frame : 11H (signal) 🙋🏼‍♀️;1.04408
CAD/JPY A Fall Expected! SELL! 👩🏼‍💻My Dear Friends, We are all watching CAD/JPY right now, so here is my idea: BIAS: Bearish ENTRY: 98.234 TARGET: 95.550  #CADJPY 💹Time Frame : 12H (forecast) 🍀;95.550
AAPL Trading Opportunity! SELL! 👩🏼‍💻My Dear Friends, I was thinking about AAPL and my conclusion is this: BIAS: Bearish ENTRY: 129.50 TARGET: 112.24  #AAPL 💹Time Frame : 12H (forecast) 🍀;112.24
USD/JPY My Opinion! SELL! 👩🏼‍💻My Dear Friends, USD/JPY looks like it will make a good move, and here are the details: BIAS: Bearish ENTRY: 132.105 TARGET: 130.621 STOP LOSS: 132.963  #USDJPY 💹Time Frame : 10H (signal) 💁🏼‍♀️;130.621
GBP/CHF What Next? SELL! 👩🏼‍💻My Dear Friends, The demand is clearly higher than supply here, therefore: BIAS: Bearish ENTRY: 1.12130 TARGET: 1.11396 STOP LOSS: 1.12537  #GBPCHF 💹Time Frame : 10H (signal) 🙋🏼‍♀️;1.11396
US100 Expected Growth! BUY! 👩🏼‍💻My Dear Friends, This is my opinion on the US100 next move: BIAS: Bullish ENTRY: 11271.1 TARGET: 11918.3 STOP LOSS: 10876.0  #US100 💹Time Frame : 11H (signal) 🍀;11918.3
NZD/USD Set To Fall! SELL! 👩🏼‍💻My Dear Friends, NZD/USD looks like it will make a good move, and here are the details: BIAS: Bearish ENTRY: 0.63985 TARGET: 0.64650 STOP LOSS: 0.62802  #NZDUSD 💹Time Frame : 9H (signal) 💁🏼‍♀️;0.64650
AUD/JPY Will Collapse! SELL! 👩🏼‍💻My Dear Friends, I analysed this chart, and concluded the following: BIAS: Bearish ENTRY: 91.535 TARGET: 88.004  #AUDJPY 💹Time Frame : 9H (forecast) 🙋🏼‍♀️;88.004
USOIL: Set To Fall! SELL! 👩🏼‍💻My Dear Friends, This is my opinion on the USOIL next move: BIAS: Bearish ENTRY: 75.350 TARGET: 70.103  #USOIL 💹Time Frame : 12H (forecast) 🍀;70.103
AUD/NZD Will Collapse! SELL! 👩🏼‍💻My Dear Friends, My technical analysis on this pair is below: BIAS: Bearish ENTRY: 1.08058 TARGET: 1.07035 STOP LOSS: 1.08627  #AUDNZD 💹Time Frame : 5H (signal) 🍀;1.07035
DXY The Target Is DOWN! SELL! 👩🏼‍💻My Dear Friends, I was thinking about DXY and my conclusion is this: BIAS: Bearish ENTRY: 103.523 TARGET: 102.400 STOP LOSS: 103.649  #DXY 💹Time Frame : 7H (signal) 💁🏼‍♀️;102.400
XAUUSD Buyers In Panic! SELL! 👩🏼‍💻My Dear Friends, The demand is clearly higher than supply here, therefore: BIAS: Bearish ENTRY: 1875.70 TARGET: 1854.50  #XAUUSD 💹Time Frame : 11H (forecast) 🙋🏼‍♀️;1854.50
GBP/USD Technical Analysis! BUY! 👩🏼‍💻My Dear Friends, My technical analysis on this pair is below: BIAS: Bullish ENTRY: 1.21466 TARGET: 1.24204  #GBPUSD 💹Time Frame : 12H (forecast) 🍀;1.24204
GBP/USD The Target Is UP! BUY! 👩🏼‍💻My Dear Friends, I analysed this chart, and concluded the following: BIAS: Bullish ENTRY: 1.2143 TARGET: 1.2266  #GBPUSD 💹Time Frame : 7H (signal) 🍀;1.2266
EUR/GBP What Next? SELL! 👩🏼‍💻My Dear Friends, I analysed this chart, and concluded the following: BIAS: Bearish ENTRY: 0.88481 TARGET: 0.88220 STOP LOSS:0.88683  #EURGBP 💹Time Frame : 4H (signal) 🍀;0.88220
SPY Trading Opportunity! SELL! 👩🏼‍💻My Dear Friends, This is my opinion on the SPY next move: BIAS: Bearish ENTRY: 395.49 TARGET: 386.09 STOP LOSS: 400.78  #SPY 💹Time Frame : 6H (signal) 🙋🏼‍♀️;386.09
GBP/AUD Sellers In Panic! BUY! 👩🏼‍💻My Dear Friends, This is my opinion on the GBP/AUD next move: BIAS: Bullish ENTRY: 1.75362 TARGET: 1.77507  #GBPAUD 💹Time Frame : 10H (forecast) 💁🏼‍♀️;1.77507
NAS100USD Massive Long! BUY! 👩🏼‍💻My Dear Friends, I analysed this chart, and concluded the following: BIAS: Bullish ENTRY: 11385.0 TARGET: 12004.7  #NAS100USD 💹Time Frame : 12H (forecast) 🍀;12004.7
AMZN Technical Analysis! BUY! 👩🏼‍💻My Dear Friends, This is my opinion on the AMZN next move: BIAS: Bullish ENTRY: 96.74 TARGET: 109.42 STOP LOSS: 90.30  #AMZN 💹Time Frame : 8H (signal) 🍀;109.42
AUD/NZD On The Rise! BUY! 👩🏼‍💻My Dear Friends, My technical analysis on this pair is below: BIAS: Bullish ENTRY: 1.09295 TARGET: 1.10010  #AUDNZD 💹Time Frame : 5H (forecast) 💁🏼‍♀️;1.10010
DXY Expected Growth! BUY! 👩🏼‍💻My Dear Friends, I analysed this chart, and concluded the following: BIAS: Bullish ENTRY: 102.215 TARGET: 103.540  #DXY 💹Time Frame : 6H (forecast) 🙋🏼‍♀️;103.540
CHF/JPY Set To Fall! SELL! 👩🏼‍💻My Dear Friends, My technical analysis on this pair is below: BIAS: Bearish ENTRY: 137.680 TARGET: 134.337 STOP LOSS: 139.534  #CHFJPY 💹Time Frame : 12H (signal) 🍀;134.337
AUD/CHF My Opinion! BUY! 👩🏼‍💻My Dear Friends, The demand is clearly higher than supply here, therefore: BIAS: Bullish ENTRY: 0.64596 TARGET: 0.65233  #AUDCHF 💹Time Frame : 3H (forecast) 🍀;0.65233
EUR/NZD Set To Grow! BUY! 👩🏼‍💻My Dear Friends, EUR/NZD looks like it will make a good move, and here are the details: BIAS: Bullish ENTRY: 1.69611 TARGET: 1.70719  #EURNZD 💹Time Frame : 5H (forecast) 💁🏼‍♀️;1.70719
TSLA What Next? BUY! 👩🏼‍💻My Dear Friends, We are all watching TSLA right now, so here is my idea: BIAS: Bullish ENTRY: 122.37 TARGET: 170.10 STOP LOSS: 95.68  #TSLA 💹Time Frame : 9H (signal) 🙋🏼‍♀️;170.10
XAUUSD Trading Opportunity! BUY! 👩🏼‍💻My Dear Friends, I was thinking about XAUUSD and my conclusion is this: BIAS: Bullish ENTRY: 1919.86 TARGET: 2000.78 STOP LOSS: 1873.48  #XAUUSD 💹Time Frame : 11H (signal) 🍀;2000.78
EUR/JPY The Target Is UP! BUY! 👩🏼‍💻My Dear Friends, I was thinking about EUR/JPY and my conclusion is this: BIAS: Bullish ENTRY: 138.514 TARGET: 140.074 STOP LOSS: 137.622  #EURJPY 💹Time Frame : 5H (signal) 🍀;140.074
USD/JPY Sellers In Panic! BUY! 👩🏼‍💻My Dear Friends, The demand is clearly higher than supply here, therefore: BIAS: Bullish ENTRY: 127.847 TARGET: 130.047 STOP LOSS: 126.637  #USDJPY 💹Time Frame : 6H (signal) 💁🏼‍♀️;130.047
XAGUSD Technical Analysis! SELL! 👩🏼‍💻My Dear Friends, My technical analysis on this pair is below: BIAS: Bearish ENTRY: 24.243 TARGET: 23.906  #XAGUSD 💹Time Frame : 8H (forecast) 🙋🏼‍♀️;23.906
SPX500 Will Explode! BUY! 👩🏼‍💻My Dear Friends, I analysed this chart, and concluded the following: BIAS: Bullish ENTRY: 3999.92 TARGET: 4061.98  #SPX500 💹Time Frame : 11H (forecast) 🍀;4061.98
XAUUSD Trading Opportunity! SELL! 👩🏼‍💻My Dear Friends, I was thinking about XAUUSD and my conclusion is this: BIAS: Bearish ENTRY: 1916.30 TARGET: 1890.45 STOP LOSS: 1932.25  #XAUUSD 💹Time Frame : 4H (signal) 💁🏼‍♀️;1890.45
EUR/USD Massive Long! BUY! 👩🏼‍💻My Dear Friends, This is my opinion on the EUR/USD next move: BIAS: Bullish ENTRY: 1.08219 TARGET: 1.09500  #EURUSD 💹Time Frame : 8H (forecast) 🙋🏼‍♀️;1.09500
AUD/JPY Technical Analysis! BUY! 👩🏼‍💻My Dear Friends, AUD/JPY looks like it will make a good move, and here are the details: BIAS: Bullish ENTRY: 89.495 TARGET: 92.008  #AUDJPY 💹Time Frame : 11H (forecast) 🍀;92.008
EUR/CAD What Next? SELL! 👩🏼‍💻My Dear Friends, We are all watching EUR/CAD right now, so here is my idea: BIAS: Bearish ENTRY: 1.44913 TARGET: 1.43830 STOP LOSS: 1.45588  #EURCAD 💹Time Frame : 8H (signal) 🍀;1.43830
META My Opinion! SELL! 👩🏼‍💻My Dear Friends, The demand is clearly higher than supply here, therefore: BIAS: Bearish ENTRY: 135.56 TARGET: 127.27  #META 💹Time Frame : 6H (forecast) 💁🏼‍♀️;127.27
DXY On The Rise! BUY! 👩🏼‍💻My Dear Friends, I analysed this chart, and concluded the following: BIAS: Bullish ENTRY: 102.213 TARGET: 104.028  #DXY 💹Time Frame : 10H (forecast) 🙋🏼‍♀️;104.028
GBP/CAD Expected Growth! BUY! 👩🏼‍💻My Dear Friends, I analysed this chart, and concluded the following: BIAS: Bullish ENTRY: 1.64310 TARGET: 1.66244 STOP LOSS: 1.63195  #GBPCAD 💹Time Frame : 12H (signal) 🍀;1.66244
XAUUSD Set To Fall! SELL! 👩🏼‍💻My Dear Friends, This is my opinion on the XAUUSD next move: BIAS: Bearish ENTRY: 1916.13 TARGET: 1843.16  #XAUUSD 💹Time Frame : 12H (forecast) 🍀;1843.16
EUR/USD Will Explode! BUY! 👩🏼‍💻My Dear Friends, Here is my todays forecast on EUR/USD BIAS: Bullish ENTRY: 1.08454 TARGET: 1.09240  #EURUSD 💹Time Frame : 3H (forecast) 💁🏼‍♀️;1.09240
US500 Set To Grow! BUY! 👩🏼‍💻My Dear Friends, This is my opinion on the US500 next move: BIAS: Bullish ENTRY: 4005.3 TARGET: 4099.4 STOP LOSS: 3954.6  #US500 💹Time Frame : 8H (signal) 🙋🏼‍♀️;4099.4
AUD/USD Will Collapse! SELL! 👩🏼‍💻My Dear Friends, I analysed this chart, and concluded the following: BIAS: Bearish ENTRY: 0.70368 TARGET: 0.69006 STOP LOSS: 0.71111  #AUDUSD 💹Time Frame : 11H (signal) 🍀;0.69006
AAPL The Target Is DOWN! SELL! 👩🏼‍💻My Dear Friends, I analysed this chart, and concluded the following: BIAS: Bearish ENTRY: 134.93 TARGET: 125.39 STOP LOSS: 140.17  #AAPL 💹Time Frame : 12H (signal) 💁🏼‍♀️;125.39
NZD/CAD The Target Is UP! BUY! 👩🏼‍💻My Dear Friends, I was thinking about NZD/CAD and my conclusion is this: BIAS: Bullish ENTRY: 0.85052 TARGET: 0.86809 STOP LOSS: 0.85675  #NZDCAD 💹Time Frame : 10H (signal) 💁🏼‍♀️;0.86809
AUD/NZD Buyers In Panic! SELL! 👩🏼‍💻My Dear Friends, My technical analysis on this pair is below: BIAS: Bearish ENTRY: 1.08026 TARGET: 1.06405  #AUDNZD 💹Time Frame : 11H (forecast) 🙋🏼‍♀️;1.06405
DXY Sellers In Panic! BUY! 👩🏼‍💻My Dear Friends, This is my opinion on the DXY next move: BIAS: Bullish ENTRY: 102.273 TARGET: 104.021  #DXY 💹Time Frame : 12H (forecast) 🍀;104.021
USD/CAD Under Pressure! SELL! 👩🏼‍💻My Dear Friends, USD/CAD looks like it will make a good move, and here are the details: BIAS: Bearish ENTRY: 1.24403 TARGET: 1.33996 STOP LOSS: 1.34635  #USDCAD 💹Time Frame : 3H (signal) 💁🏼‍♀️;1.33996
SPY Massive Long! BUY! 👩🏼‍💻My Dear Friends, I analysed this chart, and concluded the following: BIAS: Bullish ENTRY: 390.29 TARGET: 402.27 STOP LOSS: 383.91  #SPY 💹Time Frame : 10H (signal) 💁🏼‍♀️;402.27
EUR/USD Technical Analysis! BUY! 👩🏼‍💻My Dear Friends, Here is my todays forecast on EUR/USD BIAS: Bullish ENTRY: 1.08450 TARGET: 1.09697  #EURUSD 💹Time Frame : 11H (forecast) 🍀;1.09697
CAD/JPY A Fall Expected! SELL! 👩🏼‍💻My Dear Friends, My technical analysis on this pair is below: BIAS: Bearish ENTRY: 96.756 TARGET: 195.904  #CADJPY 💹Time Frame : 3H (forecast) 🍀;195.904
SPX500 Expected Growth! BUY! 👩🏼‍💻My Dear Friends, The demand is clearly higher than supply here, therefore: BIAS: Bullish ENTRY: 3970.65 TARGET: 4040.14  #SPX500 💹Time Frame : 5H (forecast) 💁🏼‍♀️;4040.14
EUR/CAD Trading Opportunity! SELL! 👩🏼‍💻My Dear Friends, I was thinking about EUR/CAD and my conclusion is this: BIAS: Bearish ENTRY: 1.45205 TARGET: 1.44308 STOP LOSS: 1.45715  #EURCAD 💹Time Frame : 5H (signal) 🙋🏼‍♀️;1.44308
XAGUSD Technical Analysis! SELL! 👩🏼‍💻My Dear Friends, This is my opinion on the XAGUSD next move: BIAS: Bearish ENTRY: 23.909 TARGET: 23.401 STOP LOSS: 24.191  #XAGUSD 💹Time Frame : 5H (signal) 🍀;23.401
EUR/USD What Next? BUY! 👩🏼‍💻My Dear Friends, The demand is clearly higher than supply here, therefore: BIAS: Bullish ENTRY: 1.08546 TARGET: 1.08945 STOP LOSS: 1.08314  #EURUSD 💹Time Frame : 2H (signal) 🍀;1.08945
XAUUSD Trading Opportunity! BUY! 👩🏼‍💻My Dear Friends, We are all watching XAUUSD right now, so here is my idea: BIAS: Bullish ENTRY: 1925.66 TARGET: 1946.14 STOP LOSS: 1913.85  #XAUUSD 💹Time Frame : 3H (signal) 🙋🏼‍♀️;1946.14
GBP/JPY What Next? SELL! 👩🏼‍💻My Dear Friends, My technical analysis on this pair is below: BIAS: Bearish ENTRY: 160.528 TARGET: 159.505  #GBPJPY 💹Time Frame : 3H (forecast) 💁🏼‍♀️;159.505
TSLA On The Rise! BUY! 👩🏼‍💻My Dear Friends, The demand is clearly higher than supply here, therefore: BIAS: Bullish ENTRY: 133.42 TARGET: 150.77  #TSLA 💹Time Frame : 6H (forecast) 🍀;150.77
USD/JPY My Opinion! SELL! 👩🏼‍💻My Dear Friends, My technical analysis on this pair is below: BIAS: Bearish ENTRY: 130.735 TARGET: 127.337  #USDJPY 💹Time Frame : 7H (forecast) 🍀;127.337
USOIL The Target Is UP! BUY! 👩🏼‍💻My Dear Friends, I analysed this chart, and concluded the following: BIAS: Bullish ENTRY: 82.029 TARGET: 85.065  #USOIL 💹Time Frame : 10H (forecast) 🍀;85.065
EUR/AUD Sellers In Panic! BUY! 👩🏼‍💻My Dear Friends, The demand is clearly higher than supply here, therefore: BIAS: Bullish ENTRY: 1.55370 TARGET: 1.57226 STOP LOSS: 1.54284  #EURAUD 💹Time Frame : 12H (signal) 🙋🏼‍♀️;1.57226
XAGUSD Set To Fall! SELL! 👩🏼‍💻My Dear Friends, My technical analysis on this pair is below: BIAS: Bearish ENTRY: 23.512 TARGET: 23.011  #XAGUSD 💹Time Frame : 8H (forecast) 🍀;23.011
GBP/USD A Fall Expected! SELL! 👩🏼‍💻My Dear Friends, GBP/USD looks like it will make a good move, and here are the details: BIAS: Bearish ENTRY: 1.23142 TARGET: 1.21006 STOP LOSS: 1.24362  #GBPUSD 💹Time Frame : 12H (signal) 🙋🏼‍♀️;1.21006
AUD/JPY Will Collapse! SELL! 👩🏼‍💻My Dear Friends, Here is my todays forecast on AUD/JPY BIAS: Bearish ENTRY: 91.730 TARGET: 88.988  #AUDJPY 💹Time Frame : 12H (forecast) 🍀;88.988
USD/CAD Expected Growth! BUY! 👩🏼‍💻My Dear Friends, Here is my todays forecast on USD/CAD BIAS: Bullish ENTRY: 1.34094 TARGET: 1.35229  #USDCAD 💹Time Frame : 9H (forecast) 🍀;1.35229
XAUUSD What Next? SELL! 👩🏼‍💻My Dear Friends, XAUUSD looks like it will make a good move, and here are the details: BIAS: Bearish ENTRY: 1932.70 TARGET: 1920.20 STOP LOSS: 1938.20  #XAUUSD 💹Time Frame : 3H (signal) 🙋🏼‍♀️;1920.20
NZD/JPY Trading Opportunity! SELL! 👩🏼‍💻My Dear Friends, The demand is clearly higher than supply here, therefore: BIAS: Bearish ENTRY: 83.788 TARGET: 83.105  #NZDJPY 💹Time Frame : 7H (forecast) 💁🏼‍♀️;83.105
DXY On The Rise! BUY! 👩🏼‍💻My Dear Friends, We are all watching DXY right now, so here is my idea: BIAS: Bullish ENTRY: 101.886 TARGET: 102.906 STOP LOSS: 101.302  #DXY 💹Time Frame : 11H (signal) 🍀;102.906
EUR-NZD Massive Long! BUY! 👩🏼‍💻My Dear Friends, This is my opinion on the EUR-NZD next move: BIAS: Bullish ENTRY: 1.67331 TARGET: 1.6868 STOP LOSS: 1.66679  #EURNZD 💹Time Frame : 5H (signal) 🍀;1.6868
SPY Set To Fall! SELL! 👩🏼‍💻My Dear Friends, My technical analysis on this pair is below: BIAS: Bearish ENTRY: 4071 TARGET: 3979.00 STOP LOSS: 4130.00  #SPY 💹Time Frame : 5H (signal) 🍀;3979.00
USD/CAD Expected Growth! BUY! 👩🏼‍💻My Dear Friends, This is my opinion on the USD/CAD next move: BIAS: Bullish ENTRY: 1.33065 TARGET: 1.33611 STOP LOSS: 1.32744  #USDCAD 💹Time Frame : 5H (signal) 🍀;1.33611
EUR/JPY Buyers In Panic! SELL! 👩🏼‍💻My Dear Friends, We are all watching EUR/JPY right now, so here is my idea: BIAS: Bearish ENTRY: 141.094 TARGET: 139.934 STOP LOSS: 141.744  #EURJPY 💹Time Frame : 11H (signal) 💁🏼‍♀️;139.934
USOIL The Target Is DOWN! SELL! 👩🏼‍💻My Dear Friends, The demand is clearly higher than supply here, therefore: BIAS: Bearish ENTRY: 79.410 TARGET: 77.398  #USOIL 💹Time Frame : 12H (forecast) 🍀;77.398
EUR/CAD Massive Short! SELL! 👩🏼‍💻My Dear Friends, My technical analysis on this pair is below: BIAS: Bearish ENTRY: 1.44607 TARGET: 1.43206 STOP LOSS: 1.45420  #EURCAD 💹Time Frame : 12H (signal) 🍀;1.43206
EUR/USD Under Pressure! SELL! 👩🏼‍💻My Dear Friends, I analysed this chart, and concluded the following: BIAS: Bearish ENTRY: 1.08660 TARGET: 1.08919 STOP LOSS: 1.08226  #EURUSD 💹Time Frame : 3H (signal) 🙋🏼‍♀️;1.08919
SPX500 Set To Grow! BUY! 👩🏼‍💻My Dear Friends, I analysed this chart, and concluded the following: BIAS: Bullish ENTRY: 4069.43 TARGET: 4020.34  #SPX500 💹Time Frame : 4H (forecast) 🙋🏼‍♀️;4020.34
XAUUSD Technical Analysis! SELL! 👩🏼‍💻My Dear Friends, This is my opinion on the XAUUSD next move: BIAS: Bearish ENTRY: 1927.28 TARGET: 1880.18  #XAUUSD 💹Time Frame : 10H (forecast) 🍀;1880.18
USD/JPY A Fall Expected! SELL! 👩🏼‍💻My Dear Friends, The demand is clearly higher than supply here, therefore: BIAS: Bearish ENTRY: 130.249 TARGET: 128.502 STOP LOSS: 131.313  #USDJPY 💹Time Frame : 9H (signal) 🍀;128.502
USOIL What Next? SELL! 👩🏼‍💻My Dear Friends, I analysed this chart, and concluded the following: BIAS: Bearish ENTRY: 79.049 TARGET: 77.402  #USOIL 💹Time Frame : 6H (forecast) 🙋🏼‍♀️;77.402
EUR/CAD My Opinion! SELL! 👩🏼‍💻My Dear Friends, This is my opinion on the EUR/CAD next move: BIAS: Bearish ENTRY: 1.45071 TARGET: 1.44009 STOP LOSS: 1.45593  #EURCAD 💹Time Frame : 7H (signal) 💁🏼‍♀️;1.44009
NAS100USD Technical Analysis! SELL! 👩🏼‍💻My Dear Friends, We are all watching NAS100USD right now, so here is my idea: BIAS: Bearish ENTRY: 11952.5 TARGET: 11708.9  #NAS100USD 💹Time Frame : 10H (forecast) 🍀;11708.9
XAUUSD Set To Fall! SELL! 👩🏼‍💻My Dear Friends, This is my opinion on the XAUUSD next move: BIAS: Bearish ENTRY: 1927.47 TARGET: 1863.92 STOP LOSS: 1962.91  #XAUUSD 💹Time Frame : 12H (signal) 🙋🏼‍♀️;1863.92
NZD/USD Will Collapse! SELL! 👩🏼‍💻My Dear Friends, Here is my todays forecast on NZD/USD BIAS: Bearish ENTRY: 0.64599 TARGET: 0.63729  #NZDUSD 💹Time Frame : 7H (forecast) 🍀;0.63729
SPY Expected Growth! BUY! 👩🏼‍💻My Dear Friends, I analysed this chart, and concluded the following: BIAS: Bullish ENTRY: 403.29 TARGET: 415.31  #SPY 💹Time Frame : 9H (forecast) 💁🏼‍♀️;415.31
EUR/USD The Target Is DOWN! SELL! 👩🏼‍💻My Dear Friends, Here is my todays forecast on EUR/USD BIAS: Bearish ENTRY: 1.08613 TARGET: 1.07224 STOP LOSS: 1.09450  #EURUSD 💹Time Frame : 12H (signal) 🙋🏼‍♀️;1.07224
GBP/AUD Massive Short! SELL! 👩🏼‍💻My Dear Friends, This is my opinion on the GBP/AUD next move: BIAS: Bearish ENTRY: 1.74209 TARGET: 1.72528 STOP LOSS: 1.75107  #GBPAUD 💹Time Frame : 4H (signal) 🍀;1.72528
TSLA Buyers In Panic! SELL! 👩🏼‍💻My Dear Friends, TSLA looks like it will make a good move, and here are the details: BIAS: Bearish ENTRY: 172.38 TARGET: 152.52  #TSLA 💹Time Frame : 5H (forecast) 🙋🏼‍♀️;152.52
NZD/CAD Under Pressure! SELL! 👩🏼‍💻My Dear Friends, We are all watching NZD/CAD right now, so here is my idea: BIAS: Bearish ENTRY: 0.85851 TARGET: 0.84812  #NZDCAD 💹Time Frame : 12H (forecast) 💁🏼‍♀️;0.84812
DXY What Next? BUY! 👩🏼‍💻My Dear Friends, My technical analysis on this pair is below: BIAS: Bullish ENTRY: 101.713 TARGET: 103.040 STOP LOSS: 100.966  #DXY 💹Time Frame : 12H (signal) 🍀;103.040
US100 My Opinion! BUY! 👩🏼‍💻My Dear Friends, The demand is clearly higher than supply here, therefore: BIAS: Bullish ENTRY: 12515.7 TARGET: 13018.5  #US100 💹Time Frame : 8H (forecast) 🍀;13018.5
EUR/CHF Trading Opportunity! SELL! 👩🏼‍💻My Dear Friends, I analysed this chart, and concluded the following: BIAS: Bearish ENTRY: 0.99516 TARGET: 0.99125 STOP LOSS: 0.99740  #EURCHF 💹Time Frame : 2H (signal) 🙋🏼‍♀️;0.99125
AUD/CHF Technical Analysis! SELL! 👩🏼‍💻My Dear Friends, I analysed this chart, and concluded the following: BIAS: Bearish ENTRY: 0.64587 TARGET: 0.63606  #AUDCHF 💹Time Frame : 11H (forecast) 💁🏼‍♀️;0.63606
UKOIL A Fall Expected! SELL! 👩🏼‍💻My Dear Friends, Here is my todays forecast on UKOIL BIAS: Bearish ENTRY: 82.479 TARGET: 79.061 STOP LOSS: 84.111  #UKOIL 💹Time Frame : 12H (signal) 🍀;79.061
EUR/GBP Will Explode! BUY! 👩🏼‍💻My Dear Friends, Here is my todays forecast on UKOIL BIAS: Bearish ENTRY: 82.479 TARGET: 79.061 STOP LOSS: 84.111  #EURGBP 💹Time Frame : 9H (forecast) 💁🏼‍♀️;79.061
SPY Sellers In Panic! BUY! 👩🏼‍💻My Dear Friends, I was thinking about SPY and my conclusion is this: BIAS: Bullish ENTRY: 416.53 TARGET: 1425.41  #SPY 💹Time Frame : 3H (forecast) 🙋🏼‍♀️;1425.41
EUR/USD Set To Grow! BUY! 👩🏼‍💻My Dear Friends, This is my opinion on the EUR/USD next move: BIAS: Bullish ENTRY: 1.08490 TARGET: 1.10530 STOP LOSS: 1.07209  #EURUSD 💹Time Frame : 12H (signal) 🍀;1.10530
XAUUSD The Target Is UP! BUY! 👩🏼‍💻My Dear Friends, My technical analysis on this pair is below: BIAS: Bullish ENTRY: 1873.53 TARGET: 1925.17 STOP LOSS: 1842.52  #XAUUSD 💹Time Frame : 12H (signal) 🙋🏼‍♀️;1925.17
AUD/USD Massive Long! BUY! 👩🏼‍💻My Dear Friends, I was thinking about AUD/USD and my conclusion is this: BIAS: Bullish ENTRY: 0.69205 TARGET: 0.70204 STOP LOSS: 0.68633  #AUDUSD 💹Time Frame :9H (signal) 🙋🏼‍♀️;0.70204
XAGUSD Technical Analysis! BUY! 👩🏼‍💻My Dear Friends, We are all watching XAGUSD right now, so here is my idea: BIAS: Bullish ENTRY: 22.322 TARGET: 22.811  #XAGUSD 💹Time Frame :4H (forecast) 💁🏼‍♀️;22.811
GBP/CAD Expected Growth! BUY! 👩🏼‍💻My Dear Friends, EUR-USD looks like it will make a good move, and here are the details: BIAS: Bullish ENTRY: 1.61433 TARGET: 1.62796 STOP LOSS: 1.60666  #GBPCAD 💹Time Frame :11H (signal) 🙋🏼‍♀️;1.62796
SPY On The Rise! BUY! 👩🏼‍💻My Dear Friends, The demand is clearly higher than supply here, therefore: BIAS: Bullish ENTRY: 412.33 TARGET: 421.67  #SPY 💹Time Frame :9H (forecast) 🍀;421.67
USD/JPY Trading Opportunity! BUY! 👩🏼‍💻My Dear Friends, I was thinking about USD/JPY and my conclusion is this: BIAS: Bullish ENTRY: 131.175 TARGET: 132.429 STOP LOSS: 130.443  #USDJPY 💹Time Frame :8H (signal) 🙋🏼‍♀️;132.429
USD/CHF A Fall Expected! SELL! 👩🏼‍💻My Dear Friends, We are all watching USD/CHF right now, so here is my idea: BIAS: Bearish ENTRY: 0.92582 TARGET: 0.91934  #USDCHF 💹Time Frame :10H (forecast) 💁🏼‍♀️;0.91934
XAUUSD The Target Is DOWN! SELL! 👩🏼‍💻My Dear Friends, XAUUSD looks like it will make a good move, and here are the details: BIAS: Bearish ENTRY: 1864.61 TARGET: 1827.78 STOP LOSS: 1885.02  #XAUUSD 💹Time Frame :12H (signal) 🙋🏼‍♀️;1827.78
NZD/JPY Buyers In Panic! SELL! 👩🏼‍💻My Dear Friends, Here is my todays forecast on NZD/JPY BIAS: Bearish ENTRY: 83.378 TARGET: 82.054 STOP LOSS: 84.186  #NZDJPY 💹Time Frame :12H (signal) 🍀;82.054
DXY What Next? BUY! 👩🏼‍💻My Dear Friends, I analysed this chart, and concluded the following: BIAS: Bullish ENTRY: 103.646 TARGET: 104.508  #DXY 💹Time Frame :3H (forecast) 💁🏼‍♀️;104.508
USD/CAD Massive Short! SELL! 👩🏼‍💻My Dear Friends, We are all watching USD/CAD right now, so here is my idea: BIAS: Bearish ENTRY: 1.34448 TARGET: 1.33605  #USDCAD 💹Time Frame :7H (forecast) 🙋🏼‍♀️;1.33605
USOIL My Opinion! BUY! 👩🏼‍💻My Dear Friends, The demand is clearly higher than supply here, therefore: BIAS: Bullish ENTRY: 73.741 TARGET: 78.202 STOP LOSS: 71.170  #USOIL 💹Time Frame :11H (signal) 🍀;78.202
USD/JPY Set To Grow! BUY! 👩🏼‍💻My Dear Friends, I analysed this chart, and concluded the following: BIAS: Bullish ENTRY: 131.348 TARGET: 134.529 STOP LOSS: 129.464  #USDJPY 💹Time Frame :12H (signal) 💁🏼‍♀️;134.529
GBP/JPY Will Explode! BUY! 👩🏼‍💻My Dear Friends, GBP/JPY looks like it will make a good move, and here are the details: BIAS: Bullish ENTRY: 151.717 TARGET: 159.281  #GBPJPY 💹Time Frame :7H (forecast) 🙋🏼‍♀️;159.281
DXY Under Pressure! SELL! 👩🏼‍💻My Dear Friends, Here is my todays forecast on DXY BIAS: Bearish ENTRY: 103.656 TARGET: 102.601  #DXY 💹Time Frame :5H (forecast) 🍀;102.601
XAUUSD Technical Analysis! SELL! 👩🏼‍💻My Dear Friends, We are all watching XAUUSD right now, so here is my idea: BIAS: Bearish ENTRY: 1874.66 TARGET: 1840.21 STOP LOSS: 1893.51  #XAUUSD 💹Time Frame :11H (signal) 🙋🏼‍♀️;1840.21
XAGUSD The Target Is UP! BUY! 👩🏼‍💻My Dear Friends, We are all watching XAGUSD right now, so here is my idea: BIAS: Bullish ENTRY: 22.386 TARGET: 22.809  #XAGUSD 💹Time Frame :6H (forecast) 🍀;22.809
EUR/CHF Sellers In Panic! BUY! 👩🏼‍💻My Dear Friends, EUR/CHF looks like it will make a good move, and here are the details: BIAS: Bullish ENTRY: 0.98733 TARGET: 0.99071  #EURCHF 💹Time Frame :3H (forecast) 💁🏼‍♀️;0.99071
NAS100USD Trading Opportunity! SELL! 👩🏼‍💻My Dear Friends, The demand is clearly higher than supply here, therefore: BIAS: Bearish ENTRY: 12534.6 TARGET: 12007.7 STOP LOSS: 12833.9  #NAS100USD 💹Time Frame :11H (signal) 🙋🏼‍♀️;12007.7
USD/CAD A Fall Expected! SELL! 👩🏼‍💻My Dear Friends, My technical analysis on this pair is below: BIAS: Bearish ENTRY: 1.34349 TARGET: 1.32997 STOP LOSS: 1.35108  #USDCAD 💹Time Frame :12H (signal) 🍀;1.32997
XAUUSD What Next? SELL! 👩🏼‍💻My Dear Friends, This is my opinion on the XAUUSD next move: BIAS: Bearish ENTRY: 1872.36 TARGET: 1845.05 STOP LOSS: 1889.08  #XAUUSD 💹Time Frame :9H (signal) 🍀;1845.05
NZD/CHF My Opinion! SELL! 👩🏼‍💻My Dear Friends, The demand is clearly higher than supply here, therefore: BIAS: Bearish ENTRY: 0.58351 TARGET: 0.57860  #NZDCHF 💹Time Frame :5H (forecast) 💁🏼‍♀️;0.57860
USD/JPY Massive Long! BUY! 👩🏼‍💻My Dear Friends, My technical analysis on this pair is below: BIAS: Bullish ENTRY: 130.999 TARGET: 132.803 STOP LOSS: 130.064  #USDJPY 💹Time Frame :11H (signal) 🙋🏼‍♀️;132.803
DXY Technical Analysis! BUY! 👩🏼‍💻My Dear Friends, Here is my todays forecast on DXY BIAS: Bullish ENTRY: 102.977 TARGET: 104.509  #DXY 💹Time Frame :12H (forecast) 🍀;104.509
GBP/USD Set To Fall! SELL! 👩🏼‍💻My Dear Friends, GBP/USD looks like it will make a good move, and here are the details: BIAS: Bearish ENTRY: 1.20515 TARGET: 1.19030 STOP LOSS: 1.21364  #GBPUSD 💹Time Frame :7H (signal) 🍀;1.19030
SPX The Target Is DOWN! SELL! 👩🏼‍💻My Dear Friends, Here is my todays forecast on SPX BIAS: Bearish ENTRY: 4079.17 TARGET: 4001.25  #SPX 💹Time Frame :7H (forecast) 💁🏼‍♀️;4001.25
SPY Will Collapse! SELL! 👩🏼‍💻My Dear Friends, We are all watching SPY right now, so here is my idea: BIAS: Bearish ENTRY: 407. 01 TARGET: 388.30  #SPY 💹Time Frame :12H (forecast) 🙋🏼‍♀️;388.30
EUR/USD Buyers In Panic! SELL! 👩🏼‍💻My Dear Friends, The demand is clearly higher than supply here, therefore: BIAS: Bearish ENTRY: 1.06742 TARGET: 1.05543 STOP LOSS: 1.07418  #EURUSD 💹Time Frame :12H (signal) 🍀;1.05543
USD/JPY Technical Analysis! BUY! 👩🏼‍💻My Dear Friends, USD/JPY looks like it will make a good move, and here are the details: BIAS: Bullish ENTRY: 131.418 TARGET: 133.505 STOP LOSS: 130.272  #USDJPY 💹Time Frame :3H (signal) 💁🏼‍♀️;133.505
USOIL Massive Short! SELL! 👩🏼‍💻My Dear Friends, My technical analysis on this pair is below: BIAS: Bearish ENTRY: 79.811 TARGET: 78.015  #USOIL 💹Time Frame :2H (forecast) 🙋🏼‍♀️;78.015
AAPL Technical Analysis! SELL! 👩🏼‍💻My Dear Friends, We are all watching AAPL right now, so here is my idea: BIAS: Bearish ENTRY: 151.02 TARGET: 144.11 STOP LOSS: 154.84  #AAPL 💹Time Frame :11H (signal) 🍀;144.11
NZD/CAD Under Pressure! SELL! 👩🏼‍💻My Dear Friends, The demand is clearly higher than supply here, therefore: BIAS: Bearish ENTRY: 0.84154 TARGET: 0.83278  #NZDCAD 💹Time Frame :12H (forecast) 💁🏼‍♀️;0.83278
AUD/JPY Will Explode! BUY! 👩🏼‍💻My Dear Friends, AUD/JPY looks like it will make a good move, and here are the details: BIAS: Bullish ENTRY: 90.868 TARGET: 92.664 STOP LOSS: 89.882  #AUDJPY 💹Time Frame :9H (signal) 🍀🍀;92.664
GBP/CAD My Opinion! BUY! 👩🏼‍💻My Dear Friends, I analysed this chart, and concluded the following: BIAS: Bullish ENTRY: 1.60865 TARGET: 1.63100  #GBPCAD 💹Time Frame :11H (forecast) 💁🏼‍♀️;1.63100
SPY The Target Is DOWN! SELL! 👩🏼‍💻My Dear Friends, The demand is clearly higher than supply here, therefore: BIAS: Bearish ENTRY: 408.04 TARGET: 388.03  #SPY 💹Time Frame :10H (forecast) 🙋🏼‍♀️;388.03
DXY Set To Grow! BUY! 👩🏼‍💻My Dear Friends, My technical analysis on this pair is below: BIAS: Bullish ENTRY: 103.578 TARGET: 104.548 STOP LOSS: 103.004  #DXY 💹Time Frame :12H (signal) 🍀;104.548
CAD/CHF The Target Is UP! BUY! 👩🏼‍💻My Dear Friends, My technical analysis on this pair is below: BIAS: Bullish ENTRY: 0.69013 TARGET: 0.69612 STOP LOSS: 0.68661  #CADCHF 💹Time Frame :9H (signal) 💁🏼‍♀️;0.69612
NAS100 On The Rise! BUY! 👩🏼‍💻My Dear Friends, My technical analysis on this pair is below: BIAS: Bullish ENTRY: 12474.30 TARGET: 12872.03  #NAS100 💹Time Frame :8H (forecast) 🙋🏼‍♀️;12872.03
XAGUSD Under Pressure! SELL! 👩🏼‍💻My Dear Friends, This is my opinion on the XAGUSD next move: BIAS: Bearish ENTRY: 21.842 TARGET: 21.170 STOP LOSS: 22.235  #XAGUSD 💹Time Frame :3H (signal) 🍀;21.170
EUR/USD Buyers In Panic! SELL! 👩🏼‍💻My Dear Friends, The demand is clearly higher than supply here, therefore: BIAS: Bearish ENTRY: 1.07125 TARGET: 1.05772  #EURUSD 💹Time Frame :12H (forecast) 💁🏼‍♀️;1.05772
DXY Trading Opportunity! BUY! 👩🏼‍💻My Dear Friends, My technical analysis on this pair is below: BIAS: Bullish ENTRY: 103.095 TARGET: 104.240 STOP LOSS: 102.428  #DXY 💹Time Frame :9H (signal) 🍀;104.240
XAUUSD What Next? BUY! 👩🏼‍💻My Dear Friends, Here is my todays forecast on XAUUSD BIAS: Bullish ENTRY: 1849.73 TARGET: 1888.13  #XAUUSD 💹Time Frame :6H (forecast) 💁🏼‍♀️;1888.13
GBP/NZD Technical Analysis! SELL! 👩🏼‍💻My Dear Friends, This is my opinion on the GBP/NZD next move: BIAS: Bearish ENTRY: 1.92145 TARGET: 1.90020  #GBPNZD 💹Time Frame :8H (forecast) 🙋🏼‍♀️;1.90020
NAS100USD A Fall Expected! SELL! 👩🏼‍💻My Dear Friends, I was thinking about NAS100USD and my conclusion is this: BIAS: Bearish ENTRY: 12430.8 TARGET: 11800.1 STOP LOSS: 12774.2  #NAS100USD 💹Time Frame :12H (signal) 🍀;11800.1
GBP/AUD Trading Opportunity! SELL! 👩🏼‍💻My Dear Friends, The demand is clearly higher than supply here, therefore: BIAS: Bearish ENTRY: 1.74600 TARGET: 1.73425  #GBPAUD 💹Time Frame :3H (forecast) 💁🏼‍♀️;1.73425
NQ1! My Opinion! BUY! 👩🏼‍💻My Dear Friends, This is my opinion on the NQ1! next move: BIAS: Bullish ENTRY: 12600.50 TARGET: 12995.00 STOP LOSS: 12381.75  #NQ1 ! 💹Time Frame :9H (signal) 🙋🏼‍♀️;12995.00
US500 My Opinion! SELL! 👩🏼‍💻My Dear Friends, We are all watching US500 right now, so here is my idea: BIAS: Bearish ENTRY: 4125.6 TARGET: 4018.6 STOP LOSS: 4185.1  #US500 💹Time Frame :11H (signal) 🍀;4018.6
CHF/JPY What Next? SELL! 👩🏼‍💻My Dear Friends, My technical analysis on this pair is below: BIAS: Bearish ENTRY: 145.083 TARGET: 140.535  #CHFJPY 💹Time Frame :12H (forecast) 💁🏼‍♀️;140.535
AAPL Will Explode! BUY! 👩🏼‍💻My Dear Friends, The demand is clearly higher than supply here, therefore: BIAS: Bullish ENTRY: 155.09 TARGET: 165.31 STOP LOSS: 149.08  #AAPL 💹Time Frame :5H (signal) 🍀;165.31
NZD/CHF Set To Fall! SELL! 👩🏼‍💻My Dear Friends, NZD/CHF looks like it will make a good move, and here are the details: BIAS: Bearish ENTRY: 0.57847 TARGET: 0.57437  #NZDCHF 💹Time Frame :5H (forecast) 💁🏼‍♀️;0.57437
EUR/USD Will Collapse! SELL! 👩🏼‍💻My Dear Friends, We are all watching EUR/USD right now, so here is my idea: BIAS: Bearish ENTRY: 1.06733 TARGET: 1.05710 STOP LOSS: 1.07295  #EURUSD 💹Time Frame :10H (signal) 🍀;1.05710
XAUUSD Set To Grow! BUY! 👩🏼‍💻My Dear Friends, I analysed this chart, and concluded the following: BIAS: Bullish ENTRY: 1833.43 TARGET: 1900.26  #XAUUSD 💹Time Frame :11H (forecast) 🙋🏼‍♀️;1900.26
DXY The Target Is UP! BUY! 👩🏼‍💻My Dear Friends, I was thinking about DXY and my conclusion is this: BIAS: Bullish ENTRY: 104.109 TARGET: 105.204  #DXY 💹Time Frame :7H (forecast) 🍀;105.204
EUR/JPY Massive Long! BUY! 👩🏼‍💻My Dear Friends, This is my opinion on the EUR/JPY next move: BIAS: Bullish ENTRY: 143.208 TARGET: 144.283  #EURJPY 💹Time Frame :2H (forecast) 💁🏼‍♀️;144.283
CAD/JPY Sellers In Panic! BUY! 👩🏼‍💻My Dear Friends, CAD/JPY looks like it will make a good move, and here are the details: BIAS: Bullish ENTRY: 99.494 TARGET: 100.902 STOP LOSS: 98.759  #CADJPY 💹Time Frame :8H (signal) 🙋🏼‍♀️;100.902
USOIL The Target Is DOWN! SELL! 👩🏼‍💻My Dear Friends, My technical analysis on this pair is below: BIAS: Bearish ENTRY: 76.304 TARGET: 72.907 STOP LOSS: 78.297  #USOIL 💹Time Frame :12H (signal) 🍀;72.907
US500 Buyers In Panic! SELL! 👩🏼‍💻My Dear Friends, The demand is clearly higher than supply here, therefore: BIAS: Bearish ENTRY: 4075.8 TARGET: 4002.3 STOP LOSS: 4115.5  #US500 💹Time Frame :9H (signal) 💁🏼‍♀️;4002.3
XAGUSD Expected Growth! BUY! 👩🏼‍💻My Dear Friends, This is my opinion on the XAGUSD next move: BIAS: Bullish ENTRY: 21.709 TARGET: 22.446  #XAGUSD 💹Time Frame :7H (forecast) 🙋🏼‍♀️;22.446
AUD/USD Massive Short! SELL! 👩🏼‍💻My Dear Friends, We are all watching AUD/USD right now, so here is my idea: BIAS: Bearish ENTRY: 0.68771 TARGET: 0.67970  #AUDUSD 💹Time Frame :10H (forecast) 🍀;0.67970
USD/CHF Technical Analysis! BUY! 👩🏼‍💻My Dear Friends, We are all watching USD/CHF right now, so here is my idea: BIAS: Bullish ENTRY: 0.92413 TARGET: 0.93500 STOP LOSS: 0.91821  #USDCHF 💹Time Frame :12H (signal) 💁🏼‍♀️;0.93500
NZD/USD On The Rise! BUY! 👩🏼‍💻My Dear Friends, The demand is clearly higher than supply here, therefore: BIAS: Bullish ENTRY: 0.62405 TARGET: 0.62799  #NZDUSD 💹Time Frame : 4H (forecast) 🍀;0.62799
EUR/GBP Trading Opportunity! BUY! 👩🏼‍💻My Dear Friends, My technical analysis on this pair is below: BIAS: Bullish ENTRY: 0.88774 TARGET: 0.89407  #EURGBP 💹Time Frame : 6H (forecast) 🙋🏼‍♀️;0.89407
XAUUSD My Opinion! SELL! 👩🏼‍💻My Dear Friends, XAUUSD looks like it will make a good move, and here are the details: BIAS: Bearish ENTRY: 1841.69 TARGET: 1810.76 STOP LOSS: 1859.73  #XAUUSD 💹Time Frame : 6H (signal) 🍀;1810.76
DXY Sellers In Panic! BUY! 👩🏼‍💻My Dear Friends, DXY looks like it will make a good move, and here are the details: BIAS: Bullish ENTRY: 103.881 TARGET: 105.100 STOP LOSS: 103.196  #DXY 💹Time Frame : 10H (signal) 💁🏼‍♀️;105.100
NZD/CHF Set To Fall! SELL! 👩🏼‍💻My Dear Friends, This is my opinion on the NZD/CHF next move: BIAS: Bearish ENTRY: 0.57788 TARGET: 0.56990 STOP LOSS: 0.58180  #NZDCHF 💹Time Frame : 6H (signal) 🍀;0.56990
US30 Massive Long! BUY! 👩🏼‍💻My Dear Friends, I analysed this chart, and concluded the following: BIAS: Bullish ENTRY: 33703.09 TARGET: 34338.84  #US30 💹Time Frame : 12H (forecast) 💁🏼‍♀️;34338.84
EUR/USD The Target Is DOWN! SELL! 👩🏼‍💻My Dear Friends, Here is my todays forecast on EUR/USD BIAS: Bearish ENTRY: 1.06847 TARGET: 1.05866 STOP LOSS: 1.07402  #EURUSD 💹Time Frame : 11H (signal) 🍀;1.05866
CAD/JPY Technical Analysis! BUY! 👩🏼‍💻My Dear Friends, The demand is clearly higher than supply here, therefore: BIAS: Bullish ENTRY: 99.876 TARGET: 101.007  #CADJPY 💹Time Frame : 9H (forecast) 💁🏼‍♀️;101.007
AUD/NZD Expected Growth! BUY! 👩🏼‍💻My Dear Friends, Here is my todays forecast on AUD/NZD BIAS: Bullish ENTRY: 1.10488 TARGET: 1.11432  #AUDNZD 💹Time Frame : 12H (forecast) 🙋🏼‍♀️;1.11432
DXY On The Rise! BUY! 👩🏼‍💻My Dear Friends, I analysed this chart, and concluded the following: BIAS: Bullish ENTRY: 104.089 TARGET: 105.502 STOP LOSS: 103.262  #DXY 💹Time Frame : 7H (signal) 🍀;105.502
XAUUSD Trading Opportunity! BUY! 👩🏼‍💻My Dear Friends, I was thinking about XAUUSD and my conclusion is this: BIAS: Bullish ENTRY: 1833.37 TARGET: 1861.25 STOP LOSS: 1816.17  #XAUUSD 💹Time Frame : 7H (signal) 💁🏼‍♀️;1861.25
EUR/NZD What Next? BUY! 👩🏼‍💻My Dear Friends, EUR/NZD looks like it will make a good move, and here are the details: BIAS: Bullish ENTRY: 1.70490 TARGET: 1.72702  #EURNZD 💹Time Frame : 12H (forecast) 🍀;1.72702
EUR/JPY Technical Analysis! SELL! 👩🏼‍💻My Dear Friends, The demand is clearly higher than supply here, therefore: BIAS: Bearish ENTRY: 143.191 TARGET: 142.008 STOP LOSS: 143.823  #EURJPY 💹Time Frame : 11H (signal) 💁🏼‍♀️;142.008
XAGUSD Set To Grow! BUY! 👩🏼‍💻My Dear Friends, This is my opinion on the XAGUSD next move: BIAS: Bullish ENTRY: 21.636 TARGET: 23.157  #XAGUSD 💹Time Frame : 10H (forecast) 🍀;23.157
USD/CAD Will Explode! BUY! 👩🏼‍💻My Dear Friends, The demand is clearly higher than supply here, therefore: BIAS: Bullish ENTRY: 1.35344 TARGET: 1.35910  #USDCAD 💹Time Frame : 4H (forecast) 💁🏼‍♀️;1.35910
GBP/AUD The Target Is UP! BUY! 👩🏼‍💻My Dear Friends, We are all watching GBP/AUD right now, so here is my idea: BIAS: Bullish ENTRY: 1.76545 TARGET: 1.78509 STOP LOSS: 1.75508  #GBPAUD 💹Time Frame : 5H (signal) 🙋🏼‍♀️;1.78509
DXY A Fall Expected! SELL! 👩🏼‍💻My Dear Friends, The demand is clearly higher than supply here, therefore: BIAS: Bearish ENTRY: 104.472 TARGET: 102.993 STOP LOSS: 105.251  #DXY 💹Time Frame : 12H (signal) 🍀;102.993
USOIL Trading Opportunity! SELL! 👩🏼‍💻My Dear Friends, My technical analysis on this pair is below: BIAS: Bearish ENTRY: 75.584 TARGET: 72.102  #USOIL 💹Time Frame : 12H (forecast) 💁🏼‍♀️;72.102
USD/JPY Set To Rise! BUY! 👩🏼‍💻My Dear Friends, USD/JPY looks like it will make a good move, and here are the details: BIAS: Bullish ENTRY: 136.204 TARGET: 137.716 STOP LOSS: 135.330  #USDJPY 💹Time Frame : 3H (signal) 🍀;137.716
EUR/JPY The Target Is DOWN! SELL! 👩🏼‍💻My Dear Friends, I was thinking about EUR/JPY and my conclusion is this: BIAS: Bearish ENTRY: 143.800 TARGET: 142.062 STOP LOSS: 144.750  #EURJPY 💹Time Frame : 10H (signal) 🙋🏼‍♀️;142.062
AAPL What Next? SELL! 👩🏼‍💻My Dear Friends, The demand is clearly higher than supply here, therefore: BIAS: Bearish ENTRY: 146.30 TARGET: 140.05  #AAPL 💹Time Frame : 11H (forecast) 💁🏼‍♀️;140.05
US100 Will Collapse! SELL! 👩🏼‍💻My Dear Friends, This is my opinion on the US100 next move: BIAS: Bearish ENTRY: 11917.0 TARGET: 11412.5  #US100 💹Time Frame : 12H (forecast) 🍀;11412.5
AUD/CHF On The Rise! BUY! 👩🏼‍💻My Dear Friends, This is my opinion on the AUD/CHF next move: BIAS: Bullish ENTRY: 0.63228 TARGET: 0.63511  #AUDCHF 💹Time Frame : 4H (forecast) 💁🏼‍♀️;0.63511
AUD/NZD Trading Opportunity! BUY! 👩🏼‍💻My Dear Friends, I analysed this chart, and concluded the following: BIAS: Bullish ENTRY: 1.09002 TARGET: 1.09403 STOP LOSS: 1.08780  #AUDNZD 💹Time Frame : 4H (signal) 🙋🏼‍♀️;1.09403
XAUUSD Buyers In Panic! SELL! 👩🏼‍💻My Dear Friends, I was thinking about XAUUSD and my conclusion is this: BIAS: Bearish ENTRY: 1810.45 TARGET: 1780.81  #XAUUSD 💹Time Frame : 6H (forecast) 🍀;1780.81
NAS100 Massive Short! SELL! 👩🏼‍💻My Dear Friends, My technical analysis on this pair is below: BIAS: Bearish ENTRY: 11964.70 TARGET: 11600.06 STOP LOSS: 12175.98  #NAS100 💹Time Frame : 12H (signal) 💁🏼‍♀️;11600.06
USD/JPY Set To Grow! BUY! 👩🏼‍💻My Dear Friends, I analysed this chart, and concluded the following: BIAS: Bullish ENTRY: 136.469 TARGET: 138.092  #USDJPY 💹Time Frame : 5H (forecast) 🍀;138.092
DXY Will Explode! BUY! 👩🏼‍💻My Dear Friends, This is my opinion on the DXY next move: BIAS: Bullish ENTRY: 105.260 TARGET: 106.500 STOP LOSS: 104.555  #DXY 💹Time Frame : 7H (signal) 💁🏼‍♀️;106.500
XAGUSD My Opinion! BUY! 👩🏼‍💻My Dear Friends, Here is my todays forecast on XAGUSD BIAS: Bullish ENTRY: 20.734 TARGET: 21.473 STOP LOSS: 20.326  #XAGUSD 💹Time Frame : 11H (signal) 🙋🏼‍♀️;21.473
GBP/USD What Next? BUY! 👩🏼‍💻My Dear Friends, The demand is clearly higher than supply here, therefore: BIAS: Bullish ENTRY: 1.19388 TARGET: 1.20560  #GBPUSD 💹Time Frame : 12H (forecast) 🍀;1.20560
NZD/USD Under Pressure! SELL! 👩🏼‍💻My Dear Friends, The demand is clearly higher than supply here, therefore: BIAS: Bearish ENTRY: 1.61616 TARGET: 0.61020  #NZDUSD 💹Time Frame : 6H (forecast) 💁🏼‍♀️;0.61020
XAUUSD The Target Is UP! BUY! 👩🏼‍💻My Dear Friends, XAUUSD looks like it will make a good move, and here are the details: BIAS: Bullish ENTRY: 1816.93 TARGET: 1830.76 STOP LOSS: 1808.90  #XAUUSD 💹Time Frame : 5H (signal) 🙋🏼‍♀️;1830.76
US500 A Fall Expected! SELL! 👩🏼‍💻My Dear Friends, We are all watching US500 right now, so here is my idea: BIAS: Bearish ENTRY: 3989.8 TARGET: 3923.9  #US500 💹Time Frame : 8H (forecast) 🍀;3923.9
GBP/AUD Technical Analysis! SELL! 👩🏼‍💻My Dear Friends, I analysed this chart, and concluded the following: BIAS: Bearish ENTRY: 1.78990 TARGET: 1.76620 STOP LOSS: 1.80920  #GBPAUD 💹Time Frame : 12H (signal) 💁🏼‍♀️;1.76620
EUR/CAD Trading Opportunity! SELL! 👩🏼‍💻My Dear Friends, We are all watching EUR/CAD right now, so here is my idea: BIAS: Bearish ENTRY: 1.44496 TARGET: 1.44010  #EURCAD 💹Time Frame : 7H (forecast) 🍀;1.44010
DXY On The Rise! BUY! 👩🏼‍💻My Dear Friends, I analysed this chart, and concluded the following: BIAS: Bullish ENTRY: 104.686 TARGET: 105.996  #DXY 💹Time Frame : 9H (forecast) 🙋🏼‍♀️;105.996
GBP/CHF What Next? SELL! 👩🏼‍💻My Dear Friends, My technical analysis on this pair is below: BIAS: Bearish ENTRY: 1.13378 TARGET: 1.12635 STOP LOSS: 1.13725  #GBPCHF 💹Time Frame : 3H (signal) 💁🏼‍♀️;1.12635
USD/JPY Trading Opportunity! BUY! 👩🏼‍💻My Dear Friends, This is my opinion on the USD/JPY next move: BIAS: Bullish ENTRY: 136.206 TARGET: 137.608 STOP LOSS: 135.413  #USDJPY 💹Time Frame : 4H (signal) 🍀;137.608
SPX500 What Next? BUY! 👩🏼‍💻My Dear Friends, I analysed this chart, and concluded the following: BIAS: Bullish ENTRY: 3960.30 TARGET: 4023.03 STOP LOSS: 3928.52  #SPX500 💹Time Frame : 7H (signal) 💁🏼‍♀️;4023.03
NZD/USD Set To Grow! BUY! 👩🏼‍💻My Dear Friends, Here is my todays forecast on NZD/USD BIAS: Bullish ENTRY: 0.62615 TARGET: 0.63817  #NZDUSD 💹Time Frame : 11H (forecast) 🙋🏼‍♀️;0.63817
XAUUSD Will Explode! BUY! 👩🏼‍💻My Dear Friends, The demand is clearly higher than supply here, therefore: BIAS: Bullish ENTRY: 1838.37 TARGET: 1881.33  #XAUUSD 💹Time Frame : 12H (forecast) 🍀;1881.33
EUR/CAD The Target Is UP! BUY! 👩🏼‍💻My Dear Friends, The demand is clearly higher than supply here, therefore: BIAS: Bullish ENTRY: 1.44291 TARGET: 1.45406  #EURCAD 💹Time Frame : 5H (forecast) 💁🏼‍♀️;1.45406
SPY Sellers In Panic! BUY! 👩🏼‍💻My Dear Friends, SPY looks like it will make a good move, and here are the details: BIAS: Bullish ENTRY: 393.91 TARGET: 403.77 STOP LOSS: 388.30  #SPY 💹Time Frame : 7H (signal) 🙋🏼‍♀️;403.77
EUR/AUD Sellers In Panic! BUY! 👩🏼‍💻My Dear Friends, This is my opinion on the EUR/AUD next move: BIAS: Bullish ENTRY: 1.57740 TARGET: 1.58827 STOP LOSS: 1.57111  #EURAUD 💹Time Frame : 8H (signal) 🍀;1.58827
USOIL Massive Long! BUY! 👩🏼‍💻My Dear Friends, I analysed this chart, and concluded the following: BIAS: Bullish ENTRY: 77.6566 TARGET: 79.576  #USOIL 💹Time Frame : 11H (forecast) 💁🏼‍♀️;79.576
USD/CHF Expected Growth! BUY! 👩🏼‍💻My Dear Friends, The demand is clearly higher than supply here, therefore: BIAS: Bullish ENTRY: 1.93968 TARGET: 1.94331  #USDCHF 💹Time Frame : 2H (forecast) 💁🏼‍♀️;1.94331
XAUUSD Massive Short! SELL! 👩🏼‍💻My Dear Friends, We are all watching XAUUSD right now, so here is my idea: BIAS: Bearish ENTRY: 1843.48 TARGET: 1823.50 STOP LOSS: 1854.78  #XAUUSD 💹Time Frame : 6H (signal) 🙋🏼‍♀️;1823.50
NAS100 On The Rise! BUY! 👩🏼‍💻My Dear Friends, Here is my todays forecast on NAS100 BIAS: Bullish ENTRY: 12186.30 TARGET: 12402.68 STOP LOSS: 12076.12  #NAS100 💹Time Frame : 11H (signal) 🍀;12402.68
NZD/CHF Technical Analysis! BUY! 👩🏼‍💻My Dear Friends, The demand is clearly higher than supply here, therefore: BIAS: Bullish ENTRY: 0.5822 TARGET: 0.5848 STOP LOSS: 0.5805  #NZDCHF 💹Time Frame : 4H (signal) 🍀;0.5848
EUR/USD On The Rise! BUY! 👩🏼‍💻My Dear Friends, This is my opinion on the EUR/USD next move: BIAS: Bullish ENTRY: 1.06335 TARGET: 1.06835  #EURUSD 💹Time Frame : 7H (forecast) 🍀;1.06835
EUR/CHF Under Pressure! SELL! 👩🏼‍💻My Dear Friends, EUR/CHF looks like it will make a good move, and here are the details: BIAS: Bearish ENTRY: 0.9950 TARGET: 0.9900  #EURCHF 💹Time Frame : 12H (forecast) 🍀;0.9900
USD/JPY What Next? SELL! 👩🏼‍💻My Dear Friends, We are all watching USD/JPY right now, so here is my idea: BIAS: Bearish ENTRY: 135.950 TARGET: 134.064 STOP LOSS: 137.132  #USDJPY 💹Time Frame : 9H (signal) 🍀;134.064
AUD/NZD My Opinion! SELL! 👩🏼‍💻My Dear Friends, I was thinking about AUD/NZD and my conclusion is this: BIAS: Bearish ENTRY: 1.08753 TARGET: 1.08303 STOP LOSS: 1.09002  #AUDNZD 💹Time Frame : 3H (signal) 💁🏼‍♀️;1.08303
USOIL Trading Opportunity! BUY! 👩🏼‍💻My Dear Friends, USOIL looks like it will make a good move, and here are the details: BIAS: Bullish ENTRY: 79.836 TARGET: 81.510  #USOIL 💹Time Frame : 7H (forecast) 🙋🏼‍♀️;81.510
GBP/CAD What Next? BUY! 👩🏼‍💻My Dear Friends, The demand is clearly higher than supply here, therefore: BIAS: Bullish ENTRY: 1.63878 TARGET: 1.64771  #GBPCAD 💹Time Frame : 8H (forecast) 🍀;1.64771
NZD/USD Set To Grow! BUY! 👩🏼‍💻My Dear Friends, My technical analysis on this pair is below: BIAS: Bullish ENTRY: 1.61551 TARGET: 1.62377 STOP LOSS: 1.61099  #NZDUSD 💹Time Frame : 10H (signal) 🍀;1.62377
CAD/CHF Will Explode! BUY! 👩🏼‍💻My Dear Friends, I analysed this chart, and concluded the following: BIAS: Bullish ENTRY: 1.68505 TARGET: 1.68687  #CADCHF 💹Time Frame : 8H (forecast) 💁🏼‍♀️;1.68687
DXY Under Pressure! SELL! 👩🏼‍💻My Dear Friends, DXY looks like it will make a good move, and here are the details: BIAS: Bearish ENTRY: 105.437 TARGET: 104.997 STOP LOSS: 105.688  #DXY 💹Time Frame : 4H (signal) 💁🏼‍♀️;104.997
XAGUSD Technical Analysis! SELL! 👩🏼‍💻My Dear Friends, The supply is clearly higher than demand here, therefore: BIAS: Bearish ENTRY: 20.115 TARGET: 19.396  #XAGUSD 💹Time Frame : 10H (forecast) 🙋🏼‍♀️;19.396
USD/CAD A Fall Expected! SELL! 👩🏼‍💻My Dear Friends, We are all watching USD/CAD right now, so here is my idea: BIAS: Bearish ENTRY: 1.37681 TARGET: 1.36011 STOP LOSS: 1.38609  #USDCAD 💹Time Frame : 8H (signal) 🍀;1.36011
US500 The Target Is UP! BUY! 👩🏼‍💻My Dear Friends, I analysed this chart, and concluded the following: BIAS: Bullish ENTRY: 3988.1 TARGET: 4080.3  #US500 💹Time Frame : 10H (forecast) 🙋🏼‍♀️;4080.3
EUR/GBP What Next? SELL! 👩🏼‍💻My Dear Friends, The supply is clearly higher than demand here, therefore: BIAS: Bearish ENTRY: 0.89142 TARGET: 0.88090  #EURGBP 💹Time Frame : 12H (forecast) 💁🏼‍♀️;0.88090
GBP/NZD Will Collapse! SELL! 👩🏼‍💻My Dear Friends, We are all watching GBP/NZD right now, so here is my idea: BIAS: Bearish ENTRY: 1.96549 TARGET: 1.95376 STOP LOSS: 1.97217  #GBPNZD 💹Time Frame : 3H (signal) 💁🏼‍♀️;1.95376
GBP/AUD The Target Is DOWN! SELL! 👩🏼‍💻My Dear Friends, I was thinking about GBP/AUD and my conclusion is this: BIAS: Bearish ENTRY: 1.82244 TARGET: 1.80550  #GBPAUD 💹Time Frame : 5H (forecast) 🙋🏼‍♀️;1.80550
DXY Technical Analysis! BUY! 👩🏼‍💻My Dear Friends, This is my opinion on the DXY next move: BIAS: Bullish ENTRY: 104.490 TARGET: 106.008 STOP LOSS: 103.530  #DXY 💹Time Frame : 12H (signal) 🍀;106.008
XAUUSD Buyers In Panic! SELL! 👩🏼‍💻My Dear Friends, Here is my todays forecast on XAUUSD BIAS: Bearish ENTRY: 1862.06 TARGET: 1804.04  #XAUUSD 💹Time Frame : 12H (forecast) 💁🏼‍♀️;1804.04
GBP/CAD Massive Short! SELL! 👩🏼‍💻My Dear Friends, My technical analysis on this pair is below: BIAS: Bearish ENTRY: 1.66289 TARGET: 1.65525  #GBPCAD 💹Time Frame : 3H (forecast) 🍀;1.65525
SPX500 Under Pressure! SELL! 👩🏼‍💻My Dear Friends, I analysed this chart, and concluded the following: BIAS: Bearish ENTRY: 3862.19 TARGET: 3809.96  #SPX500 💹Time Frame : 5H (forecast) 💁🏼‍♀️;3809.96
EUR/CAD Expected Growth! BUY! 👩🏼‍💻My Dear Friends, I was thinking about EUR/CAD and my conclusion is this: BIAS: Bullish ENTRY: 1.46976 TARGET: 1.49064 STOP LOSS: 1.45785  #EURCAD 💹Time Frame : 7H (signal) 🍀;1.49064
USOIL On The Rise! BUY! 👩🏼‍💻My Dear Friends, The demand is clearly higher than supply here, therefore: BIAS: Bullish ENTRY: 76.601 TARGET: 79.021 STOP LOSS: 75.236  #USOIL 💹Time Frame : 11H (signal) 💁🏼‍♀️;79.021
AUD/USD Technical Analysis! SELL! 👩🏼‍💻My Dear Friends, We are all watching AUD/USD right now, so here is my idea: BIAS: Bearish ENTRY: 1.65829 TARGET: 1.64660  #AUDUSD 💹Time Frame : 6H (forecast) 🍀;1.64660
AUD/NZD A Fall Expected! SELL! 👩🏼‍💻My Dear Friends, My technical analysis on this pair is below: BIAS: Bearish ENTRY: 1.07217 TARGET: 1.06504 STOP LOSS: 1.07617  #AUDNZD 💹Time Frame : 7H (signal) 💁🏼‍♀️;1.06504
XAUUSD Trading Opportunity! SELL! 👩🏼‍💻My Dear Friends, This is my opinion on the XAUUSD next move: BIAS: Bearish ENTRY: 1867.07 TARGET: 1852.18  #XAUUSD 💹Time Frame : 7H (signal) 🙋🏼‍♀️;1852.18
NAS100USD What Next? SELL! 👩🏼‍💻My Dear Friends, The supply is clearly higher than demand here, therefore: BIAS: Bearish ENTRY: 11882.4 TARGET: 11520.7  #NAS100USD 💹Time Frame : 12H (forecast) 🍀;11520.7
EUR/USD My Opinion! SELL! 👩🏼‍💻My Dear Friends, EUR/USD looks like it will make a good move, and here are the details: BIAS: Bearish ENTRY: 1.07337 TARGET: 1.06051  #EURUSD 💹Time Frame : 9H (forecast) 💁🏼‍♀️;1.06051
AUD/JPY Set To Fall! SELL! 👩🏼‍💻My Dear Friends, The supply is clearly higher than demand here, therefore: BIAS: Bearish ENTRY: 88.812 TARGET: 88.083  #AUDJPY 💹Time Frame : 4H (forecast) 🙋🏼‍♀️;88.083
NAS100 Buyers In Panic! SELL! 👩🏼‍💻My Dear Friends, My technical analysis on this pair is below: BIAS: Bullish ENTRY: 11979.00 TARGET: 12376.54 STOP LOSS: 11763.17  #NAS100 💹Time Frame : 12H (signal) 🍀;12376.54
XAUUSD The Target Is UP! BUY! 👩🏼‍💻My Dear Friends, XAUUSD looks like it will make a good move, and here are the details: BIAS: Bullish ENTRY: 1911.36 TARGET: 1939.94 STOP LOSS: 1894.81  #XAUUSD 💹Time Frame : 10H (signal) 💁🏼‍♀️;1939.94
CHF/JPY Sellers In Panic! BUY! 👩🏼‍💻My Dear Friends, This is my opinion on the CHF/JPY next move: BIAS: Bullish ENTRY: 146.952 TARGET: 148.015  #CHFJPY 💹Time Frame : 5H (forecast) 🍀;148.015
EUR/NZD Massive Long! BUY! 👩🏼‍💻My Dear Friends, I analysed this chart, and concluded the following: BIAS: Bullish ENTRY: 1.72145 TARGET: 1.73950 STOP LOSS: 1.71174  #EURNZD 💹Time Frame : 8H (signal) 💁🏼‍♀️;1.73950
AUD/USD A Fall Expected! SELL! 👩🏼‍💻My Dear Friends, This is my opinion on the AUD/USD next move: BIAS: Bearish ENTRY: 0.66121 TARGET: 0.65011  #AUDUSD 💹Time Frame : 12H (forecast) 🍀;0.65011
CAD/JPY Technical Analysis! BUY! 👩🏼‍💻My Dear Friends, I was thinking about CAD/JPY and my conclusion is this: BIAS: Bullish ENTRY: 96.100 TARGET: 97.530 STOP LOSS: 95.390  #CADJPY 💹Time Frame : 12H (signal) 💁🏼‍♀️;97.530
SPX Trading Opportunity! SELL! 👩🏼‍💻My Dear Friends, I analysed this chart, and concluded the following: BIAS: Bearish ENTRY: 3860.62 TARGET: 3718.45  #SPX 💹Time Frame : 10H (forecast) 🙋🏼‍♀️;3718.45
XAUUSD Expected Growth! BUY! 👩🏼‍💻My Dear Friends, The demand is clearly higher than supply here, therefore: BIAS: Bullish ENTRY: 1927.84 TARGET: 1977.15 STOP LOSS: 1897.47  #XAUUSD 💹Time Frame : 9H (signal) 🍀;1977.15
AUD/JPY On The Rise! BUY! 👩🏼‍💻My Dear Friends, Here is my todays forecast on AUD/JPY BIAS: Bullish ENTRY: 88.554 TARGET: 89.994 STOP LOSS: 87.735  #AUDJPY 💹Time Frame : 10H (signal) 🙋🏼‍♀️;89.994
AUD/USD My Opinion! SELL! 👩🏼‍💻My Dear Friends, We are all watching AUD/USD right now, so here is my idea: BIAS: Bearish ENTRY: 0.66538 TARGET: 0.65521  #AUDUSD 💹Time Frame : 7H (forecast) 🍀;0.65521
NZD/USD Trading Opportunity! BUY! 👩🏼‍💻My Dear Friends, This is my opinion on the NZD/USD next move: BIAS: Bullish ENTRY: 0.62525 TARGET: 0.63195  #NZDUSD 💹Time Frame : 9H (forecast) 💁🏼‍♀️;0.63195
SPX What Next? BUY! 👩🏼‍💻My Dear Friends, I analysed this chart, and concluded the following: BIAS: Bullish ENTRY: 3912.94 TARGET: 4024.76  #SPX 💹Time Frame : 11H (forecast) 🙋🏼‍♀️;4024.76
NZD/CHF Will Collapse! SELL! 👩🏼‍💻My Dear Friends, The supply is clearly higher than demand here, therefore: BIAS: Bearish ENTRY: 0.57995 TARGET: 0.56995 STOP LOSS: 0.58573  #NZDCHF 💹Time Frame : 12H (signal) 🍀;0.56995
XAUUSD The Target Is DOWN! SELL! 👩🏼‍💻My Dear Friends, XAUUSD looks like it will make a good move, and here are the details: BIAS: Bearish ENTRY: 1958.88 TARGET: 1901.14 STOP LOSS: 1992.92  #XAUUSD 💹Time Frame : 12H (signal) 💁🏼‍♀️;1901.14
GBP/JPY My Opinion! BUY! 👩🏼‍💻My Dear Friends, GBP/JPY looks like it will make a good move, and here are the details: BIAS: Bullish ENTRY: 160.527 TARGET: 161.709  #GBPJPY 💹Time Frame : 5H (forecast) 🍀;161.709
US500 Set To Grow! BUY! 👩🏼‍💻My Dear Friends, My technical analysis on this pair is below: BIAS: Bullish ENTRY: 3914.8 TARGET: 3979.9 STOP LOSS: 3877.7  #US500 💹Time Frame : 10H (signal) 💁🏼‍♀️;3979.9
EUR/NZD Buyers In Panic! SELL! 👩🏼‍💻My Dear Friends, Here is my todays forecast on EUR/NZD BIAS: Bearish ENTRY: 1.70081 TARGET: 1.69020 STOP LOSS: 1.70686  #EURNZD 💹Time Frame : 9H (signal) 🙋🏼‍♀️;1.69020
EUR/GBP Under Pressure! SELL! 👩🏼‍💻My Dear Friends, I was thinking about EUR/GBP and my conclusion is this: BIAS: Bearish ENTRY: 0.87508 TARGET: 0.87173  #EURGBP 💹Time Frame : 3H (forecast) 🍀;0.87173
EUR/USD Will Explode! BUY! 👩🏼‍💻My Dear Friends, EUR/USD looks like it will make a good move, and here are the details: BIAS: Bullish ENTRY: 1.06641 TARGET: 1.07330  #EURUSD 💹Time Frame : 5H (forecast) 💁🏼‍♀️;1.07330
NAS100 Technical Analysis! SELL! 👩🏼‍💻My Dear Friends, We are all watching NAS100 right now, so here is my idea: BIAS: Bearish ENTRY: 12495.40 TARGET: 12252.95 STOP LOSS: 12634.22  #NAS100 💹Time Frame : 11H (signal) 🍀;12252.95
XAUUSD A Fall Expected! SELL! 👩🏼‍💻My Dear Friends, The supply is clearly higher than demand here, therefore: BIAS: Bearish ENTRY: 1988.18 TARGET: 1940.28 STOP LOSS: 2014.66  #XAUUSD 💹Time Frame : 12H (signal) 🙋🏼‍♀️;1940.28
GBP/USD The Target Is UP! BUY! 👩🏼‍💻My Dear Friends, GBP/USD looks like it will make a good move, and here are the details: BIAS: Bullish ENTRY: 1.22533 TARGET: 1.23502  #GBPUSD 💹Time Frame : 7H (forecast) 🍀;1.23502
USD/CHF Sellers In Panic! BUY! 👩🏼‍💻My Dear Friends, The demand is clearly higher than supply here, therefore: BIAS: Bullish ENTRY: 1.92643 TARGET: 1.94015 STOP LOSS: 1.91852  #USDCHF 💹Time Frame : 8H (signal) 💁🏼‍♀️;1.94015
DXY Buyers In Panic! SELL! 👩🏼‍💻My Dear Friends, We are all watching DXY right now, so here is my idea: BIAS: Bearish ENTRY: 103.399 TARGET: 102.509 STOP LOSS: 103.887  #DXY 💹Time Frame : 11H (signal) 🙋🏼‍♀️;102.509
GBP/CHF Massive Long! BUY! 👩🏼‍💻My Dear Friends, I analysed this chart, and concluded the following: BIAS: Bullish ENTRY: 1.12831 TARGET: 1.14560  #GBPCHF 💹Time Frame : 5H (forecast) 🍀;1.14560
EUR/USD What Next? SELL! 👩🏼‍💻My Dear Friends, I was thinking about EUR/USD and my conclusion is this: BIAS: Bearish ENTRY: 1.07823 TARGET: 1.06818  #EURUSD 💹Time Frame : 7H (forecast) 💁🏼‍♀️;1.06818
XAUUSD Expected Growth! BUY! 👩🏼‍💻My Dear Friends, Here is my todays forecast on XAUUSD BIAS: Bullish ENTRY: 1948.34 TARGET: 2008.15 STOP LOSS: 1913.58  #XAUUSD 💹Time Frame : 12H (signal) 🙋🏼‍♀️;2008.15
GBP/NZD On The Rise! BUY! 👩🏼‍💻My Dear Friends, I was thinking about GBP/NZD and my conclusion is this: BIAS: Bullish ENTRY: 1.96853 TARGET: 1.98111  #GBPNZD 💹Time Frame : 5H (forecast) 🍀;1.98111
EUR/USD Will Collapse! SELL! 👩🏼‍💻My Dear Friends, The supply is clearly higher than demand here, therefore: BIAS: Bearish ENTRY: 1.07900 TARGET: 1.07208 STOP LOSS: 1.08287  #EURUSD 💹Time Frame : 8H (signal) 💁🏼‍♀️;1.07208
US500 What Next? BUY! 👩🏼‍💻My Dear Friends, I was thinking about US500 and my conclusion is this: BIAS: Bullish ENTRY: 3990.15 TARGET: 4060.05 STOP LOSS: 3949.68  #US500 💹Time Frame : 10H (signal) 🍀;4060.05
CHF/JPY What Next? SELL! 👩🏼‍💻My Dear Friends, This is my opinion on the CHF/JPY next move: BIAS: Bullish ENTRY: 143.488 TARGET: 142.338  #CHFJPY 💹Time Frame : 4H (forecast) 💁🏼‍♀️;142.338
GBP/USD Set To Fall! SELL! 👩🏼‍💻My Dear Friends, My technical analysis on this pair is below: BIAS: Bearish ENTRY: 1.23238 TARGET: 1.22011 STOP LOSS: 1.23940  #GBPUSD 💹Time Frame : 7H (signal) 🍀;1.22011
GC1! Will Collapse! SELL! 👩🏼‍💻My Dear Friends, Here is my todays forecast on GC1! BIAS: Bearish ENTRY: 1996.7 TARGET: 1927.9 STOP LOSS: 2034.7  #GC1 ! 💹Time Frame : 12H (signal) 💁🏼‍♀️;1927.9
SPX500 The Target Is DOWN! SELL! 👩🏼‍💻My Dear Friends, I was thinking about SPX500 and my conclusion is this: BIAS: Bearish ENTRY: 3918.65 TARGET: 3840.60  #SPX500 💹Time Frame : 5H (forecast) 🍀;3840.60
CAD/JPY Buyers In Panic! SELL! 👩🏼‍💻My Dear Friends, We are all watching CAD/JPY right now, so here is my idea: BIAS: Bearish ENTRY: 95.007 TARGET: 92.576 STOP LOSS: 96.456  #CADJPY 💹Time Frame : 8H (signal) 💁🏼‍♀️;92.576
AUD/USD Massive Short! SELL! 👩🏼‍💻My Dear Friends, The supply is clearly higher than demand here, therefore: BIAS: Bearish ENTRY: 0.66410 TARGET: 0.65711 STOP LOSS: 0.66773  #AUDUSD 💹Time Frame : 10H (signal) 🍀;0.65711
XAGUSD Set To Grow! BUY! 👩🏼‍💻My Dear Friends, This is my opinion on the XAGUSD next move: BIAS: Bullish ENTRY: 23.13950 TARGET: 24.14428  #XAGUSD 💹Time Frame : 12H (forecast) 🙋🏼‍♀️;24.14428
USD/CAD Will Explode! BUY! 👩🏼‍💻My Dear Friends, USD/CAD looks like it will make a good move, and here are the details: BIAS: Bullish ENTRY: 1.37397 TARGET: 1.38331  #USDCAD 💹Time Frame : 7H (forecast) 🍀;1.38331
USD/JPY Under Pressure! SELL! 👩🏼‍💻My Dear Friends, I was thinking about USD/JPY and my conclusion is this: BIAS: Bearish ENTRY: 130.738 TARGET: 129.008  #USDJPY 💹Time Frame : 9H (forecast) 💁🏼‍♀️;129.008
DXY Technical Analysis! SELL! 👩🏼‍💻My Dear Friends, Here is my todays forecast on DXY BIAS: Bearish ENTRY: 103.115 TARGET: 101.960 STOP LOSS: 103.771  #DXY 💹Time Frame : 3H (signal) 🍀;101.960
DXY Technical Analysis! SELL! 👩🏼‍💻My Dear Friends, Here is my todays forecast on DXY BIAS: Bearish ENTRY: 103.115 TARGET: 101.960 STOP LOSS: 103.771  #DXY 💹Time Frame : 3H (signal) 🍀;101.960
NZD/JPY Trading Opportunity! SELL! 👩🏼‍💻My Dear Friends, This is my opinion on the NZD/JPY next move: BIAS: Bearish ENTRY: 81.072 TARGET: 80.311  #NZDJPY 💹Time Frame : 3H (forecast) 🍀;80.311
US100 What Next? SELL! 👩🏼‍💻My Dear Friends, I analysed this chart, and concluded the following: BIAS: Bearish ENTRY: 12796.0 TARGET: 12462.0 STOP LOSS: 12985.0  #US100 💹Time Frame : 7H (signal) 💁🏼‍♀️;12462.0
AUD/NZD My Opinion! SELL! 👩🏼‍💻My Dear Friends, My technical analysis on this pair is below: BIAS: Bearish ENTRY: 1.07056 TARGET: 1.05880 STOP LOSS: 1.07757  #AUDNZD 💹Time Frame : 10H (signal) 🍀;1.05880
XAGUSD Set To Fall! SELL! 👩🏼‍💻My Dear Friends, Here is my todays forecast on XAGUSD BIAS: Bearish ENTRY: 23.223 TARGET: 22.609  #XAGUSD 💹Time Frame : 12H (forecast) 🙋🏼‍♀️;22.609
EUR/USD The Target Is UP! BUY! 👩🏼‍💻My Dear Friends, The demand is clearly higher than supply here, therefore: BIAS: Bullish ENTRY: 1.07712 TARGET: 1.08828  #EURUSD 💹Time Frame : 6H (forecast) 🍀;1.08828
GBP/NZD Sellers In Panic! BUY! 👩🏼‍💻My Dear Friends, We are all watching GBP/NZD right now, so here is my idea: BIAS: Bullish ENTRY: 1.98121 TARGET: 1.99847 STOP LOSS: 1.97166  #GBPNZD 💹Time Frame : 7H (signal) 💁🏼‍♀️;1.99847
US100 Will Collapse! SELL! 👩🏼‍💻My Dear Friends, I was thinking about US100 and my conclusion is this: BIAS: Bearish ENTRY: 12677.3 TARGET: 12409.2 STOP LOSS: 12815.7  #US100 💹Time Frame : 10H (signal) 🍀;12409.2
XAGUSD The Target Is DOWN! SELL! 👩🏼‍💻My Dear Friends, I was thinking about XAGUSD and my conclusion is this: BIAS: Bearish ENTRY: 22.970 TARGET: 22.003 STOP LOSS: 23.553  #XAGUSD 💹Time Frame : 12H (signal) 🙋🏼‍♀️;22.003
EUR/AUD Massive Long! BUY! 👩🏼‍💻My Dear Friends, This is my opinion on the EUR/AUD next move: BIAS: Bullish ENTRY: 1.61637 TARGET: 1.63407  #EURAUD 💹Time Frame : 5H (forecast) 🍀;1.63407
GBP/CAD Buyers In Panic! SELL! 👩🏼‍💻My Dear Friends, GBP/CAD looks like it will make a good move, and here are the details: BIAS: Bearish ENTRY: 1.67971 TARGET: 1.65809 STOP LOSS: 1.69108  #GBPCAD 💹Time Frame : 10H (signal) 💁🏼‍♀️;1.65809
DXY Technical Analysis! BUY! 👩🏼‍💻My Dear Friends, I analysed this chart, and concluded the following: BIAS: Bullish ENTRY: 102.442 TARGET: 103.658 STOP LOSS: 101.755  #DXY 💹Time Frame : 11H (signal) 🍀;103.658
USD/CAD Under Pressure! SELL! 👩🏼‍💻My Dear Friends, I was thinking about USD/CAD and my conclusion is this: BIAS: Bearish ENTRY: 1.35718 TARGET: 1.34507  #USDCAD 💹Time Frame : 9H (forecast) 🍀;1.34507
CAD/CHF Technical Analysis! SELL! 👩🏼‍💻My Dear Friends, My technical analysis on this pair is below: BIAS: Bearish ENTRY: 1.67680 TARGET: 1.67006  #CADCHF 💹Time Frame : 10H (forecast) 💁🏼‍♀️;1.67006
US100 Expected Growth! BUY! 👩🏼‍💻My Dear Friends, My technical analysis on this pair is below: BIAS: Bullish ENTRY: 12805.7 TARGET: 12983.6 STOP LOSS: 12701.9  #US100 💹Time Frame : 10H (signal) 🍀;12983.6
XAGUSD A Fall Expected! SELL! 👩🏼‍💻My Dear Friends, I analysed this chart, and concluded the following: BIAS: Bearish ENTRY: 23.338 TARGET: 22.433 STOP LOSS: 23.873  #XAGUSD 💹Time Frame : 12H (signal) 🙋🏼‍♀️;22.433
GBP/USD Technical Analysis! SELL! 👩🏼‍💻My dear friends, My technical analysis for GBP/USD is below: The market is trading on 1.23622 pivot level. Bias - Bearish Technical Indicators: Both Super Trend & Pivot HL indicate a highly probable Bearish continuation. Target - 1.23087  #GBPUSD 💹Time Frame : 4H (forecast) 🍀;1.23087
USD/CAD Technical Analysis! BUY! 👩🏼‍💻My dear followers, The price is coiling around a solid key level - 1.35288 Bias - Bullish Technical Indicators: Both Super Trend & Pivot HL indicate a highly probable Bullish continuation. Goal - 1.35966  #USDCAD 💹Time Frame : 5H (forecast) 💁🏼‍♀️;1.35966
DXY Expected Growth! BUY! 👩🏼‍💻My dear subscribers, This is my opinion on the DXY next move: The instrument tests an important psychological level 102.355. Bias - Bullish Technical Indicators: Supper Trend gives a precise Bullish signal, while Pivot Point HL predicts price changes and potential reversals in the market. Target - 103.168 Recommended Stop Loss - 101.932  #DXY 💹Time Frame : 12H (signal) 🍀;103.168
XAGUSD A Fall Expected! SELL! 👩🏼‍💻My dear friends, XAGUSD looks like it will make a good move, and here are the details: The asset is approaching an important pivot point 24.100. Bias - Bearish Technical Indicators: Both Super Trend & Pivot HL indicate a highly probable Bearish continuation. Target - 23.020 Safe Stop Loss - 224.766  #XAGUSD 💹Time Frame : 11H (signal) 🙋🏼‍♀️;23.020
AUD/CAD Trading Opportunity! SELL! 👩🏼‍💻My Dear Friends, I analysed this chart on AUD/CAD , and concluded the following: The asset is approaching an important pivot point 0.90371 Bias - Bearish Technical Indicators: Supper Trend gives a precise Bearish signal, while Pivot Point HL predicts price changes and potential reversals in the market. Goal -0.89800  #AUDCAD 💹Time Frame : 7H (forecast) 🍀;0.89800
NAS100 On The Rise! BUY! 👩🏼‍💻My dear followers, This is my opinion on the NAS100 next move: The asset is approaching an important pivot point 13163.60 Bias - Bullish Technical Indicators: Supper Trend generates a clear long signal while Pivot Point HL is currently determining the overall Bullish trend of the market. Target - 13611.28 My Stop Loss - 12907.33  #NAS100 💹Time Frame : 8H (signal) 💁🏼‍♀️;13611.28
EUR/USD What Next? SELL! 👩🏼‍💻My dear subscribers, My technical analysis for EUR/USD is below: The asset is approaching an important pivot point 1.08424 Bias - Bearish Technical Indicators: Both Super Trend & Pivot HL indicate a highly probable Bearish continuation. Target - 1.07599 Recommended Stop Loss - 1.08876  #EURUSD 💹Time Frame : 7H (signal) 🍀;1.07599
AUD/NZD Set To Fall! SELL! 👩🏼‍💻My dear subscribers, My technical analysis for AUD/NZD is below: The market is trading on 1.06816 Bias - Bearish Technical Indicators: Both Super Trend & Pivot HL indicate a highly probable Bearish continuation. Target - 1.06209  #AUDNZD 💹Time Frame : 6H (forecast) 🍀;1.06209
SPY Trading Opportunity! BUY! 👩🏼‍💻My dear followers, Please, find my technical outlook for SPY below: The price is coiling around a solid key level - 409.20000 Bias - Bullish Technical Indicators: Pivot Points Low anticipates a potential price reversal. Super trend shows a clear buy, giving a perfect indicators' convergence. Goal - 418.40551  #SPY 💹Time Frame : 7H (forecast) 💁🏼‍♀️;418.40551
GBP/USD Will Collapse! SELL! 👩🏼‍💻My dear friends, This is my opinion on the GBP/USD next move: The instrument tests an important psychological level 1.23331 Bias - Bearish Technical Indicators: Supper Trend gives a precise Bearish signal, while Pivot Point HL predicts price changes and potential reversals in the market. Target - 1.21985 Recommended Stop Loss - 1.24094  #GBPUSD 💹Time Frame : 9H (signal) 🍀;1.21985
XAGUSD The Target Is DOWN! SELL! 👩🏼‍💻My dear followers, I analysed this chart on XAGUSD , and concluded the following: The price is coiling around a solid key level - 24.109 Bias - Bearish Technical Indicators: Supper Trend gives a precise Bearish signal, while Pivot Point HL predicts price changes and potential reversals in the market. Goal - 22.977 My Stop Loss - 24.751  #XAGUSD 💹Time Frame : 12H (signal) 🙋🏼‍♀️;22.977
NZD/USD Buyers In Panic! SELL! 👩🏼‍💻My dear subscribers, This is my opinion on the NZD/USD next move: The market is trading on 0.62862 Bias - Bearish Technical Indicators: Supper Trend gives a precise Bearish signal, while Pivot Point HL predicts price changes and potential reversals in the market. Target - 0.62401  #NZDUSD 💹Time Frame : 8H (forecast) 🍀;0.62401
DXY What Next? BUY! 👩🏼‍💻My dear friends, DXY looks like it will make a good move, and here are the details: The asset is approaching an important pivot point 101.7559 Bias - Bullish Technical Indicators: Both Super Trend & Pivot HL indicate a highly probable Bullish continuation. Goal - 103.4297 Safe Stop Loss - 100.8270  #DXY 💹Time Frame : 10H (forecast) 💁🏼‍♀️;103.4297
USD/CAD My Opinion! BUY! 👩🏼‍💻My dear subscribers, I analysed this chart on USD/CAD , and concluded the following: The asset is approaching an important pivot point 1.34263 Bias - Bullish Technical Indicators: Supper Trend gives a precise Bullish signal, while Pivot Point HL predicts price changes and potential reversals in the market. Target - 1.35885 My Stop Loss - 1.33438  #USDCAD 💹Time Frame : 10H (signal) 🍀;1.35885
GBP/USD Set To Grow! BUY! 👩🏼‍💻My dear friends, GBP/USD looks like it will make a good move, and here are the details: The asset is approaching an important pivot point 1.25033 Bias - Bullish Technical Indicators: Supper Trend gives a precise Bullish signal, while Pivot Point HL predicts price changes and potential reversals in the market. Goal - 1.26292  #GBPUSD 💹Time Frame : 7H (forecast) 🍀;1.26292
SPX Will Explode! SELL! 👩🏼‍💻My dear subscribers, I analysed this chart on SPX , and concluded the following: The asset is approaching an important pivot point 4097.52 Bias - Bearish Technical Indicators: Supper Trend gives a precise Bearish signal, while Pivot Point HL predicts price changes and potential reversals in the market. Target - 3943.07  #SPX 💹Time Frame : 7H (forecast) 💁🏼‍♀️;3943.07
USD/JPY Under Pressure! SELL! 👩🏼‍💻My dear friends, Please, find my technical outlook for USD/JPY below: The instrument tests an important psychological level 131.655 Bias - Bearish Technical Indicators: Supper Trend generates a clear short signal while Pivot Point HL is currently determining the overall Bearish trend of the market. Target - 129.968 My Stop Loss - 132.608  #USDJPY 💹Time Frame : 10H (signal) 🍀;129.968
NQ1! Technical Analysis! SELL! 👩🏼‍💻My dear followers, This is my opinion on the NQ1! next move: The asset is approaching an important pivot point 13217.00 Bias - Bearish Technical Indicators: Both Super Trend & Pivot HL indicate a highly probable Bearish continuation. Target - 12910.00 Recommended Stop Loss - 13391.00  #NQ1 ! 💹Time Frame : 11H (signal) 🙋🏼‍♀️;12910.00
EUR/USD The Target Is UP! BUY! 👩🏼‍💻My dear friends, EUR/USD looks like it will make a good move, and here are the details: The instrument tests an important psychological level 1.09027 Bias - Bullish Technical Indicators: Supper Trend gives a precise Bullish signal, while Pivot Point HL predicts price changes and potential reversals in the market. Target - 1.10292  #EURUSD 💹Time Frame : 6H (forecast) 🍀;1.10292
GBP/JPY Sellers In Panic! BUY! 👩🏼‍💻My dear subscribers, I analysed this chart on GBP/JPY , and concluded the following: The market is trading on 163.162 pivot level. Bias - Bullish Technical Indicators: Supper Trend generates a clear long signal while Pivot Point HL is currently determining the overall Bullish trend of the market. Goal - 165.011 Safe Stop Loss - 162.018  #GBPJPY 💹Time Frame : 9H (signal) 💁🏼‍♀️;165.011
US500 A Fall Expected! SELL! 👩🏼‍💻My dear subscribers, Please, find my technical outlook for US500 below: The instrument tests an important psychological level 4079.8 Bias - Bearish Technical Indicators: Both Super Trend & Pivot HL indicate a highly probable Bearish continuation. Target - 4001.3 Recommended Stop Loss - 4125.6  #US500 💹Time Frame : 12H (signal) 🍀;4001.3
XAGUSD Trading Opportunity! SELL! 👩🏼‍💻My dear friends, This is my opinion on the XAGUSD next move: The asset is approaching an important pivot point 24.95245 Bias - Bearish Technical Indicators: Pivot Points High anticipates a potential price reversal. Super trend shows a clear sell, giving a perfect indicators' convergence. Goal - 23.82990  #XAGUSD 💹Time Frame : 11H (forecast) 🙋🏼‍♀️;23.82990
USD/CHF What Next? SELL! 👩🏼‍💻My dear followers, Please, find my technical outlook for USD/CHF below: The price is coiling around a solid key level - 0.90500 Bias - Bearish Technical Indicators: Both Super Trend & Pivot HL indicate a highly probable Bearish continuation. Target - 0.89977  #USDCHF 💹Time Frame : 3H (forecast) 🍀;0.89977
NZD/USD Massive Long! BUY! 👩🏼‍💻My dear subscribers, This is my opinion on the NZD/USD next move: The asset is approaching an important pivot point 0.62434 Bias - Bullish Technical Indicators: Supper Trend generates a clear long signal while Pivot Point HL is currently determining the overall Bullish trend of the market. Target - 0.63385  #NZDUSD 💹Time Frame : 8H (forecast) 💁🏼‍♀️;0.63385
AUD/NZD Will Collapse! SELL! 👩🏼‍💻My dear subscribers, My technical analysis for AUD/NZD is below: The price is coiling around a solid key level - 1.06642 Bias - Bearish Technical Indicators: Both Super Trend & Pivot HL indicate a highly probable Bearish continuation. Goal - 1.05952  #AUDNZD 💹Time Frame : 6H (forecast) 🍀;1.05952
DXY Technical Analysis! BUY! 👩🏼‍💻My dear friends, I analysed this chart on DXY, and concluded the following: The asset is approaching an important pivot point 101.914 Bias - Bullish Technical Indicators: Supper Trend generates a clear long signal while Pivot Point HL is currently determining the overall Bullish trend of the market. Target - 103.090 Recommended Stop Loss - 101.230  #DXY 💹Time Frame : 9H (signal) 💁🏼‍♀️;103.090
EUR/CHF Expected Growth! BUY! 👩🏼‍💻My dear followers, Please, find my technical outlook for EUR/CHF below: The asset is approaching an important pivot point 0.98703 Bias - Bullish Technical Indicators: Pivot Points Low anticipates a potential price reversal. Super trend shows a clear buy, giving a perfect indicators' convergence. Goal - 0.99658 My Stop Loss - 0.98164  #EURCHF 💹Time Frame : 11H (signal) 🍀;0.99658
EUR/GBP Trading Opportunity! BUY! 👩🏼‍💻My dear friends, Please, find my technical outlook for EUR/GBP below: The price is coiling around a solid key level - 0.87663 Bias - Bullish Technical Indicators: Both Super Trend & Pivot HL indicate a highly probable Bullish continuation. Target - 0.88318  #EURGBP 💹Time Frame : 12H (forecast) 🍀;0.88318
GBP/CHF What Next? BUY! 👩🏼‍💻My dear followers, I analysed this chart on GBP/CHF, and concluded the following: The instrument tests an important psychological level 1.12422 Technical Indicators: Supper Trend gives a precise Bullish signal, while Pivot Point HL predicts price changes and potential reversals in the market. Goal - 1.13013  #GBPCHF 💹Time Frame : 5H (forecast) 💁🏼‍♀️;1.13013
XAGUSD The Target Is DOWN! SELL! 👩🏼‍💻My dear friends, XAGUSD looks like it will make a good move, and here are the details: The asset is approaching an important pivot point 24.95410 Bias - Bearish Technical Indicators: Supper Trend gives a precise Bearish signal, while Pivot Point HL predicts price changes and potential reversals in the market. Target - 23.50207 Safe Stop Loss - 25.78360  #XAGUSD 💹Time Frame : 9H (signal) 🙋🏼‍♀️;23.50207
USD/JPY Buyers In Panic! SELL! 👩🏼‍💻My dear friends, Please, find my technical outlook for USD/JPY below: The price is coiling around a solid key level - 132.136 Bias - Bearish Technical Indicators: Pivot Points High anticipates a potential price reversal. Super trend shows a clear sell, giving a perfect indicators' convergence. Goal - 131.633  #USDJPY 💹Time Frame : 2H (forecast) 🍀;131.633
AUD/USD Massive Short! SELL! 👩🏼‍💻My dear subscribers, This is my opinion on the AUD/USD next move: The instrument tests an important psychological level 0.66717 Bias - Bearish Technical Indicators: Supper Trend gives a precise Bearish signal, while Pivot Point HL predicts price changes and potential reversals in the market. Target - 0.66211 Safe Stop Loss - 0.67002  #AUDUSD 💹Time Frame : 6H (signal) 💁🏼‍♀️;0.66211
US500 Set To Grow! BUY! 👩🏼‍💻My dear subscribers, US500 looks like it will make a good move, and here are the details: The asset is approaching an important pivot point 4113.6 Bias - Bullish Technical Indicators: Supper Trend generates a clear long signal while Pivot Point HL is currently determining the overall Bullish trend of the market. Target - 4185.5 Recommended Stop Loss - 4072.9  #US500 💹Time Frame : 6H (signal) 🍀;4185.5
NQ1! Will Explode! BUY! 👩🏼‍💻My dear subscribers, My technical analysis for NQ1! is below: The market is trading on 13184.25 pivot level. Bias - Bullish Technical Indicators: Both Super Trend & Pivot HL indicate a highly probable Bullish continuation. Goal - 13596.50  #NQ1 ! 💹Time Frame : 12H (forecast) 🙋🏼‍♀️;13596.50
GBP/NZD Under Pressure! SELL! 👩🏼‍💻My dear subscribers, I analysed this chart on GBP/NZD, and concluded the following: The asset is approaching an important pivot point 1.99320 Bias - Bearish Technical Indicators: Supper Trend generates a clear short signal while Pivot Point HL is currently determining the overall Bearish trend of the market. Target - 1.98011  #GBPNZD 💹Time Frame : 8H (forecast) 🍀;1.98011
DXY Technical Analysis! SELL! 👩🏼‍💻My dear friends, My technical analysis for DXY is below: The instrument tests an important psychological level 102.2529 Bias - Bearish Technical Indicators: Supper Trend gives a precise Bearish signal, while Pivot Point HL predicts price changes and potential reversals in the market. Goal - 101.4590  #DXY 💹Time Frame : 9H (forecast) 💁🏼‍♀️;101.4590
EUR/USD Will Explode! BUY! 👩🏼‍💻My dear followers, My technical analysis for EUR/USD is below: The price is coiling around a solid key level - 1.08553 Bias - Bullish Technical Indicators: Pivot Points High anticipates a potential price reversal. Super trend shows a clear buy, giving a perfect indicators' convergence. Target - 1.10151 Recommended Stop Loss - 1.07607  #EURUSD 💹Time Frame : 12H (signal) 🍀;1.10151
XAGUSD The Target Is UP! BUY! 👩🏼‍💻My dear subscribers, XAGUSD looks like it will make a good move, and here are the details: The asset is approaching an important pivot point 24.780 Bias - Bullish Technical Indicators: Both Super Trend & Pivot HL indicate a highly probable Bullish continuation. Target - 26.212 My Stop Loss - 23.940  #XAGUSD 💹Time Frame : 11H (signal) 🙋🏼‍♀️;26.212
EUR/JPY A Fall Expected! SELL! 👩🏼‍💻My dear friends, This is my opinion on the EUR/JPY next move: The price is coiling around a solid key level - 145.717 Bias - Bearish Technical Indicators: Pivot Points High anticipates a potential price reversal. Super trend shows a clear sell, giving a perfect indicators' convergence. Target - 144.283  #EURJPY 💹Time Frame : 5H (forecast) 🍀;144.283
NASDAQ Trading Opportunity! SELL! 👩🏼‍💻My dear subscribers, NASDAQ looks like it will make a good move, and here are the details: The asset is approaching an important pivot point 12981.3 Bias - Bearish Technical Indicators: Supper Trend gives a precise Bearish signal, while Pivot Point HL predicts price changes and potential reversals in the market. Goal - 12770.2 Recommended Stop Loss - 13104.0  #NASDAQ 💹Time Frame : 7H (signal) 💁🏼‍♀️;12770.2
EUR/CAD What Next? SELL! 👩🏼‍💻My dear friends, My technical analysis for EUR/CAD is below: The market is trading on 1.46937 pivot level. Bias - Bearish Technical Indicators: Supper Trend generates a clear short signal while Pivot Point HL is currently determining the overall Bearish trend of the market. Goal - 1.46027 Recommended Stop Loss - 1.47448  #EURCAD 💹Time Frame : 9H (signal) 🍀;1.46027
AUD/USD Sellers In Panic! BUY! 👩🏼‍💻MMy dear followers, I analysed this chart on AUD/USD, and concluded the following: The instrument tests an important psychological level 0.66476 Bias - Bullish Technical Indicators: Supper Trend gives a precise Bullish signal, while Pivot Point HL predicts price changes and potential reversals in the market. Goal - 0.67202  #AUDUSD 💹Time Frame : 12H (forecast) 🙋🏼‍♀️;0.67202
AUD/NZD My Opinion! SELL! 👩🏼‍💻My dear subscribers, This is my opinion on the AUD/NZD next move: The price is coiling around a solid key level - 1.07614 Bias - Bearish Technical Indicators: Supper Trend gives a precise Bearish signal, while Pivot Point HL predicts price changes and potential reversals in the market. Target - 1.07205  #AUDNZD 💹Time Frame : 3H (forecast) 🍀;1.07205
USD/JPY Will Collapse! SELL! 👩🏼‍💻My dear followers, This is my opinion on the USD/JPY next move: The asset is approaching an important pivot point 133.152 Bias - Bearish Technical Indicators: Supper Trend generates a clear short signal while Pivot Point HL is currently determining the overall Bearish trend of the market. Goal - 132.019 Safe Stop Loss - 133.794  #USDJPY 💹Time Frame : 6H (signal) 🍀;132.019
GBP/CHF The Target Is DOWN! SELL! 👩🏼‍💻My dear friends, My technical analysis for GBP/CHF is below: The price is coiling around a solid key level - 1.11184 Bias - Bearish Technical Indicators: Supper Trend gives a precise Bearish signal, while Pivot Point HL predicts price changes and potential reversals in the market. Goal - 1.10223  #GBPCHF 💹Time Frame : 9H forecast) 🍀;1.10223
US100 Buyers In Panic! SELL! 👩🏼‍💻My dear subscribers, US100 looks like it will make a good move, and here are the details: The asset is approaching an important pivot point 13060.2 Bias - Bearish Technical Indicators: Both Super Trend & Pivot HL indicate a highly probable Bearish continuation. Target - 12800.8 Safe Stop Loss - 13206.9  #US100 💹Time Frame : 10H (signal) 💁🏼‍♀️;12800.8
GBP/USD Massive Short! SELL! 👩🏼‍💻My dear followers, This is my opinion on the GBP/USD next move: The instrument tests an important psychological level 1.25325 Bias - Bearish Technical Indicators: Supper Trend generates a clear short signal while Pivot Point HL is currently determining the overall Bearish trend of the market. Target - 1.24424 My Stop Loss - 1.25850  #GBPUSD 💹Time Frame : 7H (signal) 🍀;1.24424
XAGUSD Under Pressure! SELL! 👩🏼‍💻My dear friends, I analysed this chart on XAGUSD, and concluded the following: The asset is approaching an important pivot point 25.85115 Bias - Bearish Technical Indicators: Supper Trend generates a clear short signal while Pivot Point HL is currently determining the overall Bearish trend of the market. Goal - 23.51085  #XAGUSD 💹Time Frame : 12H (forecast) 🙋🏼‍♀️;23.51085
EUR/CHF Technical Analysis! SELL! 👩🏼‍💻My dear followers, EUR/CHF looks like it will make a good move, and here are the details: The instrument tests an important psychological level 0.98326 Bias - Bearish Technical Indicators: Pivot Points High anticipates a potential price reversal. Super trend shows a clear sell, giving a perfect indicators' convergence. Goal - 0.97411  #EURCHF 💹Time Frame : 7H (forecast) 🍀;0.97411
DXY Technical Analysis! BUY! 👩🏼‍💻My dear subscribers, I analysed this chart on DXY, and concluded the following: The asset is approaching an important pivot point 101.720 Bias - Bullish Technical Indicators: Supper Trend gives a precise Bullish signal, while Pivot Point HL predicts price changes and potential reversals in the market. Goal - 102.605  #DXY 💹Time Frame : 9H (forecast) 💁🏼‍♀️;102.605
USD/CAD Expected Growth! BUY! 👩🏼‍💻My dear subscribers, Please, find my technical outlook for USD/CAD below: The market is trading on 1.33810 pivot level. Bias - Bullish Technical Indicators: Supper Trend generates a clear long signal while Pivot Point HL is currently determining the overall Bullish trend of the market. Target - 1.35011 Recommended Stop Loss - 1.33140  #USDCAD 💹Time Frame : 10H (signal) 🍀;1.35011
EUR/JPY A Fall Expected! SELL! 👩🏼‍💻My dear subscribers, This is my opinion on the EUR/JPY next move: The price is coiling around a solid key level - 147.114 Bias - Bearish Technical Indicators: Supper Trend gives a precise Bearish signal, while Pivot Point HL predicts price changes and potential reversals in the market. Goal - 154.991  #EURJPY 💹Time Frame : 3H (forecast) 🍀;154.991
USD/JPY Trading Opportunity! BUY! 👩🏼‍💻My dear friends, USD/JPY looks like it will make a good move, and here are the details: The instrument tests an important psychological level 133.754 Bias - Bullish Technical Indicators: Supper Trend generates a clear long signal while Pivot Point HL is currently determining the overall Bullish trend of the market. Goal - 134.994 My Stop Loss - 133.025  #USDJPY 💹Time Frame : 7H (signal) 💁🏼‍♀️;134.994
SPX What Next? BUY! 👩🏼‍💻My dear followers, I analysed this chart on SPX, and concluded the following: The instrument tests an important psychological level 4137.63 Bias - Bullish Technical Indicators: Pivot Points High anticipates a potential price reversal. Super trend shows a clear buy, giving a perfect indicators' convergence. Target - 4257.90 Recommended Stop Loss - 4067.61  #SPX 💹Time Frame : 11H (signal) 🍀;4257.90
XAGUSD My Opinion! BUY! 👩🏼‍💻My dear subscribers, My technical analysis for XAGUSD is below: The market is trading on 23.350 pivot level. Bias - Bullish Technical Indicators: Supper Trend generates a clear long signal while Pivot Point HL is currently determining the overall Bullish trend of the market. Goal - 26.943  #XAGUSD 💹Time Frame : 12H (forecast) 🙋🏼‍♀️;26.943
CAD/JPY Trading Opportunity! SELL! 👩🏼‍💻My dear subscribers, My technical analysis for CAD/JPY is below: The price is coiling around a solid key level - 100.074 Bias - Bearish Technical Indicators: Pivot Points High anticipates a potential price reversal. Super trend shows a clear sell, giving a perfect indicators' convergence. Goal - 99.180  #CADJPY 💹Time Frame : 4H (forecast) 🍀;99.180
SPY What Next? SELL! 👩🏼‍💻My dear subscribers, SPY looks like it will make a good move, and here are the details: The asset is approaching an important pivot point 412.52750 Bias - Bearish Technical Indicators: Supper Trend generates a clear short signal while Pivot Point HL is currently determining the overall Bearish trend of the market. Target - 397.58846  #SPY 💹Time Frame : 4H (forecast) 💁🏼‍♀️;397.58846
EUR/USD Set To Grow! BUY! 👩🏼‍💻My dear followers, This is my opinion on the EUR/USD next move: The price is coiling around a solid key level - 1.09943 Bias - Bullish Technical Indicators: Supper Trend generates a clear long signal while Pivot Point HL is currently determining the overall Bullish trend of the market. Target - 1.10980 Safe Stop Loss - 1.09348  #EURUSD 💹Time Frame : 7H (signal) 🍀;1.10980
GBP/CHF Will Explode! BUY! 👩🏼‍💻My dear subscribers, This is my opinion on the GBP/CHF next move: The price is coiling around a solid key level - 1.10975 Bias - Bullish Technical Indicators: Both Super Trend & Pivot HL indicate a highly probable Bullish continuation. Goal - 1.11829 Recommended Stop Loss - 1.10494  #GBPCHF 💹Time Frame : 11H (signal) 🙋🏼‍♀️;1.11829
USD/CHF My Opinion! SELL! 👩🏼‍💻My dear friends, My technical analysis for USD/CHF is below: The price is coiling around a solid key level - 0.89868 Bias - Bearish Technical Indicators: Both Super Trend & Pivot HL indicate a highly probable Bearish continuation. Target - 0.89008  #USDCHF 💹Time Frame : 5H (forecast) 🍀;0.89008
EUR/CHF Set To Fall! SELL! 👩🏼‍💻My dear subscribers, EUR/CHF looks like it will make a good move, and here are the details: The instrument tests an important psychological level 0.98234 Bias - Bearish Technical Indicators: Supper Trend gives a precise Bearish signal, while Pivot Point HL predicts price changes and potential reversals in the market. Goal - 0.97797 Safe Stop Loss - 0.98488  #EURCHF 💹Time Frame : 6H (signal) 💁🏼‍♀️;0.97797
US500 The Target Is UP! BUY! 👩🏼‍💻My dear subscribers, This is my opinion on the US500 next move: The asset is approaching an important pivot point 4127.6 Bias - Bullish Technical Indicators: Supper Trend generates a clear long signal while Pivot Point HL is currently determining the overall Bullish trend of the market. Goal - 4202.2 Recommended Stop Loss - 4085.8  #US500 💹Time Frame : 7H (signal) 🍀;4202.2
AUD/NZD Massive Long! BUY! 👩🏼‍💻My dear followers, This is my opinion on the AUD/NZD next move: The asset is approaching an important pivot point 1.08307 Bias - Bullish Technical Indicators: Supper Trend generates a clear long signal while Pivot Point HL is currently determining the overall Bullish trend of the market. Target - 1.08747  #AUDNZD 💹Time Frame : 3H (forecast) 🍀;1.08747
SPY Will Collapse! SELL! 👩🏼‍💻My dear subscribers, Please, find my technical outlook for SPY below: The price is coiling around a solid key level - 413.33 Bias - Bearish Technical Indicators: Supper Trend gives a precise Bearish signal, while Pivot Point HL predicts price changes and potential reversals in the market. Goal - 407.24  #SPY 💹Time Frame : 4H (forecast) 💁🏼‍♀️;407.24
AUD/USD The Target Is DOWN! SELL! 👩🏼‍💻My dear subscribers, AUD/USD looks like it will make a good move, and here are the details: The price is coiling around a solid key level - 0.672562 Bias - Bearish Technical Indicators: Both Super Trend & Pivot HL indicate a highly probable Bearish continuation. Goal - 0.66790 My Stop Loss - 0.67518  #AUDUSD 💹Time Frame : 6H (signal) 🍀;0.66790
AUD/CHF Buyers In Panic! SELL! 👩🏼‍💻My dear subscribers, This is my opinion on the AUD/CHF next move: The instrument tests an important psychological level 0.60352 Bias - Bearish Technical Indicators: Pivot Points High anticipates a potential price reversal. Super trend shows a clear sell, giving a perfect indicators' convergence. Target - 0.60011  #AUDCHF 💹Time Frame : 4H (forecast) 🍀;0.60011
USD/JPY Expected Growth! BUY! 👩🏼‍💻My dear subscribers, My technical analysis for USD/JPY is below: The price is coiling around a solid key level - 134.784 Bias - Bullish Technical Indicators: Both Super Trend & Pivot HL indicate a highly probable Bullish continuation. Target - 135.966 Safe Stop Loss - 134.096  #USDJPY 💹Time Frame : 8H (signal) 🍀;135.966
EUR/NZD On The Rise! BUY! 👩🏼‍💻My dear friends, EUR/NZD looks like it will make a good move, and here are the details: The instrument tests an important psychological level 1.76544 Bias - Bullish Technical Indicators: Supper Trend generates a clear long signal while Pivot Point HL is currently determining the overall Bullish trend of the market. Goal - 1.77508  #EURNZD 💹Time Frame : 10H (forecast) 🙋🏼‍♀️;1.77508
AUD/USD Under Pressure! SELL! 👩🏼‍💻My dear subscribers, This is my opinion on the AUD/USD next move: The instrument tests an important psychological level 0.67550 Bias - Bearish Technical Indicators: Both Super Trend & Pivot HL indicate a highly probable Bearish continuation. Target - 0.66905  #AUDUSD 💹Time Frame : 11H (forecast) 🍀;0.66905
GBP/USD Technical Analysis! SELL! 👩🏼‍💻My dear friends, My technical analysis for GBP/USD is below: The price is coiling around a solid key level - 1.24499 Bias - Bearish Technical Indicators: Supper Trend generates a clear short signal while Pivot Point HL is currently determining the overall Bearish trend of the market. Goal - 1.23503  #GBPUSD 💹Time Frame : 10H (forecast) 💁🏼‍♀️;1.23503
NAS100USD Trading Opportunity! BUY! 👩🏼‍💻My dear subscribers, NAS100USD looks like it will make a good move, and here are the details: The price is coiling around a solid key level - 13060.2 Bias - Bullish Technical Indicators: Supper Trend gives a precise Bullish signal, while Pivot Point HL predicts price changes and potential reversals in the market. Goal - 13252.6 Safe Stop Loss - 12944.2  #NAS100USD 💹Time Frame : 10H (signal) 🍀;13252.6
NZD/USD What Next? BUY! 👩🏼‍💻My dear followers, My technical analysis for NZD/USD is below: The price is coiling around a solid key level - 0.61407 Bias - Bullish Technical Indicators: Supper Trend gives a precise Bullish signal, while Pivot Point HL predicts price changes and potential reversals in the market. Target - 0.61817  #NZDUSD 💹Time Frame : 4H (forecast) 🍀;0.61817
DAX My Opinion! BUY! 👩🏼‍💻My dear subscribers, This is my opinion on the DAX next move: The asset is approaching an important pivot point 15878.04 Bias - Bullish Technical Indicators: Supper Trend generates a clear long signal while Pivot Point HL is currently determining the overall Bullish trend of the market. Target - 16267.76 My Stop Loss - 15637.79  #DAX 💹Time Frame : 6H (signal) 💁🏼‍♀️;16267.76
EUR/GBP Trading Opportunity! SELL! 👩🏼‍💻My dear followers, EUR/GBP looks like it will make a good move, and here are the details: The market is trading on 0.88418 pivot level. Bias - Bearish Technical Indicators: Both Super Trend & Pivot HL indicate a highly probable Bearish continuation. Goal - 0.88147 Recommended Stop Loss - 0.88570  #EURGBP 💹Time Frame : 10H (signal) 🍀;0.88147
XAGUSD Set To Grow! BUY! 👩🏼‍💻My dear friends, This is my opinion on the XAGUSD next move: The instrument tests an important psychological level 24.990 Bias - Bullish Technical Indicators: Supper Trend gives a precise Bullish signal, while Pivot Point HL predicts price changes and potential reversals in the market. Target - 26.522  #XAGUSD 💹Time Frame : 12H (forecast) 🙋🏼‍♀️;26.522
AUD/CAD Will Explode! BUY! 👩🏼‍💻My dear followers, Please, find my technical outlook for AUD/CAD below: The price is coiling around a solid key level - 0.90577 Bias - Bullish Technical Indicators: Pivot Points Low anticipates a potential price reversal. Super trend shows a clear buy, giving a perfect indicators' convergence. Target - 0.91130  #AUDCAD 💹Time Frame : 4H (forecast) 🍀;0.91130
DXY What Next? SELL! 👩🏼‍💻My dear friends, My technical analysis for DXY is below: The instrument tests an important psychological level 101.724 Bias - Bearish Technical Indicators: Supper Trend generates a clear short signal while Pivot Point HL is currently determining the overall Bearish trend of the market. Target - 101.299  #DXY 💹Time Frame : 6H (forecast) 💁🏼‍♀️;101.299
AUD/CHF My Opinion! SELL! 👩🏼‍💻My dear subscribers, AUD/CHF looks like it will make a good move, and here are the details: The asset is approaching an important pivot point 0.59730 Bias - Bearish Technical Indicators: Supper Trend gives a precise Bearish signal, while Pivot Point HL predicts price changes and potential reversals in the market. Goal - 0.59196 My Stop Loss - 0.60034  #AUDCHF 💹Time Frame : 7H (signal) 🍀;0.59196
NZD/CHF Will Collapse! SELL! 👩🏼‍💻My dear subscribers, This is my opinion on the NZD/CHF next move: The asset is approaching an important pivot point 0.54739 Bias - Bearish Technical Indicators: Supper Trend gives a precise Bearish signal, while Pivot Point HL predicts price changes and potential reversals in the market. Goal - 0.54404 About Used Indicators: Pivot points are a great way to identify areas of support and resistance, but they work best when combined with other kinds of technical analysis  #NZDCHF 💹Time Frame : 2H (forecast) 🍀;0.54404
NAS100 The Target Is UP! BUY! 👩🏼‍💻My dear followers, NAS100 looks like it will make a good move, and here are the details: The price is coiling around a solid key level - 12987.47 Bias - Bullish Technical Indicators: Both Super Trend & Pivot HL indicate a highly probable Bullish continuation. Target - 13102.57 Recommended Stop Loss - 12921.23  #NAS100 💹Time Frame : 7H (signal) 💁🏼‍♀️;13102.57
EUR/CAD Buyers In Panic! SELL! 👩🏼‍💻My dear followers, Please, find my technical outlook for EUR/CAD below: The market is trading on 1.48792 pivot level. Bias - Bearish Technical Indicators: Supper Trend generates a clear short signal while Pivot Point HL is currently determining the overall Bearish trend of the market. Goal - 1.47999 My Stop Loss - 1.49252  #EURCAD 💹Time Frame : 8H (signal) 🍀;1.47999
EUR/USD Massive Short! SELL! 👩🏼‍💻My dear friends, I analysed this chart on EUR/USD, and concluded the following: The asset is approaching an important pivot point 1.09895 Bias - Bearish Technical Indicators: Pivot Points High anticipates a potential price reversal. Super trend shows a clear sell, giving a perfect indicators' convergence. Goal - 1.08510  #EURUSD 💹Time Frame : 12H (forecast) 🙋🏼‍♀️;1.08510
USD/CAD Under Pressure! SELL! 👩🏼‍💻My dear subscribers, My technical analysis for USD/CAD is below: The instrument tests an important psychological level 1.35456 Bias - Bearish Technical Indicators: Supper Trend gives a precise Bearish signal, while Pivot Point HL predicts price changes and potential reversals in the market. Target - 1.34664  #USDCAD 💹Time Frame : 4H (forecast) 🍀;1.34664
AUD/USD Technical Analysis! BUY! 👩🏼‍💻My dear friends, AUD/USD looks like it will make a good move, and here are the details: The asset is approaching an important pivot point 0.66832 Bias - Bullish Technical Indicators: Pivot Points High anticipates a potential price reversal. Super trend shows a clear buy, giving a perfect indicators' convergence. Goal - 0.67387  #AUDUSD 💹Time Frame : 6H (forecast) 💁🏼‍♀️;0.67387
XAGUSD Expected Growth! BUY! 👩🏼‍💻My dear friends, I analysed this chart on XAGUSD, and concluded the following: The asset is approaching an important pivot point 25.180 Bias - Bullish Technical Indicators: Both Super Trend & Pivot HL indicate a highly probable Bullish continuation. Target - 26.009 My Stop Loss - 24.724  #US30 💹Time Frame : 11H (signal) 🙋🏼‍♀️;26.009
GBP/CAD On The Rise! BUY! 👩🏼‍💻My dear subscribers, Please, find my technical outlook for GBP/CAD below: The instrument tests an important psychological level 1.68899 Bias - Bullish Technical Indicators: Supper Trend gives a precise Bullish signal, while Pivot Point HL predicts price changes and potential reversals in the market. Target - 1.70096  #GBPCAD 💹Time Frame : 5H (forecast) 🍀;1.70096
CAD/CHF A Fall Expected! SELL! 👩🏼‍💻My dear friends, This is my opinion on the CAD/CHF next move: The market is trading on 0.65444 pivot level. Bias - Bearish Technical Indicators: Pivot Points Low anticipates a potential price reversal. Super trend shows a clear sell, giving a perfect indicators' convergence. Goal - 0.64828 My Stop Loss - 0.65821  #CADCHF 💹Time Frame : 7H (signal) 💁🏼‍♀️;0.64828
NAS100 Trading Opportunity! SELL! 👩🏼‍💻My dear subscribers, NAS100 looks like it will make a good move, and here are the details: The asset is approaching an important pivot point 12821.35 Bias - Bearish Technical Indicators: Supper Trend generates a clear short signal while Pivot Point HL is currently determining the overall Bearish trend of the market. Goal - 12633.22 Safe Stop Loss - 12932.89  #NAS100 💹Time Frame : 10H (signal) 🍀;12633.22
USD/JPY Trading Opportunity! BUY! 👩🏼‍💻My dear followers, This is my opinion on the USD/jPY next move: The price is coiling around a solid key level - 133.913 Bias - Bullish Technical Indicators: Both Super Trend & Pivot HL indicate a highly probable Bullish continuation. Target - 135.106  #USDJPY 💹Time Frame : 12H (forecast) 🙋🏼‍♀️;135.106
EUR/JPY What Next? BUY! 👩🏼‍💻My dear followers, Please, find my technical outlook for EUR/JPY below: The price is coiling around a solid key level - 147.527 Bias - Bullish Technical Indicators: Supper Trend gives a precise Bullish signal, while Pivot Point HL predicts price changes and potential reversals in the market. Target - 149.070  #EURJPY 💹Time Frame : 7H (forecast) 🍀;149.070
DXY What Next? SELL! 👩🏼‍💻My dear friends, My technical analysis for DXY is below: The asset is approaching an important pivot point 101.215 Bias - Bearish Technical Indicators: Supper Trend generates a clear short signal while Pivot Point HL is currently determining the overall Bearish trend of the market. Goal - 100.707  #DXY 💹Time Frame : 8H (forecast) 💁🏼‍♀️;100.707
AUD/CAD My Opinion! SELL! 👩🏼‍💻My dear subscribers, AUD/CAD looks like it will make a good move, and here are the details: The instrument tests an important psychological level 0.90061 Bias - Bearish Technical Indicators: Both Super Trend & Pivot HL indicate a highly probable Bearish continuation. Target - 0.89590 Safe Stop Loss - 0.90329  #AUDCAD 💹Time Frame : 9H (signal) 🍀;0.89590
GBP/USD Set To Fall! SELL! 👩🏼‍💻My dear friends, I analysed this chart on GBP/USD, and concluded the following: The price is coiling around a solid key level - 1.24695 Bias - Bearish Technical Indicators: Pivot Points Low anticipates a potential price reversal. Super trend shows a clear sell, giving a perfect indicators' convergence. Goal - 1.23823 Recommended Stop Loss - 1.25173  #GBPUSD 💹Time Frame : 11H (signal) 🙋🏼‍♀️;1.23823
EUR/GBP My Opinion! BUY! 👩🏼‍💻My dear followers, My technical analysis for EUR/GBP is below: The instrument tests an important psychological level 0.88277 Bias - Bullish Technical Indicators: Both Super Trend & Pivot HL indicate a highly probable Bullish continuation. Target - 0.88646  #EURGBP 💹Time Frame : 5H (forecast) 🍀;0.88646
US100 Set To Grow! BUY! 👩🏼‍💻My dear subscribers, US100 looks like it will make a good move, and here are the details: The asset is approaching an important pivot point 13058.4 Bias - Bullish Technical Indicators: Supper Trend generates a clear long signal while Pivot Point HL is currently determining the overall Bullish trend of the market. Target - 13162.1 Safe Stop Loss - 12997.2  #US100 💹Time Frame : 7H (signal) 💁🏼‍♀️;13162.1
CHF/JPY Will Collapse! SELL! 👩🏼‍💻My dear followers, I analysed this chart on CHF/JPY, and concluded the following: The market is trading on 149.632 pivot level. Bias - Bearish Technical Indicators: Pivot Points High anticipates a potential price reversal. Super trend shows a clear sell, giving a perfect indicators' convergence. Goal - 148.016 Recommended Stop Loss - 150.552  #CHFJPY 💹Time Frame : 10H (signal) 🍀;148.016
NASDAQ Will Explode! BUY! 👩🏼‍💻My dear followers, This is my opinion on the NASDAQ next move: The price is coiling around a solid key level - 13074.4 Bias - Bullish Technical Indicators: Both Super Trend & Pivot HL indicate a highly probable Bullish continuation. Target - 13280.3  #NASDAQ 💹Time Frame : 12H (forecast) 🙋🏼‍♀️;13280.3
USD/CAD The Target Is DOWN! SELL! 👩🏼‍💻My dear followers, USD/CAD looks like it will make a good move, and here are the details: The asset is approaching an important pivot point 1.35970 Bias - Bearish Technical Indicators: Pivot Points High anticipates a potential price reversal. Super trend shows a clear sell, giving a perfect indicators' convergence. Target - 1.35009  #USDCAD 💹Time Frame : 5H (forecast) 🍀;1.35009
DXY The Target Is UP! BUY! 👩🏼‍💻My dear subscribers, This is my opinion on the DXY next move: The asset is approaching an important pivot point 101.820 Bias - Bullish Technical Indicators: Supper Trend generates a clear long signal while Pivot Point HL is currently determining the overall Bullish trend of the market. Target - 102.205  #DXY 💹Time Frame : 6H (forecast) 💁🏼‍♀️;102.205
EUR/USD Sellers In Panic! BUY! 👩🏼‍💻My dear followers, Please, find my technical outlook for EUR/USD below: The market is trading on 1.10325 pivot level. Bias - Bullish Technical Indicators: Supper Trend gives a precise Bullish signal, while Pivot Point HL predicts price changes and potential reversals in the market. Goal - 1.11226 My Stop Loss - 1.09808  #EURUSD 💹Time Frame : 9H (signal) 🍀;1.11226
CAD/CHF Massive Short! SELL! 👩🏼‍💻My dear subscribers, This is my opinion on the CAD/CHF next move: The instrument tests an important psychological level 0.65969 Bias - Bearish Technical Indicators: Both Super Trend & Pivot HL indicate a highly probable Bearish continuation. Target - 0.66651  #CADCHF 💹Time Frame : 4H (forecast) 🍀;0.66651
EUR/GBP Under Pressure! SELL! 👩🏼‍💻My dear friends, EUR/GBP looks like it will make a good move, and here are the details: The instrument tests an important psychological level 0.87664 Bias - Bearish Technical Indicators: Supper Trend gives a precise Bearish signal, while Pivot Point HL predicts price changes and potential reversals in the market. Goal - 0.87304 Recommended Stop Loss - 0.87866  #EURGBP 💹Time Frame : 8H (signal) 💁🏼‍♀️;0.87304
SPY Technical Analysis! SELL! 👩🏼‍💻My dear followers, This is my opinion on the SPY next move: The price is coiling around a solid key level - 415.93 Bias - Bearish Technical Indicators: Supper Trend generates a clear short signal while Pivot Point HL is currently determining the overall Bearish trend of the market. Goal - 407.30 Safe Stop Loss - 420.65  #SPY 💹Time Frame : 9H (signal) 🍀;407.30
AUD/JPY A Fall Expected! SELL! 👩🏼‍💻My dear subscribers, Please, find my technical outlook for AUD/JPY below: The instrument tests an important psychological level 90.126 Bias - Bearish Technical Indicators: Supper Trend gives a precise Bearish signal, while Pivot Point HL predicts price changes and potential reversals in the market. Goal - 89.596  #AUDJPY 💹Time Frame : 4H (forecast) 🍀;89.596
DXY Trading Opportunity! SELL! 👩🏼‍💻My dear followers, DXY looks like it will make a good move, and here are the details: The asset is approaching an important pivot point 101.672 Bias - Bearish Technical Indicators: Supper Trend generates a clear short signal while Pivot Point HL is currently determining the overall Bearish trend of the market. Goal - 101.403  #DXY 💹Time Frame : 5H (forecast) 💁🏼‍♀️;101.403
EUR/USD Technical Analysis! BUY! 👩🏼‍💻My dear friends, My technical analysis for EUR/USD is below: The instrument tests an important psychological level 1.10171 Bias - Bullish Technical Indicators: Pivot Points Low anticipates a potential price reversal. Super trend shows a clear buy, giving a perfect indicators' convergence. Goal - 1.11014 Recommended Stop Loss - 1.09691  #EURUSD 💹Time Frame : 9H (signal) 🍀;1.11014
XAGUSD What Next? SELL! 👩🏼‍💻My dear followers, I analysed this chart on XAGUSD, and concluded the following: The market is trading on 25.052 pivot level. Bias - Bearish Technical Indicators: Both Super Trend & Pivot HL indicate a highly probable Bearish continuation. Target - 24.059 Safe Stop Loss - 25.614  #XAGUSD 💹Time Frame : 12H (signal) 🙋🏼‍♀️;24.059
GBP/CAD My Opinion! SELL! 👩🏼‍💻My dear subscribers, My technical analysis for GBP/CAD is below: The price is coiling around a solid key level - 1.69469 Bias - Bearish Technical Indicators: Supper Trend gives a precise Bearish signal, while Pivot Point HL predicts price changes and potential reversals in the market. Goal - 1.68938  #GBPCAD 💹Time Frame : 3H (forecast) 🍀;1.68938
SPY Set To Fall! SELL! 👩🏼‍💻My dear followers, SPY looks like it will make a good move, and here are the details: The asset is approaching an important pivot point 416.82 Bias - Bearish Technical Indicators: Both Super Trend & Pivot HL indicate a highly probable Bearish continuation. Goal - 410.60 Recommended Stop Loss - 420.37  #SPY 💹Time Frame : 6H (signal) 💁🏼‍♀️;410.60
NZD/JPY Expected Growth! BUY! 👩🏼‍💻My dear subscribers, This is my opinion on the NZD/JPY next move: The market is trading on 84.777 pivot level. Bias - Bullish Technical Indicators: Supper Trend generates a clear long signal while Pivot Point HL is currently determining the overall Bullish trend of the market. Target - 85.684 My Stop Loss - 84.309  #NZDJPY 💹Time Frame : 7H (signal) 🍀;85.684
NQ1! On The Rise! BUY! 👩🏼‍💻My dear subscribers, This is my opinion on the NQ1! next move: The asset is approaching an important pivot point 13320.25 Bias - Bullish Technical Indicators: Pivot Points Low anticipates a potential price reversal. Super trend shows a clear buy, giving a perfect indicators' convergence. Goal - 13564.50  #NQ1 ! 💹Time Frame : 12H (forecast) 🙋🏼‍♀️;13564.50
USD/JPY Will Collapse! SELL! 👩🏼‍💻My dear friends, Please, find my technical outlook for USD/JPY below: The price is coiling around a solid key level - 136.526 Bias - Bearish Technical Indicators: Both Super Trend & Pivot HL indicate a highly probable Bearish continuation. Target - 135.554  #USDJPY 💹Time Frame : 3H (forecast) 🍀;135.554
US100 Trading Opportunity! BUY! 👩🏼‍💻My dear subscribers, This is my opinion on the US100 next move: The instrument tests an important psychological level 13068.5 Bias - Bullish Technical Indicators: Pivot Points High anticipates a potential price reversal. Super trend shows a clear buy, giving a perfect indicators' convergence. Goal - 13242.2  #US100 💹Time Frame : 6H (forecast) 💁🏼‍♀️;13242.2
USD/CHF What Next? BUY! 👩🏼‍💻My dear followers, USD/CHF looks like it will make a good move, and here are the details: The asset is approaching an important pivot point 0.89396 Bias - Bullish Technical Indicators: Supper Trend gives a precise Bullish signal, while Pivot Point HL predicts price changes and potential reversals in the market. Target - 0.90025 My Stop Loss - 0.89085  #USDCHF 💹Time Frame : 9H (signal) 🍀;0.90025
USD/CAD The Target Is DOWN! SELL! 👩🏼‍💻My dear subscribers, This is my opinion on the USD/CAD next move: The asset is approaching an important pivot point 1.36297 Bias - Bearish Technical Indicators: Supper Trend generates a clear short signal while Pivot Point HL is currently determining the overall Bearish trend of the market. Goal - 1.35510 Recommended Stop Loss - 1.36735  #USDCAD 💹Time Frame : 11H (signal) 🙋🏼‍♀️;1.35510
EUR/NZD My Opinion! BUY! 👩🏼‍💻My dear friends, Please, find my technical outlook for EUR/NZD below: The instrument tests an important psychological level 1.77247 Bias - Bullish Technical Indicators: Supper Trend gives a precise Bullish signal, while Pivot Point HL predicts price changes and potential reversals in the market. Goal - 1.78477  #EURNZD 💹Time Frame : 6H (forecast) 🍀;1.78477
AUD/USD Will Explode Down! SELL! 👩🏼‍💻My dear friends, This is my opinion on the AUD/USD next move: The price is coiling around a solid key level - 0.66730 Bias - Bearish Target - 0.66207 My Stop Loss - 0.67034  #AUDUSD 💹Time Frame : 11H (signal) 🍀;0.66207
GBP/NZD The Target Is UP! BUY! 👩🏼‍💻My dear subscribers, Please, find my technical outlook for GBP/NZD below: The instrument tests an important psychological level 2.01202 Bias - Bearish Technical Indicators: Both Super Trend & Pivot HL indicate a highly probable Bullish continuation. Goal - 2.03408  #GBPNZD 💹Time Frame : 12H (forecast) 🙋🏼‍♀️;2.03408
USD/JPY Sellers In Panic! BUY! 👩🏼‍💻My dear followers, My technical analysis for USD/JPY is below: The price is coiling around a solid key level - 134.138 Bias - Bullish Technical Indicators: Supper Trend gives a precise Bullish signal, while Pivot Point HL predicts price changes and potential reversals in the market. Target - 135.509  #USDJPY 💹Time Frame : 3H (forecast) 🍀;135.509
DXY: Massive Long! BUY! 👩🏼‍💻My dear subscribers, DXY looks like it will make a good move, and here are the details: The asset is approaching an important pivot point 100.9219 Bias - Bullish Technical Indicators: Both Super Trend & Pivot HL indicate a highly probable Bullish continuation. Target - 101.2995  #DXY 💹Time Frame : 8H (forecast) 💁🏼‍♀️;101.2995
CHF/JPY Technical Analysis! BUY! 👩🏼‍💻My dear friends, This is my opinion on the CHF/JPY next move: The asset is approaching an important pivot point 151.302 Bias - Bullish Technical Indicators: Pivot Points High anticipates a potential price reversal. Super trend shows a clear buy, giving a perfect indicators' convergence. Goal - 154.074 Safe Stop Loss - 149.414  #CHFJPY 💹Time Frame : 10H (signal) 🍀;154.074
GBP/USD Buyers In Panic! SELL! 👩🏼‍💻My dear followers, This is my opinion on the GBP/USD next move: The price is coiling around a solid key level - 1.26335 Bias - Bearish Technical Indicators: Both Super Trend & Pivot HL indicate a highly probable Bearish continuation. Target - 1.25423  #GBPUSD 💹Time Frame : 7H (forecast) 🍀;1.25423
US30 On The Rise! BUY! 👩🏼‍💻My dear subscribers, US30 looks like it will make a good move, and here are the details: The asset is approaching an important pivot point 33513.50 Bias - Bullish Technical Indicators: Pivot Points High anticipates a potential price reversal. Super trend shows a clear buy, giving a perfect indicators' convergence. Goal - 33811.03 My Stop Loss - 33355.69  #US30 💹Time Frame : 8H (signal) 💁🏼‍♀️;33811.03
AUD/CHF Massive Short! SELL! 👩🏼‍💻My dear followers, Please, find my technical outlook for AUD/CHF below: The price is coiling around a solid key level - 0.60150 Bias - Bearish Technical Indicators: Both Super Trend & Pivot HL indicate a highly probable Bearish continuation. Target - 0.59606 Recommended Stop Loss - 0.60462  #AUDCHF 💹Time Frame : 9H (signal) 🍀;0.59606
AUD/CHF Under Pressure! SELL! 👩🏼‍💻My dear followers, My technical analysis for AUD/CHF is below: The price is coiling around a solid key level - 0.59995 Bias - Bearish Technical Indicators: Both Super Trend & Pivot HL indicate a highly probable Bearish continuation. Target - 0.59703  #AUDCHF 💹Time Frame : 5H (forecast) 🍀;0.59703
DXY What Next? BUY! 👩🏼‍💻My dear subscribers, DXY looks like it will make a good move, and here are the details: The market is trading on 101.282 pivot level. Bias - Bullish Technical Indicators: Supper Trend gives a precise Bullish signal, while Pivot Point HL predicts price changes and potential reversals in the market. Goal - 101.607  #DXY 💹Time Frame : 6H (forecast) 💁🏼‍♀️;101.607
GBP/NZD My Opinion! BUY! 👩🏼‍💻My dear friends, I analysed this chart on GBP/NZD, and concluded the following: The instrument tests an important psychological level 2.00664 Bias - Bullish Technical Indicators: Pivot Points High anticipates a potential price reversal. Super trend shows a clear buy, giving a perfect indicators' convergence. Target - 2.02033 Safe Stop Loss - 1.99875  #GBPNZD 💹Time Frame : 7H (signal) 🍀;2.02033
USD/JPY Technical Analysis! SELL! 👩🏼‍💻My dear subscribers, This is my opinion on the USD/JPY next move: The price is coiling around a solid key level - 134.822 Bias - Bearish Technical Indicators: Supper Trend gives a precise Bearish signal, while Pivot Point HL predicts price changes and potential reversals in the market. Goal - 133.509 Safe Stop Loss - 135.547  #USDJPY 💹Time Frame : 11H (signal) 🙋🏼‍♀️;133.509
GBP/AUD Set To Grow! BUY! 👩🏼‍💻My dear friends, GBPAUD looks like it will make a good move, and here are the details: The price is coiling around a solid key level - 1.86921 Bias - Bullish Target - 1.88508  #GBPAUD 💹Time Frame : 6H (forecast) 🍀;1.88508
SPY A Fall Expected! SELL! 👩🏼‍💻My dear subscribers, My technical analysis for SPY is below: The instrument tests an important psychological level 412.61 Bias - Bearish —— Target - 402.17 Recommended Stop Loss - 418.47  #SPY 💹Time Frame : 8H (signal) 💁🏼‍♀️;402.17
EUR/GBP Will Explode! BUY! 👩🏼‍💻My dear subscribers, This is my opinion on the EUR/GBP next move: The instrument tests an important psychological level 0.87227 Bias - Bullish —— Target - 0.87708 My Stop Loss -0.86953  #EURGBP 💹Time Frame : 10H (signal) 🍀;0.87708
EUR/JPY Sellers In Panic! BUY! 👩🏼‍💻My dear followers, This is my opinion on the EUR/JPY next move: The instrument tests an important psychological level 148.957 Bias - Bullish Target - 150.702  #EURJPY 💹Time Frame : 6H (forecast) 🍀;150.702
US100 Massive Long! BUY! 👩🏼‍💻My dear subscribers, US100 looks like it will make a good move, and here are the details: The asset is approaching an important pivot point 13222.9 Bias - Bullish Goal - 13400.3  #US100 💹Time Frame : 7H (forecast) 💁🏼‍♀️;13400.3
EUR/CAD Technical Analysis! BUY! 👩🏼‍💻My dear friends, Please, find my technical outlook for EUR/CAD below: The market is trading on 1.47094 pivot level. Bias - Bullish  Target - 1.48507 Recommended Stop Loss - 1.46300  #EURCAD 💹Time Frame : 9H (signal) 🍀;1.48507
EUR/GBP Expected Growth! BUY! 👩🏼‍💻My dear followers, My technical analysis for EUR/GBP is below: The price is coiling around a solid key level - 0.86825 Bias - Bullish Target - 0.87225  #EURGBP 💹Time Frame : 5H (forecast) 🍀;0.87225
NAS100 What Next? SELL! 👩🏼‍💻My dear subscribers, NAS100 looks like it will make a good move, and here are the details: The asset is approaching an important pivot point 13216.50 Bias - Bearish  Goal - 13080.61 Recommended Stop Loss - 13294.97  #NAS100 💹Time Frame : 5H (signal) 💁🏼‍♀️;13080.61
AUD/CHF My Opinion! SELL! 👩🏼‍💻My dear followers, This is my opinion on the AUD/CHF next move: The market is trading on 0.60207 pivot level. Bias - Bearish  Target - 0.59808 My Stop Loss - 0.60421  #AUDCHF 💹Time Frame : 10H (signal) 🍀;0.59808
SILVER Set To Fall! SELL! 👩🏼‍💻My dear followers, This is my opinion on the SILVER next move: The asset is approaching an important pivot point 25.611 Bias - Bearish Target - 24.757  #SILVER 💹Time Frame : 12H (forecast) 🙋🏼‍♀️;24.757
NZD/JPY On The Rise! BUY! 👩🏼‍💻My dear followers, Please, find my technical outlook for NZD/JPY below: The instrument tests an important psychological level 85.492 Bias - Bullish Target - 86.993  #NZDJPY 💹Time Frame : 6H (forecast) 🍀;86.993
US500 Will Collapse! SELL! 👩🏼‍💻My dear subscribers, US500 looks like it will make a good move, and here are the details: The price is coiling around a solid key level - 4125.0 Bias - Bearish Goal - 4097.9  #US500 💹Time Frame : 7H (forecast) 💁🏼‍♀️;4097.9
GBP/CAD Trading Opportunity! BUY! 👩🏼‍💻My dear subscribers, Please, find my technical outlook for GBP/CAD below: The market is trading on 1.68722 Bias - Bullish Target - 1.69623  #GBPCAD 💹Time Frame : 5H (forecast) 🍀;1.69623
USD/CHF My Opinion! BUY! 👩🏼‍💻My dear followers, I analysed this chart on USD/CHF, and concluded the following: The asset is approaching an important pivot point 0.89527 Bias - Bullish  Goal - 0.90006 Recommended Stop Loss - 0.89254  #USDCHF 💹Time Frame : 10H (signal) 🍀;0.90006
AUD/CHF Massive Short! SELL! 👩🏼‍💻My dear subscribers, Please, find my technical outlook for AUD/CHF below: The price is coiling around a solid key level - 0.59916 Bias - Bearish Goal - 0.59205  #AUDCHF 💹Time Frame : 12H (forecast) 🙋🏼‍♀️;0.59205
EUR/GBP Under Pressure! SELL! 👩🏼‍💻My dear followers, My technical analysis for EUR/GBP is below: The market is trading on 0.87111 pivot level. Bias - Bearish Goal - 0.86603  #EURGBP 💹Time Frame : 7H (forecast) 🍀;0.86603
US100 Technical Analysis! SELL! 👩🏼‍💻My dear subscribers, US100 looks like it will make a good move, and here are the details: The instrument tests an important psychological level 13320.7 Bias - Bearish Target - 13162.8  #US100 💹Time Frame : 8H (forecast) 💁🏼‍♀️;13162.8
AUD/USD My Opinion! BUY! 👩🏼‍💻My dear subscribers, I analysed this chart on AUD/USD , and concluded the following: The asset is approaching an important pivot point 0.66442 Bias - Bullish  Target - 0.66999 My Stop Loss - 0.66119  #AUDUSD 💹Time Frame : 10H (signal) 🍀;0.66999
SILVER Set To Grow! BUY! 👩🏼‍💻My dear friends, Please, find my technical outlook for SILVER below: The price is coiling around a solid key level - 23.892. Bias - Bullish  Goal - 24.599 Recommended Stop Loss - 23.487  #SILVER 💹Time Frame : 12H (signal) 🙋🏼‍♀️;24.599
USD/JPY Will Explode! BUY! 👩🏼‍💻My dear followers, Please, find my technical outlook for USD/JPY below: The price is coiling around a solid key level - 135.744 Bias - Bullish Target - 137.015  #USDJPY 💹Time Frame : 5H (forecast) 🍀;137.015
DXY The Target Is UP! BUY! 👩🏼‍💻My dear subscribers, DXY looks like it will make a good move, and here are the details: The asset is approaching an important pivot point 102.2785 Bias - Bullish  Goal - 102.8037 Recommended Stop Loss - 101.9796  #DXY 💹Time Frame : 7H (signal) 🍀;102.8037
NZD/JPY Sellers In Panic! BUY! 👩🏼‍💻My dear friends, I analysed this chart on NZD/JPY, and concluded the following: The market is trading on 84.002 pivot level. Bias - Bullish  Target - 84.997 My Stop Loss - 83.438  #NZDJPY 💹Time Frame : 10H (signal) 🙋🏼‍♀️;84.997
EUR/GBP What Next? SELL! 👩🏼‍💻My dear friends, My technical analysis for EUR/GBP is below: The market is trading on 0.87150 pivot level. Bias - Bearish Target - 0.86621  #EURGBP 💹Time Frame : 5H (forecast) 🍀;0.86621
US100 Massive Long! BUY! 👩🏼‍💻My dear followers, This is my opinion on the US100 next move: The asset is approaching an important pivot point 13310.8 Bias - Bullish Goal - 13522.0  #US100 💹Time Frame : 8H (forecast) 💁🏼‍♀️;13522.0
AUD/USD Technical Analysis! BUY! 👩🏼‍💻My dear subscribers, This is my opinion on the AUD/USD next move: The instrument tests an important psychological level 0.66330 Bias - Bullish  Goal - 0.66800 Recommended Stop Loss - 0.66064  #AUDUSD 💹Time Frame : 9H (signal) 🍀;0.66800
XAGUSD My Opinion! SELL! 👩🏼‍💻My dear followers, XAGUSD looks like it will make a good move, and here are the details: The price is coiling around a solid key level - 23.959 Bias - Bearish  Target - 23.229 My Stop Loss - 24.376  #XAGUSD 💹Time Frame : 12H (signal) 🙋🏼‍♀️;23.229
USD/CAD Set To Fall! SELL! 👩🏼‍💻My dear friends, My technical analysis for USD/CAD is below: The market is trading on 1.35186 pivot level. Bias - Bearish Target - 1.34192  #USDCAD 💹Time Frame : 7H (forecast) 🍀;1.34192
DXY Expected Growth! BUY! 👩🏼‍💻My dear subscribers, This is my opinion on the DXY next move: The asset is approaching an important pivot point 102.499 Bias - Bullish  Goal - 103.151 My Stop Loss - 102.154  #DXY 💹Time Frame : 9H (signal) 💁🏼‍♀️;103.151
GBP/USD Will Collapse! SELL! 👩🏼‍💻My dear followers, This is my opinion on the GBP/USD next move: The instrument tests an important psychological level 1.25053 Bias - Bullish  Target - 1.24030 Recommended Stop Loss - 1.25644  #GBPUSD 💹Time Frame : 10H (signal) 🍀;1.24030
EUR/CAD On The Rise! BUY! 👩🏼‍💻My dear subscribers, Please, find my technical outlook for EUR/CAD below: The market is trading on 1.46010 pivot level. Bias - Bullish Goal - 1.47021  #EURCAD 💹Time Frame : 6H (forecast) 🍀;1.47021
US100 Buyers In Panic! SELL! 👩🏼‍💻My dear followers, My technical analysis for US100 is below: The instrument tests an important psychological level 13383.1 Bias - Bearish Goal - 13200.3  #US100 💹Time Frame : 8H (forecast) 💁🏼‍♀️;13200.3
USD/CHF Trading Opportunity! BUY! 👩🏼‍💻My dear friends, USD/CHF looks like it will make a good move, and here are the details: The asset is approaching an important pivot point 0.89464 Bias - Bullish  Target - 0.89902 Recommended Stop Loss - 0.89216  #USDCHF 💹Time Frame : 8H (signal) 🍀;0.89902
ES1! Massive Short! SELL! 👩🏼‍💻My dear followers, I analysed this chart on ES1!, and concluded the following: The asset is approaching an important pivot point 4134.00 Bias - Bearish  Goal - 4100.50 My Stop Loss - 4152.50  #ES1 ! 💹Time Frame : 12H (signal) 🙋🏼‍♀️;4100.50
CAD/JPY What Next? BUY! 👩🏼‍💻My dear followers, My technical analysis for CAD/JPY is below: The market is trading on 101.542 pivot level. Bias - Bullish Target - 102.716  #CADJPY 💹Time Frame : 10H (forecast) 🍀;102.716
GBP/USD Set To Grow! BUY! 👩🏼‍💻My dear subscribers, GBP/USD looks like it will make a good move, and here are the details: The asset is approaching an important pivot point 1.24609 Bias - Bullish  Target - 1.25295 My Stop Loss - 1.24216  #GBPUSD 💹Time Frame : 11H (signal) 🍀;1.25295
NQ1! Under Pressure! SELL! 👩🏼‍💻My dear friends, I analysed this chart on NQ1!, and concluded the following: The price is coiling around a solid key level - 13509.50 Bias - Bearish Target - 13320.00  #NQ1 ! 💹Time Frame : 12H (forecast) 🙋🏼‍♀️;13320.00
USD/JPY Technical Analysis! SELL! 👩🏼‍💻My dear followers, This is my opinion on the USD/JPY next move: The price is coiling around a solid key level - 137.838 Bias - Bearish Target - 136.608  #USDJPY 💹Time Frame : 5H (forecast) 🍀;136.608
SPX500USD A Fall Expected! SELL! 👩🏼‍💻My dear friends, Please, find my technical outlook for SPX500USD below: The price is coiling around a solid key level - 4166.7 Bias - Bearish Target - 4131.0  #SPX500USD 💹Time Frame : 7H (forecast) 💁🏼‍♀️;4131.0
AUD/NZD Will Explode! BUY! 👩🏼‍💻My dear followers, AUD/NZD looks like it will make a good move, and here are the details: The instrument tests an important psychological level 1.064252 Bias - Bullish  Goal - 1.070752 My Stop Loss - 1.060848  #AUDNZD 💹Time Frame : 9H (signal) 🍀;1.070752
EUR/GBP Trading Opportunity! SELL! 👩🏼‍💻My dear followers, My technical analysis for EUR/GBP is below: The price is coiling around a solid key level - 0.86830 Bias - Bearish Target - 0.86402  #EURGBP 💹Time Frame : 7H (forecast) 🍀;0.86402
DXY Sellers In Panic! BUY! 👩🏼‍💻My dear subscribers, This is my opinion on the DXY next move: The market is trading on 103.308 pivot level. Bias - Bullish  Goal - 104.126 Recommended Stop Loss - 103.321  #DXY 💹Time Frame : 9H (signal) 💁🏼‍♀️;104.126
EUR/AUD What Next? SELL! 👩🏼‍💻My dear followers, EUR/AUD looks like it will make a good move, and here are the details: The asset is approaching an important pivot point 1.62288 Bias - Bearish  Goal - 1.61086 My Stop Loss - 1.62875  #EURAUD 💹Time Frame : 10H (signal) 🍀;1.61086
EUR/NZD Technical Analysis! BUY! 👩🏼‍💻My dear followers, My technical analysis for EUR/NZD is below: The market is trading on 1.72150 pivot level. Bias - Bullish Target - 1.74213  #EURNZD 💹Time Frame : 6H (forecast) 🍀;1.74213
SPX Expected Growth! BUY! 👩🏼‍💻My dear friends, Please, find my technical outlook for SPX below: The price is coiling around a solid key level - 4191.98 Bias - Bullish Goal - 4301.27  #SPX 💹Time Frame : 9H (forecast) 💁🏼‍♀️;4301.27
EUR/USD My Opinion! SELL! 👩🏼‍💻My dear subscribers, This is my opinion on the EUR/USD next move: The instrument tests an important psychological level 1.07985 Bias - Bearish  Target - 1.07325 Recommended Stop Loss - 1.08354  #EURUSD 💹Time Frame : 11H (signal) 🍀;1.07325
NQ1! Set To Fall! SELL! 👩🏼‍💻My dear followers, NQ1! looks like it will make a good move, and here are the details: The asset is approaching an important pivot point 13841.75 Bias - Bearish  Target - 13601.25 My Stop Loss - 13977.50  #NQ1 ! 💹Time Frame : 12H (signal) 🙋🏼‍♀️;13601.25
GBP/USD Will Collapse! SELL! 👩🏼‍💻My dear friends, My technical analysis for GBP/USD is below: The market is trading on 1.24388 pivot level. Bias - Bearish Target - 1.23701  #GBPUSD 💹Time Frame : 5H (forecast) 🍀;1.23701
DXY On The Rise! BUY! 👩🏼‍💻My dear followers, Please, find my technical outlook for DXY below: The price is coiling around a solid key level - 103.190 Bias - Bullish  Goal - 104.025 Recommended Stop Loss - 102.725  #DXY 💹Time Frame : 7H (signal) 💁🏼‍♀️;104.025
USD/CAD The Target Is DOWN! SELL! 👩🏼‍💻My dear subscribers, This is my opinion on the USD/CAD next move: The instrument tests an important psychological level 1.34981 Bias - Bearish  Goal - 1.34276 My Stop Loss - 1.35376  #USDCAD 💹Time Frame : 10H (signal) 🍀;1.34276
SILVER Trading Opportunity! BUY! 👩🏼‍💻My dear followers, SILVER looks like it will make a good move, and here are the details: The asset is approaching an important pivot point 23.842 Bias - Bullish Target - 24.600  #SILVER 💹Time Frame : 12H (forecast) 🙋🏼‍♀️;24.600
GBP/JPY What Next? BUY! 👩🏼‍💻My dear friends, My technical analysis for GBP/JPY is below: The market is trading on 171.626 pivot level. Bias - Bullish Target - 172.707  #GBPJPY 💹Time Frame : 5H (forecast) 🍀;172.707
SPY My Opinion! BUY! 👩🏼‍💻My dear subscribers, This is my opinion on the SPY next move: The price is coiling around a solid key level - 418.60 Bias - Bullish Goal - 425.42  #SPY 💹Time Frame : 8H (forecast) 💁🏼‍♀️;425.42
AUD/USD Set To Grow! BUY! 👩🏼‍💻My dear friends, This is my opinion on the AUD/USD next move: The instrument tests an important psychological level 0.66501 Bias - Bullish  Goal - 0.66841 My Stop Loss - 0.66234  #AUDUSD 💹Time Frame : 10H (signal) 🍀;0.66841
EUR/JPY The Target Is UP! BUY! 👩🏼‍💻My dear followers, EUR/JPY looks like it will make a good move, and here are the details: The instrument tests an important psychological level 149.447 Bias - Bullish Target - 150.456  #EURJPY 💹Time Frame : 6H (forecast) 🍀;150.456
EUR/USD Sellers In Panic! BUY! 👩🏼‍💻My dear friends, I analysed this chart on EUR/USD, and concluded the following: The asset is approaching an important pivot point 1.07648 Bias - Bullish  Target - 1.08397 Safe Stop Loss - 1.07216  #EURUSD 💹Time Frame : 11H (signal) 🍀;1.08397
USD/JPY Massive Long! BUY! 👩🏼‍💻My dear followers, Please, find my technical outlook for USD/JPY below: The price is coiling around a solid key level - 138.630 Bias - Bullish Goal - 140.021  #USDJPY 💹Time Frame : 12H (forecast) 🙋🏼‍♀️;140.021
AUD/NZD Massive Short! SELL! 👩🏼‍💻My dear subscribers, My technical analysis for AUD/NZD is below: The price is coiling around a solid key level - 1.07166 Bias - Bearish Goal - 1.06513  #AUDNZD 💹Time Frame : 5H (forecast) 🍀;1.06513
DXY Under Pressure! SELL! 👩🏼‍💻My dear subscribers, DXY looks like it will make a good move, and here are the details: The asset is approaching an important pivot point 103.522 Bias - Bearish Goal - 103.018  #DXY 💹Time Frame : 8H (forecast) 💁🏼‍♀️;103.018
NZD/USD Technical Analysis! BUY! 👩🏼‍💻My dear followers, I analysed this chart on NZD/USD, and concluded the following: The asset is approaching an important pivot point 0.61270 Bias - Bullish  Goal - 0.61894 Safe Stop Loss - 0.60915  #NZDUSD 💹Time Frame : 9H (signal) 🍀;0.61894
EUR/AUD Expected Growth! BUY 👩🏼‍💻My dear subscribers, Please, find my technical outlook for EUR/AUD below: The price is coiling around a solid key level - 1.64841 Bias - Bullish Target - 1.65803  #EURAUD 💹Time Frame : 6H (forecast) 🍀;1.65803
GBP/CAD Technical Analysis! SELL! 👩🏼‍💻My dear followers, This is my opinion on the GBP/CAD next move: The market is trading on 1.67943 pivot level. Bias - Bearish  Goal - 1.67014 Recommended Stop Loss - 1.68469  #GBPCAD 💹Time Frame : 10H (signal) 🍀;1.67014
AUD/CAD Trading Opportunity! BUY! 👩🏼‍💻My dear friends, I analysed this chart on AU/CAD, and concluded the following: The market is trading on 0.88728 pivot level. Bias - Bullish Target - 0.89409  #AUDCAD 💹Time Frame : 12H (forecast) 🙋🏼‍♀️;0.89409
AUD/USD A Fall Expected! SELL! 👩🏼‍💻My dear friends, Please, find my technical outlook for AUD/USD below: The price is coiling around a solid key level - 0.65095 Bias - Bearish Target - 0.63981  #AUDUSD 💹Time Frame : 5H (forecast) 🍀;0.63981
US500 What Next? BUY! 👩🏼‍💻My dear subscribers, US500 looks like it will make a good move, and here are the details: The asset is approaching an important pivot point 4197.0 Bias - Bullish Goal - 4242.1  #US500 💹Time Frame : 8H (forecast) 💁🏼‍♀️;4242.1
GBP/CHF My Opinion! BUY! 👩🏼‍💻My dear followers, I analysed this chart on GBP/CHF, and concluded the following: The asset is approaching an important pivot point 1.11751 Bias - Bullish  Target - 1.12222 My Stop Loss - 1.11481  #GBPCHF 💹Time Frame : 10H (signal) 🍀;1.12222
AUD/JPY Set To Grow! BUY! 👩🏼‍💻My dear followers, My technical analysis for AUD/JPY is below: The price is coiling around a solid key level - 91.592 Bias - Bullish  Goal - 92.625 My Stop Loss - 90.987  #AUDJPY 💹Time Frame : 12H (signal) 🙋🏼‍♀️;92.625
AUD/CHF Will Explode! BUY! 👩🏼‍💻My dear friends, My technical analysis for AUD/CHF is below: The market is trading on 0.58943 pivot level. Bias - Bullish Target - 0.59411  #AUDCHF 💹Time Frame : 6H (forecast) 🍀;0.59411
US500 The Target Is UP! BUY 👩🏼‍💻My dear subscribers, Please, find my technical outlook for US500 below: The price is coiling around a solid key level - 4209.1 Bias - Bullish  Goal - 4259.0 My Stop Loss - 4183.6  #US500 💹Time Frame : 8H (signal) 💁🏼‍♀️;4259.0
AUD/NZD Technical Analysis! SELL! 👩🏼‍💻My dear friends, AUD/NZD looks like it will make a good move, and here are the details: The instrument tests an important psychological level 1.07797 Bias - Bearish  Goal - 1.07127 Safe Stop Loss - 1.08184  #AUDNZD 💹Time Frame : 10H (signal) 🍀;1.07127
ES1!: Sellers In Panic! BUY! 👩🏼‍💻My dear subscribers, I analysed this chart on ES1!, and concluded the following: The asset is approaching an important pivot point 4219.25 Bias - Bullish Target - 4256.00  #ES1 ! 💹Time Frame : 12H (forecast) 🙋🏼‍♀️;4256.00
EUR/CHF A Fall Expected! SELL! 👩🏼‍💻My dear followers, My technical analysis for EUR/CHF is below: The market is trading on 0.97004 pivot level. Bias - Bearish Target - 0.96622  #EURCHF 💹Time Frame : 7H (forecast) 🍀;0.96622
US100 Massive Long! BUY! 👩🏼‍💻My dear followers, This is my opinion on the US100 next move: The instrument tests an important psychological level 14323.8 Bias - Bullish Goal - 14715.0  #US100 💹Time Frame : 9H (forecast) 💁🏼‍♀️;14715.0
USD/CHF Trading Opportunity! SELL! 👩🏼‍💻My dear subscribers, USD/CHF looks like it will make a good move, and here are the details: The asset is approaching an important pivot point 0.90493 Bias - Bearish  Target - 0.90011 Recommended Stop Loss - 0.90764  #USDCHF 💹Time Frame : 11H (signal) 🍀;0.90011
EUR/USD Technical Analysis! BUY! 👩🏼‍💻My dear followers, I analysed this chart on EUR/USD, and concluded the following: The asset is approaching an important pivot point 1.07218 Bias - Bullish  Goal - 1.08229 My Stop Loss - 1. 06646  #EURUSD 💹Time Frame : 12H (signal) 🙋🏼‍♀️;1.08229
USD/JPY What Next? SELL! 👩🏼‍💻My dear followers, My technical analysis for USD/JPY is below: The market is trading on 140.346 pivot level. Bias - Bearish Target - 139.003  #USDJPY 💹Time Frame : 5H (forecast) 🍀;139.003
NZD/CAD Set To Fall! SELL! 👩🏼‍💻My dear followers, NZD/CAD looks like it will make a good move, and here are the details: The instrument tests an important psychological level 0.82276 Bias - Bearish  Target - 0.81489 My Stop Loss - 0.82720  #NZDCAD 💹Time Frame : 10H (signal) 🍀;0.81489
USD/CAD Expected Growth! BUY! 👩🏼‍💻My dear friends, USD/CAD looks like it will make a good move, and here are the details: The instrument tests an important psychological level 1.35890 Bias - Bullish Goal - 1.36750  #USDCAD 💹Time Frame : 12H (forecast) 🍀;1.36750
SPY The Target Is DOWN! SELL! 👩🏼‍💻My dear subscribers, I analysed this chart on SPY, and concluded the following: The asset is approaching an important pivot point 420.03 Bias - Bearish Target - 411.82  #SPY 💹Time Frame : 7H (forecast) 💁🏼‍♀️;411.82
AUD/NZD Buyers In Panic! SELL! 👩🏼‍💻My dear followers, My technical analysis for AUD/NZD is below: The market is trading on 1.07755 pivot level. Bias - Bearish  Target - 1.07222 Recommended Stop Loss - 1.08090  #AUDNZD 💹Time Frame : 8H (signal) 🍀;1.07222
ES1! Massive Short! SELL! 👩🏼‍💻My dear followers, Please, find my technical outlook for ES1! below: The price is coiling around a solid key level - 4214.75 Bias - Bearish  Goal - 4169.50 My Stop Loss - 4170.50  #ES1 ! 💹Time Frame : 12H (signal) 🙋🏼‍♀️;4169.50
EUR/CAD Under Pressure! SELL! 👩🏼‍💻My dear friends, This is my opinion on the EUR/CAD next move: The market is trading on 1.44873 pivot level. Bias - Bearish Goal - 1.44269  #EURCAD 💹Time Frame : 5H (forecast) 🍀;1.44269
US100 On The Rise! BUY! 👩🏼‍💻My dear subscribers, This is my opinion on the US100 next move: The price is coiling around a solid key level - 14300.8 Bias - Bullish  Goal - 14621.2 Safe Stop Loss - 14127.9  #US100 💹Time Frame : 8H (signal) 💁🏼‍♀️;14621.2
USD/JPY Trading Opportunity! BUY! 👩🏼‍💻My dear followers, USD/JPY looks like it will make a good move, and here are the details: The instrument tests an important psychological level 139.339 Bias - Bullish  Target - 141.029 Recommended Stop Loss - 138.371  #USDJPY 💹Time Frame : 10H (signal) 🍀;141.029
USD/JPY Massive Long! BUY! 👩🏼‍💻My dear followers, Please, find my technical outlook for USD/JPY below: The market is trading on 139.913 pivot level. Bias - Bullish Goal - 140.562  #USDJPY 💹Time Frame : 3H (forecast) 🍀;140.562
SPX Will Collapse! SELL! 👩🏼‍💻My dear subscribers, SPX looks like it will make a good move, and here are the details: The price is coiling around a solid key level - 4282.46 Bias - Bearish  Target - 4220.92 Recommended Stop Loss - 4317.20  #SPX 💹Time Frame : 5H (signal) 💁🏼‍♀️;4220.92
EUR/AUD Technical Analysis! BUY! 👩🏼‍💻My dear followers, I analysed this chart on EUR/AUD, and concluded the following: The instrument tests an important psychological level 1.61923 Bias - Bullish  Target - 1.62759 My Stop Loss - 1.61478  #EURAUD 💹Time Frame : 8H (signal) 🍀;1.62759
GBP/NZD On The Rise! BUY! 👩🏼‍💻My dear subscribers, My technical analysis for GBP/NZD is below: The price is coiling around a solid key level - 2.05412 Bias - Bullish Target - 2.07851  #GBPNZD 💹Time Frame : 5H (forecast) 🍀;2.07851
SPY The Target Is DOWN! SELL! 👩🏼‍💻My dear subscribers, This is my opinion on the SPY next move: The market is trading on 427.92 pivot level. Bias - Bearish Goal - 416.36  #SPY 💹Time Frame : 7H (forecast) 💁🏼‍♀️;416.36
AUD/NZD Buyers In Panic! SELL! 👩🏼‍💻My dear friends, AUD/NZD looks like it will make a good move, and here are the details: The asset is approaching an important pivot point 1.09037 Bias - Bearish  Target - 1.08262 Recommended Stop Loss - 1.09478  #AUDNZD 💹Time Frame : 9H (signal) 🍀;1.08262
EUR/GBP Trading Opportunity! BUY! 👩🏼‍💻My dear followers, I analysed this chart on EUR/GBP, and concluded the following: The asset is approaching an important pivot point 0.85980 Bias - Bullish  Goal - 0.86626 Safe Stop Loss - 0.85630  #EURGBP 💹Time Frame : 12H (signal) 🙋🏼‍♀️;0.86626
NZD/USD Massive Short! SELL! 👩🏼‍💻My dear followers, Please, find my technical outlook for NZD/USD below: The market is trading on 0.60829 pivot level. Bias - Bearish Target - 0.59988  #NZDUSD 💹Time Frame : 5H (forecast) 🍀;0.59988
NZD/CHF Technical Analysis! SELL! 👩🏼‍💻My dear friends, NZD/CHF looks like it will make a good move, and here are the details: The asset is approaching an important pivot point 0.55026 Bias - Bearish  Target - 0.54407 Recommended Stop Loss - 0.55391  #NZDCHF 💹Time Frame : 9H (signal) 🍀;0.54407
AUD/USD A Fall Expected! SELL! 👩🏼‍💻My dear subscribers, I analysed this chart on AUD/USD, and concluded the following: The instrument tests an important psychological level 0.66212 Bias - Bearish Goal - 0.65502  #AUDUSD 💹Time Frame : 12H (forecast) 🙋🏼‍♀️;0.65502
EUR/CAD What Next? BUY! 👩🏼‍💻My dear friends, My technical analysis for EUR/CAD is below: The market is trading on 1.43401 pivot level. Bias - Bullish Target - 1.43920  #EURCAD 💹Time Frame : 5H (forecast) 🍀;1.43920
DXY My Opinion! BUY! 👩🏼‍💻My dear subscribers, Please, find my technical outlook for DXY below: The price is coiling around a solid key level - 104.197 Bias - Bullish Goal - 104.702  #DXY 💹Time Frame : 7H (forecast) 💁🏼‍♀️;104.702
USD/CHF Set To Grow! BUY! 👩🏼‍💻My dear friends, USD/CHF looks like it will make a good move, and here are the details: The instrument tests an important psychological level 0.90787 Bias - Bullish  Goal - 0.91200 Recommended Stop Loss - 0.90537  #USDCHF 💹Time Frame : 7H (signal) 🍀;0.91200
NQ1! Trading Opportunity! SELL! 👩🏼‍💻My dear followers, This is my opinion on the NQ1! next move: The asset is approaching an important pivot point 14565.25 Bias - Bearish  Target - 14208.50 My Stop Loss - 14765.75  #NQ1 ! 💹Time Frame : 12H (signal) 🙋🏼‍♀️;14208.50
AUD/NZD Will Explode! BUY! 👩🏼‍💻My dear followers, Please, find my technical outlook for AUD/NZD below: The instrument tests an important psychological level 1.10110 Bias - Bullish Target - 1.11220  #AUDNZD 💹Time Frame : 5H (forecast) 🍀;1.11220
SPX500USD The Target Is UP! BUY! 👩🏼‍💻My dear subscribers, SPX500USD looks like it will make a good move, and here are the details: The instrument tests an important psychological level 4282.6 Bias - Bullish  Goal - 4330.1 My Stop Loss - 4255.7  #SPX500USD 💹Time Frame : 7H (signal) 💁🏼‍♀️;4330.1
EUR/AUD Sellers In Panic! BUY! 👩🏼‍💻My dear friends, This is my opinion on the EUR/AUD next move: The asset is approaching an important pivot point 1.60857 Bias - Bullish  Goal - 1.62023 My Stop Loss - 1.60197  #EURAUD 💹Time Frame : 7H (signal) 🍀;1.62023
NQ1! What Next? SELL! 👩🏼‍💻My dear followers, My technical analysis for NQ1! is below: The instrument tests an important psychological level 14372.00 Bias - Bearish Goal - 14009.00  #NQ1 ! 💹Time Frame : 12H (forecast) 🙋🏼‍♀️;14009.00
GBP/AUD My Opinion! SELL! 👩🏼‍💻My dear followers, My technical analysis for GBP/AUD is below: The market is trading on 1.86683 pivot level. Bias - Bearish Goal - 1.84988  #GBPAUD 💹Time Frame : 5H (forecast) 🍀;1.84988
NAS100USD Set To Fall! SELL! 👩🏼‍💻My dear friends, NAS100USD looks like it will make a good move, and here are the details: The instrument tests an important psychological level 14359.9 Bias - Bearish Target - 14068.2  #NAS100USD 💹Time Frame : 7H (forecast) 💁🏼‍♀️;14068.2
USD/CAD Massive Long! BUY! 👩🏼‍💻My dear subscribers, I analysed this chart on USD/CAD, and concluded the following: The asset is approaching an important pivot point 1.33635 Bias - Bullish  Goal - 1.34404 Safe Stop Loss - 1.33199  #USDCAD 💹Time Frame : 10H (signal) 🍀;1.34404
ES1! Will Collapse! SELL! 👩🏼‍💻My dear friends, Please, find my technical outlook for ES1! below: The price is coiling around a solid key level - 4275.75 Bias - Bearish  Target - 4229.00 Recommended Stop Loss - 4300.25  #ES1 ! 💹Time Frame : 12H (signal) 🙋🏼‍♀️;4229.00
AUD/NZD The Target Is DOWN! SELL! 👩🏼‍💻My dear friends, My technical analysis for AUD/NZD is below: The market is trading on 1.09841 pivot level. Bias - Bearish Target - 1.09453  #AUDNZD 💹Time Frame : 4H (forecast) 🍀;1.09453
USD/CHF Massive Short! SELL! 👩🏼‍💻My dear followers, USD/CHF looks like it will make a good move, and here are the details: The asset is approaching an important pivot point 0.90193 Bias - Bearish  Goal - 0.89604 Recommended Stop Loss - 0.90524  #USDCHF 💹Time Frame : 10H (signal) 🍀;0.89604
SILVER Technical Analysis! BUY! 👩🏼‍💻My dear friends, I analysed this chart on SILVER, and concluded the following: The instrument tests an important psychological level 24.240 Bias - Bullish Target - 24.807  #SILVER 💹Time Frame : 12H (forecast) 🙋🏼‍♀️;24.807
NZD/USD Expected Growth! BUY! 👩🏼‍💻My dear friends, My technical analysis for NZD/USD is below: The market is trading on 0.61286 pivot level. Bias - Bullish Target - 0.61666  #NZDUSD 💹Time Frame : 3H (forecast) 🍀;0.61666
DXY On The Rise! BUY! 👩🏼‍💻My dear subscribers, Please, find my technical outlook for DXY below: The price is coiling around a solid key level - 103.1099 Bias - Bullish Goal - 103.4037  #DXY 💹Time Frame : 5H (forecast) 💁🏼‍♀️;103.4037
GBP/USD Under Pressure! SELL! 👩🏼‍💻My dear followers, This is my opinion on the GBP/USD next move: The instrument tests an important psychological level 1.25580 Bias - Bearish  Target - 1.25019 Recommended Stop Loss - 1.25896  #GBPUSD 💹Time Frame : 10H (signal) 🍀;1.25019
USD/CAD Trading Opportunity! BUY! 👩🏼‍💻My dear subscribers, USD/CAD looks like it will make a good move, and here are the details: The asset is approaching an important pivot point 1.33276 Bias - Bullish  Goal - 1.34223 Safe Stop Loss - 1.32732  #USDCAD 💹Time Frame : 12H (signal) 🙋🏼‍♀️;1.34223
NZD/CAD What Next? BUY! 👩🏼‍💻My dear followers, Please, find my technical outlook for NZD/CAD below: The price is coiling around a solid key level - 0.81693 Bias - Bullish Goal - 0.82026  #NZDCAD 💹Time Frame : 3H (forecast) 🍀;0.82026
NAS100USD Technical Analysis! SELL! 👩🏼‍💻My dear subscribers, This is my opinion on the NAS100USD next move: The asset is approaching an important pivot point 14549.5 Bias - Bearish  Goal - 14306.8 Safe Stop Loss - 14667.7  #NAS100USD 💹Time Frame : 6H (signal) 💁🏼‍♀️;14306.8
AUD/USD A Fall Expected! SELL! 👩🏼‍💻My dear friends, AUD/USD looks like it will make a good move, and here are the details: The instrument tests an important psychological level 0.67421 Bias - Bearish  Target - 0.66915 My Stop Loss - 0.67709  #AUDUSD 💹Time Frame : 9H (signal) 🍀;0.66915
NQ1! Trading Opportunity! SELL! 👩🏼‍💻My dear followers, Please, find my technical outlook for NQ1! below: The market is trading on 14742.75 pivot level. Bias - Bearish Target - 14402.00  #NQ1 ! 💹Time Frame : 12H (forecast) 🙋🏼‍♀️;14402.00
GBP/CHF What Next? SELL! 👩🏼‍💻My dear friends, My technical analysis for GBP/CHF is below: The market is trading on 1.14005 pivot level. Bias - Bearish Goal - 1.13664  #GBPCHF 💹Time Frame : 4H (forecast) 🍀;1.13664
DXY Technical Analysis! BUY! 👩🏼‍💻My dear subscribers, Please, find my technical outlook for DXY below: The price is coiling around a solid key level - 103.233 Bias - Bullish  Target - 103.575 Recommended Stop Loss - 103.030  #DXY 💹Time Frame : 6H (signal) 💁🏼‍♀️;103.575
EUR/USD Expected Growth! BUY! 👩🏼‍💻My dear followers, This is my opinion on the EUR/USD next move: The instrument tests an important psychological level 1.07912 Bias - Bullish  Goal - 1.08268 My Stop Loss - 1.07720  #EURUSD 💹Time Frame : 6H (signal) 🍀;1.08268
SILVER On The Rise! BUY! 👩🏼‍💻My dear friends, SILVER looks like it will make a good move, and here are the details: The asset is approaching an important pivot point 23.667 Bias - Bullish Goal - 24.442  #SILVER 💹Time Frame : 12H (forecast) 🙋🏼‍♀️;24.442
EUR/AUD Trading Opportunity! BUY! 👩🏼‍💻My dear subscribers, Please, find my technical outlook for EUR/AUD below: The price is coiling around a solid key level - 1.58907 Bias - Bullish Target - 1.60121  #EURAUD 💹Time Frame : 4H (forecast) 🍀;1.60121
NAS100USD My Opinion! SELL! 👩🏼‍💻My dear followers, NAS100USD looks like it will make a good move, and here are the details: The asset is approaching an important pivot point 15006.2 Bias - Bearish Goal - 14701.0  #NAS100USD 💹Time Frame : 7H (forecast) 💁🏼‍♀️;14701.0
NZD/USD Set To Fall! SELL! 👩🏼‍💻My dear subscribers, I analysed this chart on NZD/USD, and concluded the following: The price is coiling around a solid key level - 0.62288 Bias - Bearish  Target - 0.61610 Safe Stop Loss - 0.62761  #NZDUSD 💹Time Frame : 10H (signal) 🍀;0.61610
NQ1! Set To Fall! SELL! 👩🏼‍💻My dear followers, This is my opinion on the NQ1! next move: The instrument tests an important psychological level 15212.00 Bias - Bearish  Goal - 14784.75 My Stop Loss -15421.50  #NQ1 ! 💹Time Frame : 12H (signal) 🙋🏼‍♀️;14784.75
AUD/USD Will Collapse! SELL! 👩🏼‍💻My dear followers, My technical analysis for AUD/USD is below: The market is trading on 0.68533 pivot level. Bias - Bearish Target - 0.67940  #AUDUSD 💹Time Frame : 4H (forecast) 🍀;0.67940
GBP/USD Buyers In Panic! SELL! 👩🏼‍💻My dear subscribers, GBP/USD looks like it will make a good move, and here are the details: The instrument tests an important psychological level 1.27490 Bias - Bearish  Target - 1.26485 Safe Stop Loss -1.28031  #GBPUSD 💹Time Frame : 10H (signal) 🍀;1.26485
EUR/USD Under Pressure! SELL! 👩🏼‍💻My dear followers, I analysed this chart on EUR/USD, and concluded the following: The asset is approaching an important pivot point 1.09191 Bias - Bearish Target - 1.08400  #EURUSD 💹Time Frame : 12H (forecast) 🙋🏼‍♀️;1.08400
USD/JPY Technical Analysis! BUY! 👩🏼‍💻My dear followers, My technical analysis for USD/JPY is below: The market is trading on 141.208 pivot level. Bias - Bullish Goal - 142.000  #USDJPY 💹Time Frame : 4H (forecast) 🍀;142.000
NAS100USD Trading Opportunity! SELL! 👩🏼‍💻My dear subscribers, Please, find my technical outlook for NAS100USD below: The price is coiling around a solid key level - 15186.2 Bias - Bearish Goal - 15002.8  #NAS100USD 💹Time Frame : 4H (forecast) 💁🏼‍♀️;15002.8
NZD/USD A Fall Expected! SELL! 👩🏼‍💻My dear subscribers, NZD/USD looks like it will make a good move, and here are the details: The asset is approaching an important pivot point 0.62111 Bias - Bearish  Goal - 0.61475 Recommended Stop Loss - 0.62473  #NZDUSD 💹Time Frame : 9H (signal) 🍀;0.61475
XAGUSD My Opinion! SELL! 👩🏼‍💻My dear followers, I analysed this chart on XAGUSD, and concluded the following: The asset is approaching an important pivot point 23.944 Bias - Bearish  Goal - 23.222 Safe Stop Loss - 24.357  #XAGUSD 💹Time Frame : 12H (signal) 🙋🏼‍♀️;23.222
AUD/JPY Set To Fall! SELL! 👩🏼‍💻My dear followers, My technical analysis for AUD/JPY is below: The market is trading on 97.472 pivot level. Bias - Bearish Target - 96.331  #AUDJPY 💹Time Frame : 3H (forecast) 🍀;96.331
US30 The Target Is DOWN! SELL! 👩🏼‍💻My dear subscribers, Please, find my technical outlook for US30 below: The price is coiling around a solid key level - 34309.2 Bias - Bearish  Goal - 33950.6 Recommended Stop Loss - 34512.0  #US30 💹Time Frame : 5H (signal) 💁🏼‍♀️;33950.6
EUR/USD Buyers In Panic! SELL! 👩🏼‍💻My dear subscribers, EUR/USD looks like it will make a good move, and here are the details: The instrument tests an important psychological level 1.09442 Bias - Bearish  Target - 1.08766 Safe Stop Loss - 1.09813  #EURUSD 💹Time Frame : 8H (signal) 🍀;1.08766
USD/JPY Under Pressure! SELL! 👩🏼‍💻My dear friends, I analysed this chart on USD/JPY, and concluded the following: The asset is approaching an important pivot point 141.841 Bias - Bearish  Goal - 140.217  #USDJPY 💹Time Frame : 12H (forecast) 🙋🏼‍♀️;140.217
NZD/USD Under Pressure! SELL! 👩🏼‍💻My dear friends, My technical analysis for NZD/USD is below: The market is trading on 0.62039 pivot level. Bias - Bearish Target - 0.61544  #NZDUSD 💹Time Frame : 3H (forecast) 🍀;0.61544
NAS100 My Opinion! BUY! 👩🏼‍💻My dear followers, Please, find my technical outlook for NAS100 below: The price is coiling around a solid key level - 15062.30 Bias - Bullish Goal - 15305.17  #NAS100 💹Time Frame : 7H (forecast) 💁🏼‍♀️;15305.17
AUD/NZD Technical Analysis! BUY! 👩🏼‍💻My dear followers, AUD/NZD looks like it will make a good move, and here are the details: The instrument tests an important psychological level 1.10377 Bias - Bullish  Goal - 1.11385 Safe Stop Loss - 1.09784  #AUDNZD 💹Time Frame : 10H (signal) 🍀;1.11385
XAGUSD What Next? SELL! 👩🏼‍💻My dear followers, I analysed this chart on XAGUSD, and concluded the following: The instrument tests an important psychological level 24.026 Bias - Bearish  Target - 23.254 Recommended Stop Loss - 24.404  #XAGUSD 💹Time Frame : 12H (signal) 🙋🏼‍♀️;23.254
CAD/CHF Set To Fall! SELL! 👩🏼‍💻My dear followers, My technical analysis for CAD/CHF is below: The market is trading on 1.67896 pivot level. Bias - Bearish Goal - 1.67692  #CADCHF 💹Time Frame : 4H (forecast) 🍀;1.67692
DXY Technical Analysis! SELL! 👩🏼‍💻My dear friends, Please, find my technical outlook for DXY below: The price is coiling around a solid key level - 102.1919 Bias - Bearish  Target - 101.8031 My Stop Loss - 102.4232  #DXY 💹Time Frame : 5H (signal) 💁🏼‍♀️;101.8031
USD/CAD The Target Is UP! BUY! 👩🏼‍💻My dear subscribers, USD/CAD looks like it will make a good move, and here are the details: The asset is approaching an important pivot point 1.32390 Bias - Bullish  Goal - 1.33368 Recommended Stop Loss - 1.31858  #USDCAD 💹Time Frame : 10H (signal) 🍀;1.33368
EUR/AUD Will Collapse! SELL! 👩🏼‍💻My dear friends, My technical analysis for EUR/AUD is below: The market is trading on 1.61458 pivot level. Bias - Bearish Target - 1.61002  #EURAUD 💹Time Frame : 4H (forecast) 🍀;1.61002
US500 My Opinion! BUY! 👩🏼‍💻My dear followers, This is my opinion on the US500 next move: The instrument tests an important psychological level 4366.6 Bias - Bullish Goal - 4441.3  #US500 💹Time Frame : 7H (forecast) 💁🏼‍♀️;4441.3
EUR/CHF Trading Opportunity! SELL! 👩🏼‍💻My dear subscribers, EUR/CHF looks like it will make a good move, and here are the details: The asset is approaching an important pivot point 0.98101 Bias - Bearish  Target - 0.97776 Recommended Stop Loss - 0.98284  #EURCHF 💹Time Frame : 7H (signal) 🍀;0.97776
GC1! Sellers In Panic! BUY! 👩🏼‍💻My dear friends, I analysed this chart on GC1!, and concluded the following: The asset is approaching an important pivot point 1944.1 Bias - Bullish  Goal - 1966.1 My Stop Loss - 1931.9  #GC1 ! 💹Time Frame : 12H (signal) 🙋🏼‍♀️;1966.1
GBP/USD The Target Is UP! BUY! 👩🏼‍💻My dear friends, My technical analysis for GBP/USD is below: The market is trading on 1.27488 pivot level. Bias - Bullish Target - 1.28301  #GBPUSD 💹Time Frame : 4H (forecast) 🍀;1.28301
US30 Massive Short! SELL! 👩🏼‍💻My dear subscribers, Please, find my technical outlook for US30 below: The price is coiling around a solid key level - 33891.85 Bias - Bearish  Target - 33606.81 My Stop Loss - 34053.21  #US30 💹Time Frame : 7H (signal) 💁🏼‍♀️;33606.81
EUR/USD Sellers In Panic! BUY! 👩🏼‍💻My dear followers, EUR/USD looks like it will make a good move, and here are the details: The instrument tests an important psychological level 1.09540 Bias - Bullish  Goal - 1.10446 Recommended Stop Loss - 1.09050  #EURUSD 💹Time Frame : 10H (signal) 🍀;1.10446
HG1! The Target Is DOWN! SELL! 👩🏼‍💻My dear followers, I analysed this chart on HG1!, and concluded the following: The asset is approaching an important pivot point 3.8850 Bias - Bearish Target - 3.8115  #HG1 ! 💹Time Frame : 12H (forecast) 🙋🏼‍♀️;3.8115
AUD/USD Massive Long! BUY! 👩🏼‍💻My dear friends, Please, find my technical outlook for AUD/USD below: The market is trading on 0.66844 pivot level. Bias - Bullish Target - 0.67375  #AUDUSD 💹Time Frame : 4H (forecast) 🍀;0.67375
SPY Technical Analysis! BUY! 👩🏼‍💻My dear followers, SPY looks like it will make a good move, and here are the details: The price is coiling around a solid key level - 436.55 Bias - Bullish Goal - 446.15  #SPY 💹Time Frame : 7H (forecast) 💁🏼‍♀️;446.15
USD/JPY Expected Growth! BUY! 👩🏼‍💻My dear subscribers, My technical analysis for USD/JPY is below: The asset is approaching an important pivot point 143.279 Bias - Bullish  Target - 144.190 Safe Stop Loss - 142.772  #USDJPY 💹Time Frame : 9H (signal) 🍀;144.190
EUR/NZD Set To Fall! SELL! 👩🏼‍💻My dear followers, My technical analysis for EUR/NZD is below: The market is trading on 1.77242 pivot level. Bias - Bearish Target - 1.76544  #EURNZD 💹Time Frame : 4H (forecast) 🍀;1.76544
AUD/JPY Sellers In Panic! BUY! 👩🏼‍💻My dear followers, AUD/JPY looks like it will make a good move, and here are the details: The instrument tests an important psychological level 95.920 Bias - Bullish  Target - 97.298 My Stop Loss - 95.111  #AUDJPY 💹Time Frame : 9H (signal) 🍀;97.298
EUR/GBP Technical Analysis! BUY! 👩🏼‍💻My dear friends, Please, find my technical outlook for EUR/GBP below: The market is trading on 0.85750 pivot level. Bias - Bullish Target - 0.86001  #EURGBP 💹Time Frame : 4H (forecast) 🍀;0.86001
SPX500USD: Will Collapse! SELL! 👩🏼‍💻My dear subscribers, Please, find my technical outlook for SPX500USD below: The price is coiling around a solid key level - 4337.3 Bias - Bearish  Target - 4299.4 Safe Stop Loss - 4260.9  #SPX500USD 💹Time Frame : 6H (signal) 💁🏼‍♀️;4299.4
USD/CAD On The Rise! BUY! 👩🏼‍💻My dear followers, This is my opinion on the USD/CAD next move: The asset is approaching an important pivot point 1.31476 Bias - Bullish  Goal - 1.32525 My Stop Loss - 1.30889  #USDCAD 💹Time Frame : 10H (signal) 🍀;1.32525
GOLD The Target Is DOWN! SELL! 👩🏼‍💻My dear followers, GOLD looks like it will make a good move, and here are the details: The asset is approaching an important pivot point 1924.16 Bias - Bearish Goal - 1897.36  #GOLD 💹Time Frame : 12H (forecast) 🙋🏼‍♀️;1897.36
AUD/JPY Expected Growth! BUY! 👩🏼‍💻My dear friends, My technical analysis for AUD/JPY is below: The market is trading on 96.296 pivot level. Bias - Bullish Goal - 96.812  #AUDJPY 💹Time Frame : 3H (forecast) 🍀;96.812
DXY On The Rise! BUY! 👩🏼‍💻My dear followers, Please, find my technical outlook for DXY below: The instrument tests an important psychological level 102.490 Bias - Bullish Target - 102.848  #DXY 💹Time Frame : 7H (forecast) 💁🏼‍♀️;102.848
EUR/AUD Trading Opportunity! BUY! 👩🏼‍💻My dear subscribers, EUR/AUD looks like it will make a good move, and here are the details: The asset is approaching an important pivot point 1.63867 Bias - Bullish  Target - 1.65149 Recommended Stop Loss - 1.63135  #EURAUD 💹Time Frame : 9H (signal) 🍀;1.65149
EUR/USD What Next? BUY! 👩🏼‍💻My dear subscribers, EUR/USD looks like it will make a good move, and here are the details: The instrument tests an important psychological level 1.09634 Bias - Bullish  Goal - 1.10356 Safe Stop Loss - 1.09222  #EURUSD 💹Time Frame : 12H (signal) 🙋🏼‍♀️;1.10356
NZD/CHF My Opinion! BUY! 👩🏼‍💻My dear friends, My technical analysis for NZD/CHF is below: The market is trading on 0.54541 pivot level. Bias - Bullish Target - 0.54777  #NZDCHF 💹Time Frame : 4H (forecast) 🍀;0.54777
SPX500USD Buyers In Panic! SELL! 👩🏼‍💻My dear subscribers, This is my opinion on the SPX500USD next move: The instrument tests an important psychological level 4375.2 Bias - Bearish  Goal - 4326.6 Safe Stop Loss - 4402.5  #SPX500USD 💹Time Frame : 8H (signal) 💁🏼‍♀️;4326.6
CHF/JPY Massive Short! SELL! 👩🏼‍💻My dear followers, CHF/JPY looks like it will make a good move, and here are the details: The asset is approaching an important pivot point 161.035 Bias - Bearish  Goal - 159.451 My Stop Loss - 161.942  #CHFJPY 💹Time Frame : 10H (signal) 🍀;159.451
GOLD Set To Grow! BUY! 👩🏼‍💻My dear followers, This is my opinion on the GOLD next move: The price is coiling around a solid key level - 1909.27 Bias - Bullish Target - 1930.26  #GOLD 💹Time Frame : 12H (forecast) 🙋🏼‍♀️;1930.26
GBP/NZD Will Explode! BUY! 👩🏼‍💻My dear followers, Please, find my technical outlook for GBP/NZD below: The price is coiling around a solid key level - 2.08049 Bias - Bullish Target - 2.08615  #GBPNZD 💹Time Frame : 3H (forecast) 🍀;2.08615
SPX The Target Is UP! BUY! 👩🏼‍💻My dear followers, SPX looks like it will make a good move, and here are the details: The asset is approaching an important pivot point 4384.04 Bias - Bullish Goal - 4490.71  #SPX 💹Time Frame : 7H (forecast) 💁🏼‍♀️;4490.71
GBP/AUD Under Pressure! SELL! 👩🏼‍💻My dear subscribers, I analysed this chart on GBP/AUD, and concluded the following: The asset is approaching an important pivot point 1.90630 Bias - Bearish  Goal - 1.89505 Recommended Stop Loss - 1.91300  #GBPAUD 💹Time Frame : 10H (signal) 🍀;1.89505
HG1! Massive Long! BUY! 👩🏼‍💻My dear subscribers, I analysed this chart on HG1!, and concluded the following: The instrument tests an important psychological level 3.7005 Bias - Bullish  Goal - 3.7740 My Stop Loss - 3.6580  #HG1 ! 💹Time Frame : 12H (signal) 🙋🏼‍♀️;3.7740
GBP/JPY Technical Analysis! SELL! 👩🏼‍💻My dear followers, This is my opinion on the GBP/JPY next move: The market is trading on 183.715 pivot level. Bias - Bearish Target - 182.886  #GBPJPY 💹Time Frame : 4H (forecast) 🍀;182.886
SPX500USD Technical Analysis! BUY! 👩🏼‍💻My dear followers, My technical analysis for SPX500USD is below: The price is coiling around a solid key level - 4454.2 Bias - Bullish  Target - 4499.0 Recommended Stop Loss - 4428.8  #SPX500USD 💹Time Frame : 7H (signal) 💁🏼‍♀️;4499.0
EUR/JPY A Fall Expected! SELL! 👩🏼‍💻My dear subscribers, EUR/JPY looks like it will make a good move, and here are the details: The instrument tests an important psychological level 157.519 Bias - Bearish  Goal - 155.578 My Stop Loss - 158.628  #EURJPY 💹Time Frame : 10H (signal) 🍀;155.578
GOLD Trading Opportunity! SELL! 👩🏼‍💻My dear followers, Please, find my technical outlook for GOLD below: The instrument tests an important psychological level 1918.73 Bias - Bearish Goal - 1900.02  #GOLD 💹Time Frame : 10H (forecast) 🙋🏼‍♀️;1900.02
GBP/USD Expected Growth! BUY! 👩🏼‍💻My dear followers, My technical analysis for GBP/USD is below: The price is coiling around a solid key level - 1.26930 Bias - Bullish Goal - 1.28029  #GBPUSD 💹Time Frame : 12H (forecast) 🍀;1.28029
US100 The Target Is DOWN! SELL! 👩🏼‍💻My dear followers, This is my opinion on the US100 next move: The asset is approaching an important pivot point 15157.0 Bias - Bearish Goal - 15065.7  #US100 💹Time Frame : 4H (signal) 💁🏼‍♀️;15065.7
EUR/JPY Massive Long! BUY! 👩🏼‍💻My dear subscribers, EUR/JPY looks like it will make a good move, and here are the details: The price is coiling around a solid key level - 157.397 Bias - Bullish  Target - 158.079 Recommended Stop Loss - 156.989  #EURJPY 💹Time Frame : 4H (signal) 🍀;158.079
GOLD Under Pressure! SELL! 👩🏼‍💻My dear friends, I analysed this chart on GOLD, and concluded the following: The asset is approaching an important pivot point 1919.47 Bias - Bearish Target - 1907.64  #GOLD 💹Time Frame : 10H (forecast) 🙋🏼‍♀️;1907.64
CADJPY Swing Short Trade! SELL! 👩🏼‍💻My dear followers, CAD/JPY looks like it will make a good move, and here are the details: The asset is approaching an important pivot point 110.000 Bias - Bearish  Goal - 107.262 My Stop Loss - 110.932  #CADJPY 💹Time Frame : 2D (signal) 🍀;107.262
EUR/JPY Massive Short! SELL! 👩🏼‍💻My dear followers, My technical analysis for EUR/JPY is below: The price is coiling around a solid key level - 157.477 Bias - Bearish Target - 156.459  #EURJPY 💹Time Frame : 4H (forecast) 🍀;156.459
DXY Under Pressure! SELL! 👩🏼‍💻My dear subscribers, Please, find my technical outlook for DXY below: The asset is approaching an important pivot point 102.955 Bias - Bearish  Goal - 102.612 Recommended Stop Loss - 103.147  #DXY 💹Time Frame : 7H (signal) 💁🏼‍♀️;102.612
USD/CAD Technical Analysis! SELL! 👩🏼‍💻My dear subscribers, USD/CAD looks like it will make a good move, and here are the details: The asset is approaching an important pivot point 1.32130 Bias - Bearish  Target - 1.31553 Recommended Stop Loss - 1.32460  #USDCAD 💹Time Frame : 10H (signal) 🍀;1.31553
GOLD A Fall Expected! SELL! 👩🏼‍💻My dear followers, This is my opinion on the GOLD next move: The price is coiling around a solid key level - 1927.08 Bias - Bearish Goal - 1914.48  #GOLD 💹Time Frame : 12H (forecast) 🙋🏼‍♀️;1914.48
NZD/USD What Next? SELL! 👩🏼‍💻My dear followers, Please, find my technical outlook for NZD/USD below: The instrument tests an important psychological level 0.61783 Bias - Bearish  Goal - 0.61349 My Stop Loss - 0.62030  #NZDUSD 💹Time Frame : 11H (signal) 🙋🏼‍♀️;0.61349
EUR/GBP Set To Grow! BUY! 👩🏼‍💻My dear friends, My technical analysis for EUR/GBP is below: The price is coiling around a solid key level - 0.85344 Bias - Bullish Goal - 0.85602  #EURGBP 💹Time Frame : 4H (forecast) 🍀;0.85602
DXY The Target Is UP! BUY! 👩🏼‍💻My dear followers, This is my opinion on the DXY next move: The asset is approaching an important pivot point 102.1259 Bias - Bullish  Target - 102.5268 Recommended Stop Loss - 101.9293  #DXY 💹Time Frame : 7H (signal) 💁🏼‍♀️;102.5268
USD/JPY Under Pressure! SELL! 👩🏼‍💻My dear subscribers, USD/JPY looks like it will make a good move, and here are the details: The price is coiling around a solid key level - 142.260 Bias - Bearish  Goal - 140.011 Safe Stop Loss - 142.847  #USDJPY 💹Time Frame : 10H (signal) 🍀;140.011
GOLD On The Rise! BUY! 👩🏼‍💻My dear subscribers, I analysed this chart on GOLD, and concluded the following: The asset is approaching an important pivot point 1929.40 Bias - Bullish Goal - 1941.22  #GOLD 💹Time Frame : 12H (forecast) 🙋🏼‍♀️;1941.22
EUR/AUD Set To Fall! SELL! 👩🏼‍💻My dear friends, My technical analysis for EUR/AUD is below: The market is trading on 1.64737 pivot level. Bias - Bearish Target - 1.63328  #EURAUD 💹Time Frame : 12H (forecast) 🍀;1.63328
USD/CAD Technical Analysis! BUY! 👩🏼‍💻My dear subscribers, This is my opinion on the USD/CAD next move: The instrument tests an important psychological level 1.32782 Bias - Bullish  Goal - 1.33343 My Stop Loss - 1.32463  #USDCAD 💹Time Frame : 8H (signal) 🍀;1.33343
GOLD Expected Growth! BUY! 👩🏼‍💻My dear friends, GOLD looks like it will make a good move, and here are the details: The asset is approaching an important pivot point 1925.17 Bias - Bullish Goal - 1939.36  #GOLD 💹Time Frame : 12H (forecast) 🙋🏼‍♀️;1939.36
USD/CHF On The Rise! BUY! 👩🏼‍💻My dear followers, My technical analysis for USD/CHF is below: The market is trading on 0.88042 pivot level. Bias - Bullish Target - 0.88468  #USDCHF 💹Time Frame : 5H (forecast) 🍀;0.88468
DXY My Opinion! BUY! 👩🏼‍💻My dear subscribers, DXY looks like it will make a good move, and here are the details: The instrument tests an important psychological level 101.3249 Bias - Bullish Goal - 101.8013  #DXY 💹Time Frame : 8H (forecast) 💁🏼‍♀️;101.8013
AUD/CAD The Target Is UP! BUY! 👩🏼‍💻My dear subscribers, I analysed this chart on AUD/CAD, and concluded the following: The asset is approaching an important pivot point 0.88410 Bias - Bullish  Goal - 0.88968 My Stop Loss - 0.88116  #AUDCAD 💹Time Frame : 12H (signal) 🍀;0.88968
CAD/JPY Set To Grow! BUY! 👩🏼‍💻My dear friends, My technical analysis for CAD/JPY is below: The market is trading on 105.328 pivot level. Bias - Bullish Target - 106.399  #CADJPY 💹Time Frame : 4H (forecast) 🍀;106.399
US100 The Target Is UP! BUY! 👩🏼‍💻My dear subscribers, This is my opinion on the US100 next move: The instrument tests an important psychological level 15320.5 Bias - Bullish  Goal - 15449.9 Safe Stop Loss - 15247.5  #US100 💹Time Frame : 7H (signal) 💁🏼‍♀️;15449.9
GBP/USD A Fall Expected! SELL! 👩🏼‍💻My Opinion! BUY! GBP/USD looks like it will make a good move, and here are the details: The asset is approaching an important pivot point 1.29911 Bias - Bearish  Goal - 1.28849 My Stop Loss - 1.30506  #GBPUSD 💹Time Frame : 10H (signal) 🍀;1.28849
GOLD Massive Long! BUY! 👩🏼‍💻My Opinion! BUY! I analysed this chart on GOLD, and concluded the following: The instrument tests an important psychological level 1957.46 Bias - Bullish Target -1974.41  #GOLD 💹Time Frame : 12H (forecast) 🙋🏼‍♀️;1974.41
USD/CAD Will Explode! BUY! 👩🏼‍💻My dear friends, Please, find my technical outlook for USD/CAD below: The market is trading on 1.31260 pivot level. Bias - Bullish Target - 1.31731  #USDCAD 💹Time Frame : 3H (forecast) 🍀;1.31731
GBP/CHF Sellers In Panic! BUY! 👩🏼‍💻My dear friends, This is my opinion on the GBP/CHF next move: The instrument tests an important psychological level 1.12581 Bias - Bullish  Target - 1.13008 Safe Stop Loss - 1.12325  #GBPCHF 💹Time Frame : 9H (signal) 🍀;1.13008
SILVER Under Pressure! SELL! 👩🏼‍💻My dear subscribers, My technical analysis for SILVER is below: The market is trading on 24.709 pivot level. Bias - Bearish  Goal - 24.172 Recommended Stop Loss - 25.019  #SILVER 💹Time Frame : 12H (signal) 🙋🏼‍♀️;24.172
GBP/CAD Set To Fall! SELL! 👩🏼‍💻My dear subscribers, This is my opinion on the GBP/CAD next move: The price is coiling around a solid key level - 1.73211 Bias - Bearish Target - 1.72017  #GBPCAD 💹Time Frame : 4H (forecast) 🍀;1.72017
DXY Technical Analysis! SELL! 👩🏼‍💻My dear friends, My technical analysis for DXY is below: The market is trading on 99.5470 pivot level. Bias - Bearish  Target - 98.5887 Recommended Stop Loss - 100.0771  #DXY 💹Time Frame : 4H (signal) 💁🏼‍♀️;98.5887
CHF/JPY Under Pressure! SELL! 👩🏼‍💻My dear subscribers, CHF/JPY looks like it will make a good move, and here are the details: The asset is approaching an important pivot point 160.971 Bias - Bearish  Goal - 160.279 Safe Stop Loss - 161.395  #CHFJPY 💹Time Frame : 7H (signal) 🍀;160.279
GOLD Massive Short! SELL! 👩🏼‍💻My dear friends, I analysed this chart on GOLD, and concluded the following: The instrument tests an important psychological level 1954.55 Bias - Bearish Goal - 1940.19  #GOLD 💹Time Frame : 12H (forecast) 🙋🏼‍♀️;1940.19
USD/JPY Trading Opportunity! SELL! 👩🏼‍💻My dear subscribers, My technical analysis for USD/JPY is below: The price is coiling around a solid key level - 138.681 Bias - Bearish Goal - 137.897  #USDJPY 💹Time Frame : 2H (forecast) 🍀;137.897
USD/CAD The Target Is DOWN! SELL! 👩🏼‍💻My dear friends, Please, find my technical outlook for USD/CAD below: The instrument tests an important psychological level 1.31766 Bias - Bearish  Goal - 1.31053 Recommended Stop Loss - 1.32175  #USDCAD 💹Time Frame : 8H (signal) 🍀;1.31053
GOLD Buyers In Panic! SELL! 👩🏼‍💻My dear subscribers, I analysed this chart on GOLD , and concluded the following: The price is coiling around a solid key level - 1955.27 Bias - Bearish  Goal - 1940.90 Recommended Stop Loss - 1963.46  #GOLD 💹Time Frame : 12H (signal) 🙋🏼‍♀️;1940.90
EUR/CAD Under Pressure! SELL! 👩🏼‍💻My dear friends, My technical analysis for EUR/CAD is below: The market is trading on 1.47930 pivot level. Bias - Bearish Target - 1.47166  #EURCAD 💹Time Frame : 4H (forecast) 🍀;1.47166
NAS100USD Technical Analysis! SELL! 👩🏼‍💻My dear subscribers, Please, find my technical outlook for NAS100USD below: The instrument tests an important psychological level 15625.5 Bias - Bearish  Target - 15412.4 Recommended Stop Loss - 15747.3  #NAS100USD 💹Time Frame : 7H (signal) 💁🏼‍♀️;15412.4
EUR/AUD Will Collapse! SELL! 👩🏼‍💻My dear subscribers, EUR/AUD looks like it will make a good move, and here are the details: The price is coiling around a solid key level - 1.64752 Bias - Bearish  Goal - 1.63511 Safe Stop Loss - 1.65461  #EURAUD 💹Time Frame : 9H (signal) 🍀;1.63511
EUR/GBP Expected Growth! BUY! 👩🏼‍💻My dear friends, My technical analysis for EUR/GBP is below: The market is trading on 0.85923 pivot level. Bias - Bullish Target - 0.86110  #EURGBP 💹Time Frame : 3H (forecast) 🍀;0.86110
US30 A Fall Expected! SELL! 👩🏼‍💻My dear subscribers, Please, find my technical outlook for US30 below: The price is coiling around a solid key level - 34961.30 Bias - Bearish Target - 34684.14  #US30 💹Time Frame : 6H (forecast) 💁🏼‍♀️;34684.14
GBP/USD On The Rise! BUY! 👩🏼‍💻My dear friends, Please, find my technical outlook for GBP/USD below: The price is coiling around a solid key level - 1.30511 Bias - Bullish  Goal - 1.31644 Safe Stop Loss - 1.29966  #GBPUSD 💹Time Frame : 8H (signal) 🍀;1.31644
GOLD Massive Short! SELL! 👩🏼‍💻My dear subscribers, GOLD looks like it will make a good move, and here are the details: The instrument tests an important psychological level 1979.44 Bias - Bearish  Goal - 1962.78 My Stop Loss - 1988.86  #GBPUSD 💹Time Frame : 12H (signal) 🙋🏼‍♀️;1962.78
AUD/CHF Trading Opportunity! SELL! 👩🏼‍💻My dear friends, My technical analysis for AUD/CHF is below: The market is trading on 0.58085 pivot level. Bias - Bearish Goal - 0.57560  #AUDCHF 💹Time Frame : 4H (forecast) 🍀;0.57560
NAS100 The Target Is DOWN! SELL! 👩🏼‍💻My dear subscribers, This is my opinion on the NAS100 next move: The price is coiling around a solid key level - 15876.61 Bias - Bearish  Goal - 15623.43 My Stop Loss - 16022.01  #NAS100 💹Time Frame : 7H (signal) 💁🏼‍♀️;15623.43
EUR/CAD Will Collapse! SELL! 👩🏼‍💻My dear subscribers, EUR/CAD looks like it will make a good move, and here are the details: The instrument tests an important psychological level 1.47784 Bias - Bearish  Goal - 1.46995 My Stop Loss - 1.48188  #EURCAD 💹Time Frame : 9H (signal) 🍀;1.46995
AUD/USD Trading Opportunity! SELL! 👩🏼‍💻My dear friends, I analysed this chart on AUD/USD, and concluded the following: The asset is approaching an important pivot point 0.67790 Bias - Bearish Goal - 0.67109  #AUDUSD 💹Time Frame : 12H (forecast) 🙋🏼‍♀️;0.67109
EUR/JPY The Target Is DOWN! SELL! 👩🏼‍💻My dear friends, My technical analysis for EUR/JPY is below: The price is coiling around a solid key level - 156.296 Bias - Bearish Goal - 155.601  #EURJPY 💹Time Frame : 3H (forecast) 🍀;155.601
GBP/USD On The Rise! BUY! 👩🏼‍💻My dear subscribers, This is my opinion on the GBP/USD next move: The asset is approaching an important pivot point 1.28508 Bias - Bullish  Goal - 1.29499 Safe Stop Loss - 1.27940  #GBPUSD 💹Time Frame : 7H (signal) 🍀;1.29499
GOLD Sellers In Panic! BUY! 👩🏼‍💻My dear subscribers, This is my opinion on the GOLD next move: The asset is approaching an important pivot point 1967.75 Bias - Bullish  Target - 1983.33 My Stop Loss - 1959.13  #GBPUSD 💹Time Frame : 12H (signal) 🙋🏼‍♀️;1983.33
EUR/JPY Technical Analysis! SELL! 👩🏼‍💻 My dear subscribers, My technical analysis for EUR/JPY is below: The price is coiling around a solid key level - 158.112 Bias - Bearish  Target - 157.000  #EURJPY 💹Time Frame : 7H (forecast)  🙋🏼‍♀️;157.000
AUD/USD Will Explode! BUY! 👩🏼‍💻My dear friends, Please, find my technical outlook for AUD/USD below: The market is trading on 0.67269 pivot level. Bias - Bullish Goal - 0.67731  #AUDUSD 💹Time Frame : 4H (forecast) 🍀;0.67731
NAS100 Sellers In Panic! BUY! 👩🏼‍💻My dear subscribers, NAS100 looks like it will make a good move, and here are the details: The asset is approaching an important pivot point 15438.70 Bias - Bullish Target - 15649.60  #NAS100 💹Time Frame : 7H (forecast) 💁🏼‍♀️;15649.60
NZD/JPY Technical Analysis! BUY! 👩🏼‍💻My dear subscribers, This is my opinion on the NZD/JPY next move: The price is coiling around a solid key level - 87.454 Bias - Bullish  Target - 87.932 Safe Stop Loss - 87.191  #NZDJPY 💹Time Frame : 7H (signal) 🍀;87.932
GOLD On The Rise! BUY! 👩🏼‍💻My dear friends, My technical analysis for GOLD is below: The instrument tests an important psychological level 1961.45 Bias - Bullish  Goal - 1980.32 Safe Stop Loss - 1950.71  #GOLD 💹Time Frame : 12H (signal) 🙋🏼‍♀️;1980.32
EUR/CAD On The Rise! BUY! 👩🏼‍💻My dear friends, Please, find my technical outlook for EUR/CAD below: The market is trading on 1.46041 pivot level. Bias - Bullish Target - 1.46653  #EURCAD 💹Time Frame : 4H (forecast) 🍀;1.46653
SPY Technical Analysis! SELL! 👩🏼‍💻My dear subscribers, This is my opinion on the SPY next move: The price is coiling around a solid key level - 454.02 Bias - Bearish  Goal - 446.79 Recommended Stop Loss - 458.05  #SPY 💹Time Frame : 5H (signal) 💁🏼‍♀️;446.79
AUD/JPY What Next? BUY! 👩🏼‍💻My dear friends, AUD/JPY looks like it will make a good move, and here are the details: The instrument tests an important psychological level 95.230 Bias - Bullish  Goal - 95.924 Recommended Stop Loss - 94.865  #AUDJPY 💹Time Frame : 8H (signal) 🍀;95.924
GBP/CAD Sellers In Panic! BUY! 👩🏼‍💻My dear subscribers, This is my opinion on the GBP/CAD next move: The market is trading on 1.69683 pivot level. Bias - Bullish Target - 1.70278  #GBPCAD 💹Time Frame : 5H (forecast) 🍀;1.70278
US100 Trading Opportunity! BUY! 👩🏼‍💻My dear friends, This is my opinion on the US100 next move: The market is trading on 15600.4 pivot level. Bias - Bullish Goal - 15705.2  #US100 💹Time Frame : 7H (forecast) 💁🏼‍♀️;15705.2
GBP/JPY A Fall Expected! SELL! 👩🏼‍💻My dear subscribers, GBP/JPY looks like it will make a good move, and here are the details: The price is coiling around a solid key level - 181.850 Bias - Bearish  Goal - 181.060 Recommended Stop Loss - 182.334  #GBPJPY 💹Time Frame : 10H (signal) 🍀;181.060
GOLD The Target Is UP! BUY! 👩🏼‍💻My dear friends, This is my opinion on the GOLD next move: The instrument tests an important psychological level 1964.85 Bias - Bullish  Target - 1982.42 My Stop Loss - 1954.52  #GOLD 💹Time Frame : 12H (signal) 🙋🏼‍♀️;1982.42
US500 Technical Analysis! SELL! 👩🏼‍💻My dear subscribers, US500 looks like it will make a good move, and here are the details: The instrument tests an important psychological level 4560.9 Bias - Bearish  Target - 4531.5 Recommended Stop Loss - 4579.4  #US500 💹Time Frame : 7H (signal) 💁🏼‍♀️;4531.5
GBP/USD The Target Is DOWN! SELL! 👩🏼‍💻My dear subscribers, This is my opinion on the GBP/USD next move: The price is coiling around a solid key level - 1.29116 Bias - Bearish  Target - 1.28191 Safe Stop Loss - 1.29601  #GBPUSD 💹Time Frame : 10H (signal) 🍀;1.28191
GC1! What Next? BUY! 👩🏼‍💻My dear friends, My technical analysis for GC1! is below: The price is coiling around a solid key level - 1974.6 Bias - Bullish Goal - 1988.5  #GC1 ! 💹Time Frame : 12H (forecast) 🙋🏼‍♀️;1988.5
AUD/CHF Set To Fall! SELL! 👩🏼‍💻My dear subscribers, Please, find my technical outlook for AUD/CHF below: The market is trading on 0.58496 pivot level. Bias - Bearish Target - 0.58334  #AUDCHF 💹Time Frame : 3H (forecast) 🍀;0.58334
DXY The Target Is DOWN! SELL! 👩🏼‍💻My dear subscribers, DXY looks like it will make a good move, and here are the details: The price is coiling around a solid key level - 101.3159 Bias - Bearish Goal - 100.9140  #DXY 💹Time Frame : 5H (forecast) 💁🏼‍♀️;100.9140
AUD/USD Massive Long! BUY! 👩🏼‍💻My dear subscribers, This is my opinion on the AUD/USD next move: The instrument tests an important psychological level 0.67470 Bias - Bullish  Goal - 0.68033 Safe Stop Loss - 0.67143  #AUDUSD 💹Time Frame : 9H (signal) 🍀;0.68033
GOLD The Target Is UP! BUY! 👩🏼‍💻My dear friends, I analysed this chart on GOLD, and concluded the following: The asset is approaching an important pivot point 1946.29 Bias - Bearish  Target - 1930.34 My Stop Loss - 1955.24  #GOLD 💹Time Frame : 12H (signal) 🙋🏼‍♀️;1930.34
USD/CAD The Target Is DOWN! SELL! 👩🏼‍💻My dear subscribers, My technical analysis for USD/CAD is below: The market is trading on 1.32279 pivot level. Bias - Bearish Goal - 1.32112  #USDCAD 💹Time Frame : 3H (forecast) 🍀;1.32112
NAS100 Massive Short! SELL! 👩🏼‍💻My dear friends, NAS100 looks like it will make a good move, and here are the details: The price is coiling around a solid key level - 15725.20 Bias - Bearish Goal - 15574.00  #NAS100 💹Time Frame : 6H (forecast) 💁🏼‍♀️;15574.00
GBP/USD On The Rise! BUY! 👩🏼‍💻My dear subscribers, Please, find my technical outlook for GBP/USD below: The price is coiling around a solid key level - 1.28783 Bias - Bullish  Target - 1.29748 Recommended Stop Loss - 1.28226  #GBPUSD 💹Time Frame : 9H (signal) 🍀;1.29748
GBP/CHF Long Signal For Next Week Explained 👩🏼‍💻Look at that perfect bullish breakout. The pair broke a strong resistance. I suggest buying after the market opening.  Target - 1.2275 Stop - 1.112  💐 #GBPCHF 💹Time Frame : 4H (signal) 🍀;1.2275
USD/JPY Sellers In Panic! BUY! 👩🏼‍💻My dear subscribers, My technical analysis for USD/JPY is below: The instrument tests an important psychological level 141.111 Bias - Bullish Goal - 142.020  #USDJPY 💹Time Frame : 4H (forecast) 🍀;142.020
SPY Technical Analysis! SELL! 👩🏼‍💻My dear friends, SPY looks like it will make a good move, and here are the details: The market is trading on 456.89 pivot level. Bias - Bearish Target - 451.30  #SPY 💹Time Frame : 6H (forecast) 💁🏼‍♀️;451.30
A UD/JPY The Target Is UP! BUY! 👩🏼‍💻 My dear friends, AUD/JPY looks like it will make a good move, and here are the details: The asset is approaching an important pivot point 95.588 Bias - Bullish  Goal - 96.307 Safe Stop Loss - 95.183  #AUDJPY 💹Time Frame : 9H (signal)  🍀;96.307
AUD/JPY The Target Is UP! BUY! 👩🏼‍💻My dear friends, AUD/JPY looks like it will make a good move, and here are the details: The asset is approaching an important pivot point 95.588 Bias - Bullish  Goal - 96.307 Safe Stop Loss - 95.183  #AUDJPY 💹Time Frame : 9H (signal) 🍀;96.307
USD/CAD The Target Is UP! BUY! 👩🏼‍💻My dear subscribers, My technical analysis for USD/CAD is below: The price is coiling around a solid key level - 1.32932 Bias - Bullish Target - 1.33169  #USDCAD 💹Time Frame : 4H (forecast) 🍀;1.33169
DXY A Fall Expected! SELL! 👩🏼‍💻My dear friends, Please, find my technical outlook for DXY below: The instrument tests an important psychological level 102.358 Bias - Bearish Goal - 101.815  #DXY 💹Time Frame : 4H (forecast) 💁🏼‍♀️;101.815
GBP/JPY Massive Long! BUY! 👩🏼‍💻My dear friends, GBP/JPY looks like it will make a good move, and here are the details: The asset is approaching an important pivot point 183.012 Bias - Bullish  Goal - 184.051 Safe Stop Loss - 182.426  #GBPJPY 💹Time Frame : 7H (signal) 🍀;184.051
GOLD The Target Is DOWN! SELL! 👩🏼‍💻My dear subscribers, This is my opinion on the GOLD next move: The market is trading on 1942.00 pivot level. Bias - Bearish  Goal - 1930.25 Safe Stop Loss - 1948.58  #GOLD 💹Time Frame : 12H (signal) 🙋🏼‍♀️;1930.25
EUR/NZD Will Collapse! SELL! 👩🏼‍💻My dear friends, My technical analysis for EUR/NZD is below: The price is coiling around a solid key level - 1.79818 Bias - Bearish Target - 1.79257  #EURNZD 💹Time Frame : 4H (forecast) 🍀;1.79257
NAS100 Expected Growth! BUY! 👩🏼‍💻My dear subscribers, NAS100 looks like it will make a good move, and here are the details: The asset is approaching an important pivot point 15389.79 Bias - Bullish  Goal - 15480.89 Safe Stop Loss - 15338.40  #NAS100 💹Time Frame : 4H (signal) 💁🏼‍♀️;15480.89
EUR/CAD Set To Fall! SELL! 👩🏼‍💻My dear subscribers, This is my opinion on the EUR/CAD next move: The market is trading on 1.46025 pivot level. Bias - Bearish  Target - 1.45092 My Stop Loss - 1.46550  #EURCAD 💹Time Frame : 9H (signal) 🍀;1.45092
NQ1! Expected Growth! BUY! 👩🏼‍💻My dear subscribers, I analysed this chart on NQ1!, and concluded the following: The price is coiling around a solid key level - 15444.50 Bias - Bullish Target - 15684.00  #NQ1 ! 💹Time Frame : 12H (forecast) 🙋🏼‍♀️;15684.00
AUD/CAD Trading Opportunity! SELL! 👩🏼‍💻My dear friends, My technical analysis for AUD/CAD is below: The market is trading on 0.87266 pivot level. Bias - Bearish Target - 0.86830  #AUDCAD 💹Time Frame : 4H (forecast) 🍀;0.86830
DXY What Next? SELL! 👩🏼‍💻My dear subscribers, DXY looks like it will make a good move, and here are the details: The instrument tests an important psychological level 102.1619 Bias - Bearish Goal - 101.6358  #DXY 💹Time Frame : 6H (forecast) 💁🏼‍♀️;101.6358
USD/CHF Massive Short! SELL! 👩🏼‍💻My dear subscribers, This is my opinion on the USD/CHF next move: The asset is approaching an important pivot point 0.87498 Bias - Bearish  Target - 0.86822 Recommended Stop Loss - 0.87746  #USDCHF 💹Time Frame : 9H (signal) 🍀;0.86822
GOLD Trading Opportunity! BUY! 👩🏼‍💻My dear friends, Please, find my technical outlook for GOLD below: The market is trading on 1937.57 pivot level. Bias - Bullish  Target - 1950.37 My Stop Loss - 1930.39  #GOLD 💹Time Frame : 12H (signal) 🙋🏼‍♀️;1950.37
EUR/AUD Trading Opportunity! SELL! 👩🏼‍💻My dear friends, My technical analysis for EUR/AUD is below: The market is trading on 1.67104 pivot level. Bias - Bearish Target - 1.66396  #EURAUD 💹Time Frame : 3H (forecast) 🍀;1.66396
NAS100 The Target Is UP! BUY! 👩🏼‍💻My dear subscribers, NAS100 looks like it will make a good move, and here are the details: The instrument tests an important psychological level 15363.24 Bias - Bullish  Target - 15507.62 My Stop Loss - 15283.03  #NAS100 💹Time Frame : 7H (signal) 💁🏼‍♀️;15507.62
USD/CAD Technical Analysis! SELL! 👩🏼‍💻My dear friends, I analysed this chart on USD/CAD, and concluded the following: The instrument tests an important psychological level 1.33513 Bias - Bearish  Goal - 1.33009 Safe Stop Loss - 1.33809  #USDCAD 💹Time Frame : 7H (signal) 🍀;1.33009
GC1! Buyers In Panic! SELL! 👩🏼‍💻My dear friends, I analysed this chart on GC1!, and concluded the following: The price is coiling around a solid key level - 1979.0 Bias - Bearish Target - 1963.4  #GC1 ! 💹Time Frame : 12H (forecast) 🙋🏼‍♀️;1963.4
AUD/USD Trading Opportunity! SELL! 👩🏼‍💻My dear subscribers, Please, find my technical outlook for AUD/USD below: The market is trading on 1.65639 pivot level. Bias - Bearish Target - 1.64995  #AUDUSD 💹Time Frame : 4H (forecast) 🍀;1.64995
GBP/CHF The Target Is UP! BUY! 👩🏼‍💻My dear friends, My technical analysis for GBP/CHF is below: The price is coiling around a solid key level - 1.11272 Bias - Bullish  Target - 1.11914 Safe Stop Loss - 1.10902  #GBPCHF 💹Time Frame : 10H (signal) 🍀;1.11914
GOLD What Next? SELL! 👩🏼‍💻My dear subscribers, I analysed this chart on GOLD, and concluded the following: The market is trading on 1942.34 pivot level. Bias - Bearish  Goal - 1930.15 My Stop Loss - 1949.17  #GOLD 💹Time Frame : 12H (signal) 🙋🏼‍♀️;1930.15
GBP/USD Will Collapse! SELL! 👩🏼‍💻My dear subscribers, Please, find my technical outlook for GBP/USD below: The market is trading on 1.27370 pivot level. Bias - Bearish Target - 1.26769  #GBPUSD 💹Time Frame : 3H (forecast) 🍀;1.26769
SPY Expected Growth! BUY! 👩🏼‍💻My dear friends, SPY looks like it will make a good move, and here are the details: The instrument tests an important psychological level 446.80 Bias - Bullish  Goal - 450.33 Safe Stop Loss - 444.78  #SPY 💹Time Frame : 3H (signal) 💁🏼‍♀️;450.33
EUR/CAD Set To Fall! SELL! 👩🏼‍💻My dear subscribers, I analysed this chart on EUR/CAD, and concluded the following: The price is coiling around a solid key level - 1.47322 Bias - Bearish  Goal - 1.46522 My Stop Loss - 1.47774  #EURCAD 💹Time Frame : 8H (signal) 🍀;1.46522
AUD/JPY Technical Analysis! SELL! 👩🏼‍💻My dear subscribers, Please, find my technical outlook for AUD/JPY below: The market is trading on 93.140 pivot level. Bias - Bearish Goal - 92.294  #AUDJPY 💹Time Frame : 12H (forecast) 🙋🏼‍♀️;92.294
AUD/USD A Fall Expected! SELL! 👩🏼‍💻My dear subscribers, My technical analysis for AUD/USD is below: The instrument tests an important psychological level 0.65625 Bias - Bearish Goal - 0.65045  #AUDUSD 💹Time Frame : 4H (forecast) 🍀;0.65045
NZD/CAD Sellers In Panic! BUY! 👩🏼‍💻My dear subscribers, NZD/CAD looks like it will make a good move, and here are the details: The asset is approaching an important pivot point 0.81525 Bias - Bullish  Goal - 0.82132 Recommended Stop Loss - 0.81208  #NZDCAD 💹Time Frame : 10H (signal) 🍀;0.82132
GOLD Set To Grow! BUY! 👩🏼‍💻My dear friends, I analysed this chart on GOLD, and concluded the following: The price is coiling around a solid key level - 1934.70 Bias - Bullish  Goal - 1946.26 Safe Stop Loss - 1927.79  #GOLD 💹Time Frame : 12H (signal) 🙋🏼‍♀️;1946.26
EUR/CAD The Target Is DOWN! SELL! 👩🏼‍💻My dear friends, My technical analysis for EUR/CAD is below: The market is trading on 1.47505 pivot level. Bias - Bearish Target - 1.47068  #EURCAD 💹Time Frame : 3H (forecast) 🍀;1.47068
US500 Buyers In Panic! SELL! 👩🏼‍💻My dear subscribers, This is my opinion on the US500 next move: The price is coiling around a solid key level - 4467.9 Bias - Bearish  Goal - 4441.2 My Stop Loss - 4483.2  #US500 💹Time Frame : 5H (signal) 💁🏼‍♀️;4441.2
EUR/USD Technical Analysis! SELL! 👩🏼‍💻My dear friends, EUR/USD looks like it will make a good move, and here are the details: The market is trading on 1.09455 pivot level. Bias - Bearish  Target - 1.08763 Recommended Stop Loss - 1.09838  #EURUSD 💹Time Frame : 9H (signal) 🍀;1.08763
USD/JPY Massive Short! SELL! 👩🏼‍💻My dear subscribers, I analysed this chart on USD/JPY, and concluded the following: The asset is approaching an important pivot point 143.130 Bias - Bearish Goal - 141.499  #USDJPY 💹Time Frame : 12H (forecast) 🙋🏼‍♀️;141.499
CAD/CHF Will Explode! BUY! 👩🏼‍💻My dear friends, This is my opinion on the CAD/CHF next move: The market is trading on 0.65199 pivot level. Bias - Bullish Goal - 0.65400  #CADCHF 💹Time Frame : 3H (forecast) 🍀;0.65400
DXY The Target Is UP! BUY! 👩🏼‍💻My dear subscribers, DXY looks like it will make a good move, and here are the details: The asset is approaching an important pivot point 102.470 Bias - Bullish Target - 103.131  #DXY 💹Time Frame : 6H (forecast) 💁🏼‍♀️;103.131
USD/CHF A Fall Expected! SELL! 👩🏼‍💻My dear friends, I analysed this chart on USD/CHF, and concluded the following: The instrument tests an important psychological level 0.87679 Bias - Bearish  Goal - 0.87103 Recommended Stop Loss - 0.88000  #USDCHF 💹Time Frame : 9H (signal) 🍀;0.87103
GOLD Buyers In Panic! SELL! 👩🏼‍💻My dear subscribers, Please, find my technical outlook for GOLD below: The asset is approaching an important pivot point 1916.13 Bias - Bearish  Target -1900.95 My Stop Loss - 1924.90  #GOLD 💹Time Frame : 12H (signal) 🙋🏼‍♀️;1900.95
USD/CAD Trading Opportunity! BUY! 👩🏼‍💻My dear friends, My technical analysis for USD/CAD is below: The market is trading on 1.34030 pivot level. Bias - Bullish Goal - 1.34660  #USDCAD 💹Time Frame : 3H (forecast) 🍀;1.34660
SPX500USD Set To Grow! BUY! 👩🏼‍💻My dear subscribers, SPX500USD looks like it will make a good move, and here are the details: The instrument tests an important psychological level 4483.2 Bias - Bullish  Target - 4508.2 My Stop Loss - 4469.3  #SPX500USD 💹Time Frame : 6H (signal) 💁🏼‍♀️;4508.2
EUR/CHF The Target Is UP! BUY! 👩🏼‍💻My dear subscribers, This is my opinion on the EUR/CHF next move: The asset is approaching an important pivot point 0.96332 Bias - Bullish  Goal - 0.96714 Safe Stop Loss - 0.96130  #EURCHF 💹Time Frame : 10H (signal) 🍀;0.96714
EUR/JPY Massive Long! BUY! 👩🏼‍💻My dear friends, Please, find my technical outlook for EUR/JPY below: The market is trading on 158.920 pivot level. Bias - Bullish Goal - 159.709  #EURJPY 💹Time Frame : 3H (forecast) 🍀;159.709
DXY A Fall Expected! SELL! 👩🏼‍💻My dear subscribers, DXY looks like it will make a good move, and here are the details: The asset is approaching an important pivot point 102.419 Bias - Bearish Target - 101.891  #DXY 💹Time Frame : 3H (forecast) 💁🏼‍♀️;101.891
NZD/USD Massive Long! BUY! 👩🏼‍💻My dear subscribers, I analysed this chart on NZD/USD, and concluded the following: The asset is approaching an important pivot point 0.60082 Bias - Bullish  Goal - 0.60802 Recommended Stop Loss - 0.59702  #NZDUSD 💹Time Frame : 10H (signal) 🍀;0.60802
GOLD My Opinion! BUY! 👩🏼‍💻My dear friends, My technical analysis for GOLD is below: The market is trading on 1915.11 pivot level. Bias - Bullish  Target - 1930.98 Safe Stop Loss - 1906.85  #GOLD 💹Time Frame : 12H (signal) 🙋🏼‍♀️;1930.98
GBP/USD Trading Opportunity! SELL! 👩🏼‍💻My dear followers, Please, find my technical outlook for GBP/USD below: The market is trading on 1.26920 pivot level. Bias - Bearish Target - 1.26435  #GBPUSD 💹Time Frame : 4H (forecast) 🍀;1.26435
US100 Buyers In Panic! SELL! 👩🏼‍💻My dear subscribers, US100 looks like it will make a good move, and here are the details: The instrument tests an important psychological level 15032.0 Bias - Bearish  Goal - 14898.9 Recommended Stop Loss - 15107.4  #US100 💹Time Frame : 7H (signal) 💁🏼‍♀️;14898.9
USD/CHF Trading Opportunity! SELL! 👩🏼‍💻My dear followers, This is my opinion on the USD/CHF next move: The price is coiling around a solid key level - 0.87610 Bias - Bearish Target - 0.87446  #USDCHF 💹Time Frame : 3H (forecast) 🍀;0.87446
SPY Set To Grow! BUY! 👩🏼‍💻My dear subscribers, My technical analysis for SPY is below: The asset is approaching an important pivot point 445.59 Bias - Bullish Target - 450.01  #SPY 💹Time Frame : 6H (forecast) 💁🏼‍♀️;450.01
EUR/USD The Target Is DOWN! SELL! 👩🏼‍💻My dear friends, I analysed this chart on EUR/USD, and concluded the following: The asset is approaching an important pivot point 1.09434 Bias - Bearish  Goal - 1.08874 My Stop Loss - 1.09760  #EURUSD 💹Time Frame : 10H (signal) 🍀;1.08874
GOLD Sellers In Panic! BUY! 👩🏼‍💻My dear followers, My technical analysis for GOLD is below: The asset is approaching an important pivot point 1913.69 Bias - Bullish  Target - 1931.20 My Stop Loss - 1903.92  #GOLD 💹Time Frame : 12H (signal) 🙋🏼‍♀️;1931.20
AUD/USD Sellers In Panic! BUY! 👩🏼‍💻My dear followers, My technical analysis for AUD/USD is below: The price is coiling around a solid key level - 0.64851 Bias - Bullish Target - 0.65071  #AUDUSD 💹Time Frame : 3H (forecast) 🍀;0.65071
US100 Technical Analysis! SELL! 👩🏼‍💻My dear subscribers, US100 looks like it will make a good move, and here are the details: The asset is approaching an important pivot point 15140.1 Bias - Bearish  Target - 15002.4 Recommended Stop Loss - 15217.8  #US100 💹Time Frame : 6H (signal) 💁🏼‍♀️;15002.4
EUR/AUD Will Collapse! SELL! 👩🏼‍💻My dear subscribers, Please, find my technical outlook for EUR/AUD below: The price is coiling around a solid key level - 1.68197 Bias - Bearish  Goal - 1.67122 My Stop Loss - 1.68805  #EURAUD 💹Time Frame : 9H (signal) 🍀;1.67122
SILVER The Target Is UP! BUY! 👩🏼‍💻My dear subscribers, I analysed this chart on SILVER, and concluded the following: The instrument tests an important psychological level 22.624 Bias - Bullish Target - 23.103  #SILVER 💹Time Frame : 12H (forecast) 🙋🏼‍♀️;23.103
USD/CHF What Next? SELL! 👩🏼‍💻My dear subscribers, Please, find my technical outlook for USD/CHF below: The market is trading on 0.87636 pivot level. Bias - Bearish Target - 0.87510  #USDCHF 💹Time Frame : 3H (forecast) 🍀;0.87510
DXY Massive Long! BUY! 👩🏼‍💻My dear followers, DXY looks like it will make a good move, and here are the details: The market is trading on 102.6599 pivot level. Bias - Bullish Target - 103.1088  #DXY 💹Time Frame : 6H (forecast) 💁🏼‍♀️;103.1088
EUR/USD Trading Opportunity! BUY! 👩🏼‍💻My dear subscribers, Please, find my technical outlook for EUR/USD below: The market is trading on 1.09036 pivot level. Bias - Bullish  Target - 1.09621 Recommended Stop Loss - 1.08709  #EURUSD 💹Time Frame : 9H (signal) 🍀;1.09621
GOLD The Target Is UP! BUY! 👩🏼‍💻My dear followers, GOLD looks like it will make a good move, and here are the details: The instrument tests an important psychological level 1901.79 Bias - Bullish  Goal - 1917.22 My Stop Loss - 1892.19  #GOLD 💹Time Frame : 12H (signal) 🙋🏼‍♀️;1917.22
USD/CAD Trading Opportunity! SELL! 👩🏼‍💻My dear subscribers, USD/CAD looks like it will make a good move, and here are the details: The price is coiling around a solid key level - 1.35095 Bias - Bearish Target - 1.34797  #USDCAD 💹Time Frame : 3H (forecast) 🍀;1.34797
EUR/CAD My Opinion! SELL! 👩🏼‍💻My dear friends, My technical analysis for EUR/CAD is below: The asset is approaching an important pivot point 1.47365 Bias - Bearish  Goal - 1.46818 My Stop Loss - 1.47672  #EURCAD 💹Time Frame : 10H (signal) 🍀;1.46818
EUR/CHF A Fall Expected! SELL! 👩🏼‍💻My dear friends, My technical analysis for EUR/CHF is below: The market is trading on 0.95606 pivot level. Bias - Bearish Target - 0.95444  #EURCHF 💹Time Frame : 3H (forecast) 🍀;0.95444
SPY The Target Is UP! BUY! 👩🏼‍💻My dear followers, SPY looks like it will make a good move, and here are the details: The asset is approaching an important pivot point 439.70 Bias - Bullish Target - 444.02  #SPY 💹Time Frame : 6H (forecast) 💁🏼‍♀️;444.02
EUR/JPY Technical Analysis! SELL! 👩🏼‍💻My dear followers, This is my opinion on the EUR/JPY next move: The asset is approaching an important pivot point 158.932 Bias - Bearish  Goal - 157.879 Recommended Stop Loss - 159.525  #EURJPY 💹Time Frame : 10H (signal) 🍀;157.879
GOLD Under Pressure! SELL! 👩🏼‍💻My dear subscribers, This is my opinion on the GOLD next move: The market is trading on 1886.60 pivot level. Bias - Bearish  Target - 1865.33 My Stop Loss - 1897.84  #GOLD 💹Time Frame : 12H (signal) 🙋🏼‍♀️;1865.33
NZD/JPY Under Pressure! SELL! 👩🏼‍💻My dear followers, Please, find my technical outlook for NZD/JPY below: The market is trading on 86.206 pivot level. Bias - Bearish Target - 85.885  #NZDJPY 💹Time Frame : 4H (forecast) 🍀;85.885
NAS100 Sellers In Panic! BUY! 👩🏼‍💻My dear subscribers, NAS100 looks like it will make a good move, and here are the details: The instrument tests an important psychological level 14675.78 Bias - Bullish  Target - 14885.38 Recommended Stop Loss - 14556.80  #NAS100 💹Time Frame : 7H (signal) 💁🏼‍♀️;14885.38
EUR/USD Set To Fall! SELL! 👩🏼‍💻My dear friends, I analysed this chart on EUR/USD, and concluded the following: The asset is approaching an important pivot point 1.08793 Bias - Bearish  Goal - 1.07982 Safe Stop Loss - 1.09245  #EURUSD 💹Time Frame : 10H (signal) 🍀;1.07982
NQ1! Trading Opportunity! BUY! 👩🏼‍💻My dear friends, NQ1! looks like it will make a good move, and here are the details: The asset is approaching an important pivot point 14750.00 Bias - Bullish Goal - 15002.00  #NQ1 ! 💹Time Frame : 12H (forecast) 🙋🏼‍♀️;15002.00
GBPCAD A Fall Expected! SELL! 👩🏼‍💻My dear friends, My technical analysis for GBPCAD is below: The market is trading on 1.7249 pivot level. Bias - Bearish  Target - 1.7180 Recommended Stop Loss - 1.7289  #GBPCAD 💹Time Frame : 8H (signal) 🙋🏼‍♀️;1.7180
CADCHF Technical Analysis! SELL! 👩🏼‍💻My dear friends, My technical analysis for CADCHF is below: The market is trading on 0.6503 pivot level. Bias - Bearish Target - 0.6481  #CADCHF 💹Time Frame : 1H (forecast) 🍀;0.6481
NZDJPY Expected Growth! BUY! 👩🏼‍💻My dear friends, Please, find my technical outlook for NZDJPY below: The price is coiling around a solid key level - 86.104 Bias - Bullish Goal - 86.661  #NZDJPY 💹Time Frame : 5H (forecast) 🍀;86.661
GBPCAD A Fall Expected! SELL! 👩🏼‍💻My dear friends, My technical analysis for GBPCAD is below: The market is trading on 1.7249 pivot level. Bias - Bearish  Target - 1.7180 Recommended Stop Loss - 1.7289  #GBPCAD 💹Time Frame : 8H (signal) 🙋🏼‍♀️;1.7180
GOLD On The Rise! BUY! 👩🏼‍💻My dear friends, Please, find my technical outlook for GOLD below: The price is coiling around a solid key level - 1889.2. Bias - Bullish  Goal - 1915.80 Safe Stop Loss - 1876.3  #GOLD 💹Time Frame : 12H (signal) 🙋🏼‍♀️;1915.80
APPLE Trading Opportunity! BUY! 👩🏼‍💻My dear subscribers, This is my opinion on the APPLE next move: The instrument tests an important psychological level 174.49 Bias - Bullish Target - 180.67  #APPLE 💹Time Frame : 1H (forecast) 🍀;180.67
EURUSD What Next? BUY! 👩🏼‍💻My dear friends, EURUSD looks like it will make a good move, and here are the details: The market is trading on 1.0868 pivot level. Bias - Bullish Goal - 1.0948  #EURUSD 💹Time Frame : 5H (forecast) 🍀;1.0948
GBPAUD Trading Opportunity! SELL! 👩🏼‍💻My dear subscribers, This is my opinion on the GBPAUD next move: The instrument tests an important psychological level 1.9869 Bias - Bearish  Target - 1.9627 My Stop Loss - 1.9993  #GBPAUD 💹Time Frame : 8H (signal) 🙋🏼‍♀️;1.9627
NZDUSD My Opinion! BUY! 👩🏼‍💻My dear friends, NZDUSD looks like it will make a good move, and here are the details: The market is trading on 0.5920 pivot level. Bias - Bullish  Goal - 0.6417 Recommended Stop Loss - 0.5863  #NZDUSD 💹Time Frame : 12H (signal) 🙋🏼‍♀️;0.6417
USD/CAD Trading Opportunity! SELL! 👩🏼‍💻My dear followers, Please, find my technical outlook for USD/CAD below: The market is trading on 1.35533 pivot level. Bias - Bearish Target - 1.35060  #USDCAD 💹Time Frame : 4H (forecast) 🍀;1.35060
US30 Will Explode! BUY! 👩🏼‍💻My dear subscribers, US30 looks like it will make a good move, and here are the details: The instrument tests an important psychological level 34328.7 Bias - Bullish  Goal - 34542.1 Recommended Stop Loss - 34213.9  #US30 💹Time Frame : 7H (signal) 💁🏼‍♀️;34542.1
EUR/USD What Next? Sell! 👩🏼‍💻My dear subscribers, I analysed this chart on EUR/USD, and concluded the following: The instrument tests an important psychological level 1.08839 Bias - Bearish  Goal - 1.08171 My Stop Loss - 1.09206  #EURUSD 💹Time Frame : 10H (signal) 🍀;1.08171
GOLD On The Rise! BUY! 👩🏼‍💻My dear subscribers, This is my opinion on the GOLD next move: The price is coiling around a solid key level - 1890.71 Bias - Bullish  Goal - 1905.45 Safe Stop Loss - 1882.50  #GOLD 💹Time Frame : 12H (signal) 🙋🏼‍♀️;1905.45
USD/CHF Technical Analysis! SELL! 👩🏼‍💻My dear friends, USD/CHF looks like it will make a good move, and here are the details: The market is trading on 0.87972 pivot level. Bias - Bearish Target - 0.87828  #USDCHF 💹Time Frame : 3H (forecast) 🍀;0.87828
DXY Sellers In Panic! BUY! 👩🏼‍💻My dear followers, This is my opinion on the DXY next move: The asset is approaching an important pivot point 103.599 Bias - Bullish Goal - 103.895  #DXY 💹Time Frame : 6H (forecast) 💁🏼‍♀️;103.895
EUR/GBP Expected Growth! BUY! 👩🏼‍💻My dear subscribers, I analysed this chart on EUR/GBP, and concluded the following: The price is coiling around a solid key level - 0.85172 Bias - Bullish  Goal - 0.85480 My Stop Loss - 0.85001  #EURGBP 💹Time Frame : 12H (signal) 🍀;0.85480
GBP/USD Sellers In Panic! BUY! 👩🏼‍💻My dear friends, My technical analysis for GBP/USD is below: The market is trading on 1.27325 pivot level. Bias - Bullish  Goal - 1.28049 My Stop Loss - 1.26914  #GBPUSD 💹Time Frame : 12H (signal) 🙋🏼‍♀️;1.28049
USD/CAD Massive Long! BUY! 👩🏼‍💻My dear friends, USD/CAD looks like it will make a good move, and here are the details: The market is trading on 1.35470 pivot level. Bias - Bullish Target - 1.35933  #USDCAD 💹Time Frame : 3H (forecast) 🍀;1.35933
EUR/USD Expected Growth! BUY! 👩🏼‍💻My dear subscribers, My technical analysis for EUR/USD is below: The asset is approaching an important pivot point 1.08577 Bias - Bullish  Goal - 1.09272 Safe Stop Loss - 1.08188  #EURUSD 💹Time Frame : 10H (signal) 🍀;1.09272
GOLD On The Rise! BUY! 👩🏼‍💻My dear friends, GOLD looks like it will make a good move, and here are the details: The instrument tests an important psychological level 1919.05 Bias - Bullish Goal - 1932.30  #GOLD 💹Time Frame : 12H (forecast) 🙋🏼‍♀️;1932.30
NZD/CAD Will Explode! BUY! 👩🏼‍💻My dear followers, My technical analysis for NZD/CAD is below: The market is trading on 0.80437 pivot level. Bias - Bullish Target - 0.80732  #NZDCAD 💹Time Frame : 4H (forecast) 🍀;0.80732
US100 Set To Fall! SELL! 👩🏼‍💻My dear subscribers, This is my opinion on the US100 next move: The instrument tests an important psychological level 15074.1 Bias - Bearish Goal - 14950.6  #US100 💹Time Frame : 7H (forecast) 💁🏼‍♀️;14950.6
EUR/JPY Technical Analysis! SELL! 👩🏼‍💻My dear friends, EUR/JPY looks like it will make a good move, and here are the details: The instrument tests an important psychological level 157.839 Bias - Bearish  Target - 156.790 Safe Stop Loss - 158.431  #EURJPY 💹Time Frame : 10H (signal) 🍀;156.790
CAD/CHF Trading Opportunity! BUY! 👩🏼‍💻My dear friends, My technical analysis for CAD/CHF is below: The market is trading on 1.65040 pivot level. Bias - Bullish Goal - 1.65203  #CADCHF 💹Time Frame : 3H (forecast) 🍀;1.65203
AUD/USD Technical Analysis! SELL! 👩🏼‍💻My dear followers, Please, find my technical outlook for AUD/USD below: The instrument tests an important psychological level 0.64097 Bias - Bearish  Goal - 0.63401 My Stop Loss - 0.64489  #AUDUSD 💹Time Frame : 10H (signal) 🍀;0.63401
GOLD Expected Growth! BUY! 👩🏼‍💻My dear followers, I analysed this chart on GOLD, and concluded the following: The instrument tests an important psychological level 1913.33 Bias - Bullish Target - 1927.20  #GOLD 💹Time Frame : 12H (forecast) 🙋🏼‍♀️;1927.20
USDJPY Massive Short! SELL! 👩🏼‍💻My dear friends, USDJPY looks like it will make a good move, and here are the details: The market is trading on 146.37 pivot level. Bias - Bearish Goal - 144.82  #USDJPY 💹Time Frame : 5H (forecast) 🍀;144.82
GBPCAD: Massive Long! BUY! 👩🏼‍💻My dear friends, My technical analysis for GBPCAD is below: The market is trading on 1.7115 pivot level. Bias - Bullish  Target - 1.7203 Recommended Stop Loss - 1.7058  #GBPCAD 💹Time Frame : 8H (signal) 🍀;1.7203
EURUSD The Target Is UP! BUY! 👩🏼‍💻My dear followers, This is my opinion on the EURUSD next move: The asset is approaching an important pivot point 1.0794. Bias - Bullish  Safe Stop Loss - 1.0728 Goal - 1.0899  #EURUSD 💹Time Frame : 12H (signal) 🍀;1.0899
GBPCHF Will Explode! BUY! 👩🏼‍💻My dear followers, I analysed this chart on GBPCHF and concluded the following: The market is trading on 1.1120 pivot level. Bias - Bullish Target - 1.1178  #GBPCHF 💹Time Frame : 5H (forecast) 🍀;1.1178
GOLD My Opinion! SELL! 👩🏼‍💻My dear subscribers, My technical analysis for GOLD is below: The price is coiling around a solid key level - 1914.4 Bias - Bearish  Goal - 1900.3 My Stop Loss - 1922.8  #GOLD 💹Time Frame : 8H (signal) 🍀;1900.3
EURCAD Massive Long! BUY! 👩🏼‍💻My dear subscribers, EURCAD looks like it will make a good move, and here are the details: The market is trading on 1.4684 pivot level. Bias - Bullish  My Stop Loss - 1.4631 Target - 1.4780  #EURCAD 💹Time Frame : 12H (signal) 🍀;1.4780
CADCHF Buyers In Panic! SELL! 👩🏼‍💻My dear subscribers, This is my opinion on the CADCHF next move: The instrument tests an important psychological level 0.6498. Bias - Bearish Target - 1.6491  #CADCHF 💹Time Frame : 1H (forecast) 🍀;1.6491
NZDUSD Technical Analysis! BUY! 👩🏼‍💻My dear friends, My technical analysis for NZDUSD is below: The market is trading on 0.5906 pivot level. Bias -Bullish Target - 0.5979  #NZDUSD 💹Time Frame : 5H (forecast) 🍀;0.5979
EURGBP Massive Short! SELL! 👩🏼‍💻My dear friends, Please, find my technical outlook for EURGBP below: The price is coiling around a solid key level - 0.8582 . Bias - Bearish  Goal - 0.8548 Safe Stop Loss - 0.8600  #EURGBP 💹Time Frame : 8H (signal) 🍀;0.8548
EURUSD Set To Grow! BUY! 👩🏼‍💻My dear followers, I analysed this chart on EURUSD and concluded the following: The market is trading on 1.0809 pivot level. Bias - Bullish  Target - 1.0928 Safe Stop Loss - 1.0744  #EURUSD 💹Time Frame : 12H (signal) 🍀;1.0928
AUDUSD Trading Opportunity! SELL! 👩🏼‍💻My dear followers, This is my opinion on the AUDUSD next move: The asset is approaching an important pivot point 1.6433 . Bias - Bearish Goal - 1.6409  #AUDUSD 💹Time Frame : 1H (forecast) 🍀;1.6409
EURAUD Set To Grow! BUY! 👩🏼‍💻My dear subscribers, My technical analysis for EURAUD is below: The price is coiling around a solid key level - 1.6831 . Bias - Bullish Goal - 1.6899  #EURAUD 💹Time Frame : 1H (forecast) 🍀;1.6899
USDJPY Under Pressure! SELL! 👩🏼‍💻My dear friends, Please, find my technical outlook for EUR/USD below: The instrument tests an important psychological level 147.15 Bias - Bearish  Target - 144.95 Recommended Stop Loss - 148.06.  #USDJPY 💹Time Frame : 8H (signal) 🍀;144.95
GOLD What Next? SELL! 👩🏼‍💻My dear subscribers, This is my opinion on the GOLD next move: The instrument tests an important psychological level 1916.0 Bias - Bearish  Target - 1900.4 My Stop Loss - 1924.34  #GOLD 💹Time Frame : 12H (signal) 🍀;1900.4
USDCHF On The Rise! BUY! 👩🏼‍💻My dear friends, My technical analysis for USDCHF is below: The market is trading on 0.8769 pivot level. Bias - Bullish Target - 0.8815  #USDCHF 💹Time Frame : 2H (forecast) 🍀;0.8815
EURUSD Technical Analysis! SELL! 👩🏼‍💻My dear friends, Please, find my technical outlook for EURUSD below: The price is coiling around a solid key level - 1.0925. Bias - Bearish Goal - 1.0829  #EURUSD 💹Time Frame : 6H (forecast) 🍀;1.0829
CHFJPY A Fall Expected! SELL! 👩🏼‍💻My dear subscribers, This is my opinion on the CHFJPY next move: The instrument tests an important psychological level 1.6656 Bias - Bearish  Target - 165.53 My Stop Loss - 166.98  #CHFJPY 💹Time Frame : 9H (signal) 🍀;165.53
NZDJPY Trading Opportunity! SELL! 👩🏼‍💻My dear friends, NZDJPY looks like it will make a good move, and here are the details: The market is trading on 87.348 pivot level. Bias - Bearish  Goal - 86.555 Recommended Stop Loss - 87.774  #NZDJPY 💹Time Frame : 12H (signal) 🍀;86.555
GOLD What Next? SELL! 👩🏼‍💻 My dear friends, GOLD looks like it will make a good move, and here are the details: The market is trading on 1942.8 pivot level. Bias - Bearish Goal -1926.4  #GOLD 💹Time Frame : 6H (forecast)  🍀;1926.4
AUDCHF My Opinion! SELL! 👩🏼‍💻 My dear followers, I analysed this chart on AUDCHF and concluded the following: The market is trading on 0.5720 pivot level. Bias - Bearish  Target -0.5674 Safe Stop Loss -0.5747  #AUDCHF 💹Time Frame : 8H (signal)  🍀;0.5674
EURCHF Set To Fall! SELL! 👩🏼‍💻 My dear followers, I analysed this chart on EURCHF and concluded the following: The market is trading on 0.9576 pivot level. Bias - Bearish —— Target - 0.9553 Safe Stop Loss - 0. 9590  #EURCHF 💹Time Frame : 12H (signal)  🍀;0.9553
NZDCHF Set To Fall! SELL! 👩🏼‍💻My dear followers, I analysed this chart on NZDCHF and concluded the following: The market is trading on 0.5281 pivot level. Bias - Bearish Target - 1.5251  #NZDCHF 💹Time Frame : 2H (forecast) 🍀;1.5251
CHFJPY What Next? BUY! 👩🏼‍💻My dear subscribers, My technical analysis for CHFJPY is below: The price is coiling around a solid key level - 164.29 Bias - Bullish Goal - 165.55  #CHFJPY 💹Time Frame : 5H (forecast) 🍀;165.55
USDCAD My Opinion! BUY! 👩🏼‍💻My dear friends, Please, find my technical outlook for USDCAD below: The instrument tests an important psychological level 1.3540 Bias -Bullish —— Target - 1.3628 Recommended Stop Loss -1.3490  #USDCAD 💹Time Frame : 8H (signal) 🍀;1.3628
EURNZD Set To Grow! BUY! 👩🏼‍💻My dear followers, This is my opinion on the EURNZD next move: The asset is approaching an important pivot point 1.8156 Bias - Bullish  Safe Stop Loss - 1.8087 Goal - 1.8272  #EURNZD 💹Time Frame : 12H (signal) 🍀;1.8272
TESLA Will Explode! BUY! 👩🏼‍💻My dear friends, Please, find my technical outlook for TESLA below: The instrument tests an important psychological level 244.94 Bias - Bullish Target - 254.15  #TESLA 💹Time Frame : 1H (forecast) 🍀;254.15
QQQ Will Collapse! SELL! 👩🏼‍💻My dear friends, My technical analysis for QQQ is below: The market is trading on 377.65 pivot level. Bias - Bearish  Target - 369.87 Recommended Stop Loss - 382.58  #QQQ 💹Time Frame : 8H (signal) 🍀;369.87
EURUSD Will Explode! BUY! 👩🏼‍💻My dear friends, My technical analysis for EURUSD is below: The market is trading on 1.0775 pivot level. Bias - Bullish Target - 1.0857  #EURUSD 💹Time Frame : 2H (forecast) 🍀;1.0857
USDCHF Buyers In Panic! SELL! 👩🏼‍💻My dear friends, Please, find my technical outlook for USDCHF below: The price is coiling around a solid key level - 0.8856 Bias - Bearish Goal - 0.8819 —— #USDCHF 💹Time Frame : 5H (forecast) 🍀;0.8819
GBPAUD The Target Is UP! BUY! 👩🏼‍💻My dear friends, Please, find my technical outlook for GBPAUD below: The price is coiling around a solid key level - 1.9501 Bias - Bullish  Goal - 1.9692 Safe Stop Loss - 1.9398  #GBPAUD 💹Time Frame : 12H (signal) 🍀;1.9692
GBPJPY Massive Short! SELL! 👩🏼‍💻My dear subscribers, This is my opinion on the GBPJPY next move: The instrument tests an important psychological level 184.27 Bias - Bearish Target - 184.87  #GBPJPY 💹Time Frame : 1H (forecast) 🍀;184.87
EURNZD Massive Long! BUY! 👩🏼‍💻My dear friends, EURNZD looks like it will make a good move, and here are the details: The market is trading on 1.8162 pivot level. Bias - Bullish Goal - 1.8237 —— #EURNZD 💹Time Frame : 5H (forecast) 🍀;1.8237
AUDCHF Technical Analysis! SELL! 👩🏼‍💻My dear subscribers, This is my opinion on the AUDCHF next move: The instrument tests an important psychological level 0.5713 Bias - Bearish  Target - 0.5688 My Stop Loss - 0.5728  #AUDCHF 💹Time Frame : 7H (signal) 🍀;0.5688
GOLD A Fall Expected! SELL! 👩🏼‍💻My dear friends, GOLD looks like it will make a good move, and here are the details: The market is trading on 1940.5 pivot level. Bias - Bearish  Goal - 1928.9 Recommended Stop Loss - 1947.4  #GOLD 💹Time Frame : 10H (signal) 🍀;1928.9
EURUSD Technical Analysis! BUY! 👩🏼‍💻My dear followers, I analysed this chart on EURUSD and concluded the following: The market is trading on 1.0734 pivot level. Bias - Bullish Target - 1.0786  #EURUSD 💹Time Frame : 1H (forecast) 🍀;1.0786
GBPNZD Trading Opportunity! SELL! 👩🏼‍💻My dear subscribers, My technical analysis for GBPNZD is below: The price is coiling around a solid key level - 2.1395 Bias - Bearish Goal - 2.1258 —— #GBPNZD 💹Time Frame : 5H (forecast) 🍀;2.1258
GBPAUD What Next? SELL! 👩🏼‍💻My dear followers, I analysed this chart on GBPAUD and concluded the following: The market is trading on 1.9710 pivot level. Bias - Bearish  Target - 1.9586 Safe Stop Loss - 1.9778  #GBPAUD 💹Time Frame : 8H (signal) 🍀;1.9586
NZDUSD Expected Growth! BUY! 👩🏼‍💻My dear subscribers, My technical analysis for NZDUSD is below: The price is coiling around a solid key level - 0.5881. Bias -Bullish —— Goal - 0.5985 My Stop Loss - 0.5829  #NZDUSD 💹Time Frame : 12H (signal) 🍀;0.5985
GOLD Technical Analysis! BUY! 👩🏼‍💻My dear friends, Please, find my technical outlook for GOLD below: The instrument tests an important psychological level 1935.5 Bias - Bullish Target - 1924.2  #GOLD 💹Time Frame : 3H (forecast) 🍀;1924.2
USDCAD My Opinion! SELL! 👩🏼‍💻My dear followers, This is my opinion on the USDCAD next move: The asset is approaching an important pivot point 1.3643 Bias - Bearish Goal - 1.3580 —— #USDCAD 💹Time Frame : 6H (forecast) 🍀;1.3580
USDCHF Set To Fall! SELL! 👩🏼‍💻My dear friends, Please, find my technical outlook for USDCHF below: The instrument tests an important psychological level 0.8900 Bias - Bearish  Target - 0.8841 Recommended Stop Loss - 0.8929  #USDCHF 💹Time Frame : 8H (signal) 🍀;0.8841
USDJPY Will Collapse! SELL! 👩🏼‍💻My dear followers, This is my opinion on the USDJPY next move: The asset is approaching an important pivot point 147.37 Bias - Bearish  Safe Stop Loss - 148.57 Goal - 145.02  #USDJPY 💹Time Frame : 12H (signal) 🍀;145.02
EURGBP The Target Is DOWN! SELL! 👩🏼‍💻My dear subscribers, EURGBP looks like it will make a good move, and here are the details: The market is trading on 0.8579 pivot level. Bias - Bearish Target - 0.8557  #EURGBP 💹Time Frame : 3H (forecast) 🍀;0.8557
EURUSD Expected Growth! BUY! 👩🏼‍💻My dear friends, My technical analysis for EURUSD is below: The market is trading on 1.0698 pivot level. Bias - Bullish Target - 1.0763 —— #EURUSD 💹Time Frame : 5H (forecast) 🍀;1.0763
AUDCAD On The Rise! BUY! 👩🏼‍💻My dear friends, My technical analysis for AUDCAD is below: The market is trading on 0.8714 pivot level. Bias - Bullish  Target - 0.8750 Recommended Stop Loss - 0.8693  #AUDCAD 💹Time Frame : 8H (signal) 🍀;0.8750
GBPUSD Trading Opportunity! BUY! 👩🏼‍💻My dear friends, Please, find my technical outlook for GBPUSD below: The price is coiling around a solid key level - 1.2454. Bias - Bullish  Goal - 1.2613 Safe Stop Loss - 1.2369  #GBPUSD 💹Time Frame : 12H (signal) 🍀;1.2613
NZDUSD Buyers In Panic! SELL! 👩🏼‍💻My dear friends, Please, find my technical outlook for NZDUSD below: The price is coiling around a solid key level - 0.5903. Bias - Bearish Goal - 0.5888  #NZDUSD 💹Time Frame : 1H (forecast) 🍀;0.5888
AUDNZD What Next? BUY! 👩🏼‍💻My dear subscribers, This is my opinion on the AUDNZD next move: The instrument tests an important psychological level 1.0822 Bias -Bullish Target - 1.0853 —— #AUDNZD 💹Time Frame : 5H (forecast) 🍀;1.0853
EURNZD My Opinion! BUY! 👩🏼‍💻My dear subscribers, This is my opinion on the EURNZD next move: The instrument tests an important psychological level 1.8143 Bias - Bullish  Target - 1.8229 My Stop Loss - 1.8089  #EURNZD 💹Time Frame : 9H (signal) 🍀;1.8229
SILVER Set To Grow! BUY 👩🏼‍💻My dear friends, SILVER looks like it will make a good move, and here are the details: The market is trading on 23.0510 pivot level. Bias -Bullish —— Goal - 23.8639 Recommended Stop Loss - 22.6538  #SILVER 💹Time Frame :12H (signal) 🍀;23.8639
EURCAD Will Explode! BUY! 👩🏼‍💻My dear followers, I analysed this chart on EURCAD and concluded the following: The market is trading on 1.4591 pivot level. Bias -Bullish Target - 1.4625  #EURCAD 💹Time Frame : 2H (forecast) 🍀;1.4625
GBPCAD The Target Is UP! BUY! 👩🏼‍💻My dear subscribers, My technical analysis for GBPCAD is below: The price is coiling around a solid key level - 1.6993. Bias - Bullish Goal - 1.7100 —— #GBPCAD 💹Time Frame : 5H (forecast) 🍀;1.7100
GBPNZD Sellers In Panic! BUY! 👩🏼‍💻My dear followers, I analysed this chart on GBPNZD and concluded the following: The market is trading on 2.1168 pivot level. Bias - Bullish  Target - 2.1373 Safe Stop Loss - 2.1072  #GBPNZD 💹Time Frame : 9H (signal) 🍀;2.1373
EURUSD Massive Long! BUY 👩🏼‍💻My dear subscribers, My technical analysis for EURUSD is below: The price is coiling around a solid key level - 1.0698. Bias - Bullish  Goal - 1.0798 My Stop Loss - 1.0634  #EURUSD 💹Time Frame : 12H (signal) 🍀;1.0798
CADCHF Under Pressure! SELL! 👩🏼‍💻My dear friends, Please, find my technical outlook for CADCHF below: The instrument tests an important psychological level 0.6543 Bias - Bearish  Target - 0.6514 Recommended Stop Loss - 0.6558  #CADCHF 💹Time Frame : 8H (signal) 🍀;0.6514
GBPUSD Technical Analysis! BUY! 👩🏼‍💻 My dear followers, This is my opinion on the GBPUSD next move: The asset is approaching an important pivot point 1.2464 Bias -Bullish  Safe Stop Loss - 1.2384 Goal - 1.2606  #GBPUSD 💹Time Frame : 12H (signal) 🍀;1.2606
EURUSD Technical Analysis! SELL! 👩🏼‍💻My dear friends, My technical analysis for EURUSD is below: The market is trading on 1.0730 pivot level. Bias - Bearish Target - 1.0688  #EURUSD 💹Time Frame : 2H (forecast) 🍀;1.0688
AUDUSD A Fall Expected! SELL! 👩🏼‍💻My dear friends, Please, find my technical outlook for AUDUSD below: The price is coiling around a solid key level - 0.6429 Bias - Bearish Goal - 0.6392 —— #AUDUSD 💹Time Frame : 5H (forecast) 🍀;0.6392
EURAUD Set To Grow! BUY! 👩🏼‍💻My dear subscribers, My technical analysis for EURAUD is below: The price is coiling around a solid key level - 1.6670 . Bias - Bullish  Goal - 1.6762 My Stop Loss - 1.6613  #EURAUD 💹Time Frame : 8H (signal) 🍀;1.6762
EURCAD Will Explode! BUY! 👩🏼‍💻My dear friends, Please, find my technical outlook for EURCAD below: The instrument tests an important psychological level 1.4563 Bias - Bullish  Target - 1.4656 Recommended Stop Loss - 1.4511  #EURCAD 💹Time Frame : 12H (signal) 🍀;1.4656
GOLD The Target Is UP! BUY! 👩🏼‍💻My dear subscribers, This is my opinion on the GOLD next move: The instrument tests an important psychological level 1919.0 Bias - Bullish Target - 1922.9  #GOLD 💹Time Frame : 1H (forecast) 🍀;1922.9
USDCAD Sellers In Panic! BUY! 👩🏼‍💻My dear friends, USDCAD looks like it will make a good move, and here are the details: The market is trading on 1.3582 pivot level. Bias - Bullish Goal - 1.3633 —— #USDCAD 💹Time Frame : 5H (forecast) 🍀;1.3633
EURGBP Trading Opportunity! SELL! 👩🏼‍💻My dear friends, My technical analysis for EURGBP is below: The market is trading on 0.8594 pivot level. Bias - Bearish  Target - 0.8564 Recommended Stop Loss - 0.8610  #EURGBP 💹Time Frame : 8H (signal) 🍀;0.8564
GBPAUD Massive Long! BUY! 👩🏼‍💻My dear friends, Please, find my technical outlook for GBPAUD below: The price is coiling around a solid key level - 1.9426 Bias - Bullish —— Goal - 1.9557 Safe Stop Loss - 1.9349  #GBPAUD 💹Time Frame : 12H (signal) 🍀;1.9557
GBPJPY My Opinion! SELL! 👩🏼‍💻My dear friends, GBPJPY looks like it will make a good move, and here are the details: The market is trading on 184.15 pivot level. Bias - Bearish Goal - 183.80  #GBPJPY 💹Time Frame : 1H (forecast) 🍀;183.80
EURUSD Set To Fall! SELL! 👩🏼‍💻My dear followers, I analysed this chart on EURUSD and concluded the following: The market is trading on 1.0737 pivot level. Bias - Bearish Target - 1.0691  #EURUSD 💹Time Frame : 5H (forecast) 🍀;1.0691
NZDJPY Will Collapse! SELL! 👩🏼‍💻My dear friends, NZDJPY looks like it will make a good move, and here are the details: The market is trading on 87.284 pivot level. Bias - Bearish —— Goal - 86.844 Recommended Stop Loss - 87.501  #NZDJPY 💹Time Frame : 8H (signal) 🍀;86.844
GBPNZD Technical Analysis! BUY! 👩🏼‍💻My dear followers, I analysed this chart on GBPNZD and concluded the following: The market is trading on 2.1109 pivot level. Bias - Bullish  Target - 2.1337 Safe Stop Loss - 2.1000  #GBPNZD 💹Time Frame : 12H (signal) 🍀;2.1337
AUDUSD What Next? SELL! 👩🏼‍💻My dear subscribers, My technical analysis for AUDUSD is below: The price is coiling around a solid key level - 0.6439 . Bias - Bearish Goal - 0.6425  #AUDUSD 💹Time Frame : 1H (forecast) 🍀;0.6425
GOLD My Opinion! BUY! 👩🏼‍💻My dear friends, Please, find my technical outlook for GOLD below: The instrument tests an important psychological level 1904.0 Bias - Bullish Target - 1916.5  #GOLD 💹Time Frame : 5H (forecast) 🍀;1916.5
AUDJPY The Target Is DOWN! SELL! 👩🏼‍💻My dear subscribers, This is my opinion on the AUDJPY next move: The instrument tests an important psychological level 94.833 Bias - Bearish  Target - 93.317 My Stop Loss - 95.063  #AUDJPY 💹Time Frame : 8H (signal) 🍀;93.317
EURNZD Technical Analysis! BUY! 👩🏼‍💻My dear friends, EURNZD looks like it will make a good move, and here are the details: The market is trading on 1.8023 pivot level. Bias - Bullish  Goal - 1.8163 Recommended Stop Loss - 1.7939  #AUDJPY 💹Time Frame : 12H (signal) 🍀;1.8163
USDJPY Buyers In Panic! SELL! 👩🏼‍💻My dear followers, This is my opinion on the USDJPY next move: The asset is approaching an important pivot point 147.76 Bias - Bearish Goal - 147.37  #USDJPY 💹Time Frame : 2H (forecast) 🍀;147.37
EURUSD Expected Growth! BUY! 👩🏼‍💻My dear subscribers, EURUSD looks like it will make a good move, and here are the details: The market is trading on 1.0646 pivot level. Bias - Bullish Target - 1.0779  #EURUSD 💹Time Frame : 5H (forecast) 🍀;1.0779
GBPNZD The Rise! BUY! 👩🏼‍💻My dear subscribers, GBPNZD looks like it will make a good move, and here are the details: The market is trading on 2.0995 pivot level. Bias - Bullish —— My Stop Loss - 2.0923 Target - 2.1128  #GBPNZD 💹Time Frame : 8H (signal) 🍀;2.1128
GBPAUD Trading Opportunity! BUY! 👩🏼‍💻My dear followers, This is my opinion on the GBPAUD next move: The asset is approaching an important pivot point 1.9242 Bias - Bullish  Safe Stop Loss - 1.9121 Goal - 1.9457  #GBPAUD 💹Time Frame : 12H (signal) 🍀;1.9457
GOLD Under Pressure! SELL! 👩🏼‍💻My dear friends, Please, find my technical outlook for GOLD below: The price is coiling around a solid key level - 1923.9 Bias - Bearish Goal - 1914.3  #GOLD 💹Time Frame : 4H (forecast) 🍀;1914.3
TESLA Buyers In Panic! SELL! 👩🏼‍💻My dear friends, My technical analysis for TESLA is below: The market is trading on 274.45 pivot level. Bias - Bearish — Target - 248.12 Recommended Stop Loss - 288.61  #TESLA 💹Time Frame : 8H (signal) 🍀;248.12
AUDJPY Massive Short! SELL! 👩🏼‍💻My dear friends, Please, find my technical outlook for AUDJPY below: The price is coiling around a solid key level - 95.050 Bias - Bearish  Goal - 94.423 Safe Stop Loss - 95.434  #AUDJPY 💹Time Frame : 12H (signal) 🍀;94.423
QQQ Expected Growth! BUY! 👩🏼‍💻My dear subscribers, This is my opinion on the QQQ next move: The instrument tests an important psychological level 370.67 Bias -Bullish Target - 374.07  #QQQ 💹Time Frame : 1H (forecast) 🍀;374.07
USDCHF What Next? SELL! 👩🏼‍💻My dear friends, USDCHF looks like it will make a good move, and here are the details: The market is trading on 0.8976 pivot level. Bias - Bearish Goal - 0.8929  #USDCHF 💹Time Frame : 5H (forecast) 🍀;0.8929
GBPUSD Trading Opportunity! BUY! 👩🏼‍💻My dear subscribers, This is my opinion on the GBPUSD next move: The instrument tests an important psychological level 1.2380 Bias - Bullish  Target - 1.2484 My Stop Loss - 1.2325  #GBPUSD 💹Time Frame : 8H (signal) 🍀;1.2484
EURUSD Will Explode! BUY! 👩🏼‍💻My dear friends, EURUSD looks like it will make a good move, and here are the details: The market is trading on 1.0659 pivot level. Bias - Bullish  Goal - 1.0732 Recommended Stop Loss - 1.0620  #EURUSD 💹Time Frame : 11H (signal) 🍀;1.0732
USDJPY Set To Grow! BUY! 👩🏼‍💻My dear followers, I analysed this chart on USDJPY Set To Grow! BUY! and concluded the following: The market is trading on 147.63 pivot level. Bias -Bullish Target - 147.87  #USDJPY 💹Time Frame : 1H (forecast) 🍀;147.87
USDCHF Massive Short! SELL! 👩🏼‍💻My dear subscribers, My technical analysis for USDCHF is below: The price is coiling around a solid key level - 0.8972 Bias - Bearish Goal - 0.8892  #USDCHF 💹Time Frame : 5H (forecast) 🍀;0.8892
GBPAUD Technical Analysis! BUY! 👩🏼‍💻My dear followers, I analysed this chart on GBPAUD and concluded the following: The market is trading on 1.9258 pivot level. Bias - Bullish  Target - 1.9433 Safe Stop Loss - 1.9161  #GBPAUD 💹Time Frame : 8H (signal) 🍀;1.9433
GOLD The Target Is DOWN! SELL! 👩🏼‍💻My dear subscribers, My technical analysis for GOLD is below: The price is coiling around a solid key level - 1928.3 Bias - Bearish  Goal - 1905.1 My Stop Loss - 1940.0  #GOLD 💹Time Frame : 12H (signal) 🍀;1905.1
EURUSD Technical Analysis! SELL! 👩🏼‍💻My dear friends, Please, find my technical outlook for EURUSD below: The instrument tests an important psychological level 1.0705 Bias - Bearish Target - 1.0665  #EURUSD 💹Time Frame : 1H (forecast) 🍀;1.0665
NZDCHF Trading Opportunity! SELL! 👩🏼‍💻My dear followers, This is my opinion on the NZDCHF next move: The asset is approaching an important pivot point 0.5324 Bias - Bearish Goal - 0.5293  #NZDCHF 💹Time Frame : 5H (forecast) 🍀;0.5293
AUDCAD On The Rise! BUY! 👩🏼‍💻My dear friends, Please, find my technical outlook for AUDCAD below: The instrument tests an important psychological level 1.8667 Bias - Bullish  Target - 0.9709 Recommended Stop Loss - 0.8643 —— #AUDCAD 💹Time Frame : 8H (signal) 🍀;0.9709
EURNZD What Next? BUY! 👩🏼‍💻My dear followers, This is my opinion on the EURNZD next move: The asset is approaching an important pivot point 1.8013 Bias - Bullish  Safe Stop Loss - 1.7918 Goal - 1.8156 —— #EURNZD 💹Time Frame : 12H (signal) 🍀;1.8156
EURAUD The Target Is UP! BUY! 👩🏼‍💻My dear subscribers, EURAUD looks like it will make a good move, and here are the details: The market is trading on 0.6497 pivot level. Bias - Bullish Target - 0.6537  #EURAUD 💹Time Frame : 1H (forecast) 🍀;0.6537
USDCAD Sellers In Panic! BUY! 👩🏼‍💻My dear friends, USDCAD looks like it will make a good move, and here are the details: The market is trading on 1.3417 pivot level. Bias - Bullish Goal - 1.3488  #USDCAD 💹Time Frame : 5H (forecast) 🍀;1.3488
GBPCHF Massive Long! BUY! 👩🏼‍💻My dear followers, This is my opinion on the GBPCHF next move: The asset is approaching an important pivot point 1.1092. Bias - Bullish  Safe Stop Loss - 1.1074. Goal - 1.1129 —— #GBPCHF 💹Time Frame : 8H (signal) 🍀;1.1129
GOLD Under Pressure! SELL! 👩🏼‍💻My dear subscribers, GOLD looks like it will make a good move, and here are the details: The market is trading on 1945.4 pivot level. Bias - Bearish  My Stop Loss - 1954.3 Target - 1925.9 —— #GOLD 💹Time Frame : 12H (signal) 🍀;1925.9
EURJPY Massive Long! BUY! 👩🏼‍💻My dear friends, My technical analysis for EURJPY is below: The market is trading on 157.40 pivot level. Bias - Bullish Target - 157.96  #EURJPY 💹Time Frame : 1H (forecast) 🍀;157.96
EURGBP Technical Analysis! SELL! 👩🏼‍💻My dear friends, Please, find my technical outlook for EURGBP below: The price is coiling around a solid key level - 0.8672 Bias - Bearish Goal - 0.8619  #EURGBP 💹Time Frame : 5H (forecast) 🍀;0.8619
AUDCAD Expected Growth! BUY! 👩🏼‍💻My dear friends, Please, find my technical outlook for AUDCAD below: The instrument tests an important psychological level 0.8637 Bias - Bullish  Target - 0.8684 Recommended Stop Loss - 0.8616 —— #AUDCAD 💹Time Frame : 8H (signal) 🍀;0.8684
EURUSD On The Rise! BUY! 👩🏼‍💻My dear friends, My technical analysis for EURUSD is below: The market is trading on 1.0647 pivot level. Bias - Bullish  Target - 1.0765 Recommended Stop Loss - 1.0583 —— #EURUSD 💹Time Frame : 12H (signal) —— 😇 About My VIP Signals 💬 My Contact  - AnabelContact ❤️;1.0765
SILVER A Fall Expected! SELL! 👩🏼‍💻My dear subscribers, This is my opinion on the SILVER next move: The instrument tests an important psychological level 23.668 Bias - Bearish Target - 23.3508  #SILVER 💹Time Frame : 2H (forecast) 🍀;23.3508
NZDUSD My Opinion! SELL! 👩🏼‍💻My dear followers, I analysed this chart on NZDUSD and concluded the following: The market is trading on 0.5971 pivot level. Bias -Bearish Target - 0.5930  #SILVER 💹Time Frame : 2H (forecast) 🍀;0.5930
USDCAD Set To Grow! BUY! 👩🏼‍💻My dear friends, Please, find my technical outlook for USDCAD below: The price is coiling around a solid key level - 1.3449 Bias -Bullish  Goal - 1.35022 Safe Stop Loss - 1.3414 —— #USDCAD 💹Time Frame : 8H (signal) 🍀;1.35022
GBPJPY What Next? BUY! 👩🏼‍💻My dear subscribers, This is my opinion on the GBPJPY next move: The instrument tests an important psychological level 181.95 Bias - Bullish  Target - 183.13 My Stop Loss - 181.18 —— #GBPJPY 💹Time Frame : 12H (signal) 🍀;183.13
EURCHF Trading Opportunity! SELL! 👩🏼‍💻My dear subscribers, My technical analysis for EURCHF is below: The price is coiling around a solid key level -0.9652 . Bias - Bearish Goal - 0.9626  #EURCHF 💹Time Frame : 1H (forecast) 🍀;0.9626
QQQ Technical Analysis! BUY! 👩🏼‍💻My dear friends, Please, find my technical outlook for QQQ below: The instrument tests an important psychological level 357.96 Bias - Bullish Target - 370.14  #QQQ 💹Time Frame : 5H (forecast) 🍀;370.14
EURNZD My Opinion! BUY! 👩🏼‍💻My dear friends, EURNZD looks like it will make a good move, and here are the details: The market is trading on 1.7851 pivot level. Bias - Bullish  Goal - 1.8003 Recommended Stop Loss - 1.7778 —— #EURNZD 💹Time Frame : 8H (signal) 🍀;1.8003
SILVER Set To Fall! SELL! 👩🏼‍💻My dear followers, I analysed this chart on SILVER and concluded the following: The market is trading on 23.5565 pivot level. Bias - Bearish  Target - 23.1013 Safe Stop Loss - 23.8243 —— #SILVER 💹Time Frame : 12H (signal) —— 💬 My Contact  - AnabelContact 🥳 ❤ Join My VIP Group ❤️;23.1013
TESLA Will Explode! BUY! 👩🏼‍💻My dear followers, This is my opinion on the TESLA next move: The asset is approaching an important pivot point 244.73 Bias - Bullish Goal - 259.37  #TESLA 💹Time Frame : 1H (forecast) 🍀;259.37
NZDUSD The Target Is DOWN! SELL! 👩🏼‍💻My dear subscribers, NZDUSD looks like it will make a good move, and here are the details: The market is trading on 0.5959 pivot level. Bias - Bearish Target - 0.5930  #NZDUSD 💹Time Frame : 5H (forecast) 🍀;0.5930
EURUSD Sellers In Panic! BUY! 👩🏼‍💻My dear friends, Please, find my technical outlook for EURUSD below: The price is coiling around a solid key level - 1.0645 Bias - Bullish  Goal - 1.0753 Safe Stop Loss - 1.0590 —— #EURUSD 💹Time Frame : 12H (signal) 🍀;1.0753
USDJPY Buyers In Panic! SELL! 👩🏼‍💻My dear friends, My technical analysis for USDJPY is below: The market is trading on 148.62 pivot level. Bias - Bearish Target - 148.13  #USDJPY 💹Time Frame : 1H (forecast) 🍀;148.13
EURNZD Massive Long! BUY! 👩🏼‍💻My dear friends, Please, find my technical outlook for EURNZD below: The price is coiling around a solid key level - 1.7826 Bias - Bullish Goal - 1.7954  #EURNZD 💹Time Frame : 5H (forecast) 🍀;1.7954
GBPJPY Technical Analysis! BUY! 👩🏼‍💻My dear subscribers, This is my opinion on the GBPJPY next move: The instrument tests an important psychological level 181.61 Bias - Bullish  Target - 182.82 My Stop Loss - 181.07 —— #GBPJPY 💹Time Frame : 8H (signal) 🍀;182.82
SILVER Under Pressure! SELL! 👩🏼‍💻My dear friends, SILVER looks like it will make a good move, and here are the details: The market is trading on 23.505 pivot level. Bias - Bearish  Goal - 23.027 Recommended Stop Loss - 23.744 —— #SILVER 💹Time Frame : 12H (signal) —— 😇 About My VIP Signals 💬 My Contact  - AnabelContact ❤️;23.027
USDCAD Massive Short! SELL! 👩🏼‍💻My dear subscribers, This is my opinion on the USDCAD next move: The instrument tests an important psychological level 1.3505 Bias - Bearish Target - 1.3474  #USDCAD 💹Time Frame : 1H (forecast) 🍀;1.3474
AUDNZD Technical Analysis! BUY! 👩🏼‍💻My dear friends, AUDNZD looks like it will make a good move, and here are the details: The market is trading on 1.0749 pivot level. Bias -Bullish Goal - 1.0826  #AUDNZD 💹Time Frame : 6H (forecast) 🍀;1.0826
EURUSD Expected Growth! BUY! 👩🏼‍💻My dear followers, I analysed this chart on EURUSD and concluded the following: The market is trading on 1.0593 pivot level. Bias - Bullish —— Target - 1.0680 Safe Stop Loss - 1.0542 —— #EURUSD 💹Time Frame : 8H (signal) 🍀;1.0680
NZDUSD Technical Analysis! SELL! 👩🏼‍💻My dear subscribers, My technical analysis for NZDUSD is below: The price is coiling around a solid key level - 0.5963 Bias - Bearish  Goal - 0.5914 My Stop Loss - 0.5996 —— #NZDUSD 💹Time Frame : 12H (signal) 🍀;0.5914
EURGBP On The Rise! BUY! 👩🏼‍💻My dear subscribers, My technical analysis for EURGBP is below: The price is coiling around a solid key level - 0.8671 Bias - Bullish Goal - 0.8692  #EURGBP 💹Time Frame : 1H (forecast) 🍀;0.8692
GOLD What Next? BUY! 👩🏼‍💻My dear followers, I analysed this chart on GOLD and concluded the following: The market is trading on 1885.3 pivot level. Bias - Bullish Target - 1912.6  #GOLD 💹Time Frame : 5H (forecast) 🍀;1912.6
AUDUSD My Opinion! BUY! 👩🏼‍💻My dear followers, This is my opinion on the AUDUSD next move: The asset is approaching an important pivot point 0.6366 Bias - Bullish  Safe Stop Loss - 0.6344 Goal - 0.6412 —— #AUDUSD 💹Time Frame : 8H (signal) 🍀;0.6412
CADJPY A Fall Expected! SELL! 👩🏼‍💻My dear subscribers, CADJPY looks like it will make a good move, and here are the details: The market is trading on 110.60 pivot level. Bias - Bearish — My Stop Loss - 111.20 Target - 109.30 —— #CADJPY 💹Time Frame : 12H (signal) — 🤍 Get Exclusive Signals in My VIP 👉 Contact Me - AnabelContact 🤍;109.30
EURUSD Trading Opportunity! SELL! 👩🏼‍💻My dear friends, Please, find my technical outlook for EURUSD below: The instrument tests an important psychological level 1.0536 Bias - Bearish Target - 1.0509  #EURUSD 💹Time Frame : 1H (forecast) 🍀;1.0509
GBPAUD What Next? SELL! 👩🏼‍💻My dear followers, This is my opinion on the GBPAUD next move: The asset is approaching an important pivot point 1.9062 Bias - Bearish Goal - 1.8966  #GBPAUD 💹Time Frame : 3H (forecast) 🍀;1.8966
EURNZD Set To Grow! BUY! 👩🏼‍💻My dear friends, Please, find my technical outlook for EURNZD below: The instrument tests an important psychological level 1.7733 Bias -Bullish  Target - 1.7891 Recommended Stop Loss - 1.7639 —— #EURNZD 💹Time Frame : 8H (signal) 🍀;1.7891
EURJPY Will Explode! BUY! 👩🏼‍💻My dear friends, My technical analysis for EURJPY is below: The market is trading on 157.53 pivot level. Bias -Bullish  Target - 158.13 Recommended Stop Loss - 157.19 —— #EURJPY 💹Time Frame : 12H (signal) 🍀;158.13
SILVER My Opinion! SELL! 👩🏼‍💻My dear subscribers, SILVER looks like it will make a good move, and here are the details: The market is trading on 23.0645 pivot level. Bias - Bearish Target - 22.6551  #SILVER 💹Time Frame : 2H (forecast) 🍀;22.6551
GBPJPY Set To Fall! SELL! 👩🏼‍💻My dear friends, My technical analysis for GBPJPY is below: The market is trading on 182.86 pivot level. Bias - Bearish Target - 181.69  #GBPJPY 💹Time Frame : 5H (forecast) 🍀;181.69
EURAUD The Target Is UP! BUY! 👩🏼‍💻My dear friends, Please, find my technical outlook for EURAUD below: The price is coiling around a solid key level - 1.6342 . Bias - Bullish  Goal - 1.6512 Safe Stop Loss - 1.6262 —— #EURAUD 💹Time Frame : 8H (signal) 🍀;1.6512
USDCAD Sellers In Panic! BUY! 👩🏼‍💻My dear subscribers, This is my opinion on USDCAD next move: The instrument tests an important psychological level 1.3427 Bias - Bullish —— Target - 1.3487 My Stop Loss - 1.3391 —— #USDCAD 💹Time Frame : 12H (signal) —— 💬 My Contact  - AnabelContact 🥳 ❤ Join My VIP Group ❤️;1.3487
APPLE Technical Analysis! BUY! 👩🏼‍💻My dear friends, APPLE looks like it will make a good move, and here are the details: The market is trading on 171.20 pivot level. Bias - Bullish Goal - 179.82  #APPLE 💹Time Frame : 5H (forecast) 🍀;179.82
NZDUSD Will Collapse! SELL! 👩🏼‍💻My dear friends, NZDUSD looks like it will make a good move, and here are the details: The market is trading on 0.5995 pivot level. Bias - Bearish —— Goal - 0.5938 Recommended Stop Loss - 0.6020 —— #NZDUSD 💹Time Frame : 8H (signal) 🍀;0.5938
EURNZD Expected Growth! BUY! 👩🏼‍💻My dear followers, I analysed this chart on EURNZD and concluded the following: The market is trading on 1.7624 pivot level. Bias -Bullish  Target - 1.7891 Safe Stop Loss - 1.7488 —— #EURNZD 💹Time Frame : 12H (signal) 🍀;1.7891
EURCAD The Target Is DOWN! SELL! 👩🏼‍💻My dear followers, I analysed this chart on EURCAD and concluded the following: The market is trading on 1.4355 pivot level. Bias - Bearish Target - 1.4280  #EURCAD 💹Time Frame : 1H (forecast) 🍀;1.4280
SILVER On The Rise! BUY! 👩🏼‍💻My dear subscribers, My technical analysis for SILVER is below: The price is coiling around a solid key level - 22.1900 Bias - Bullish Goal - 22.8565  #SILVER 💹Time Frame : 5H (forecast) 🍀;22.8565
NZDJPY The Target Is DOWN! SELL! 👩🏼‍💻My dear friends, Please, find my technical outlook for NZDJPY below: The instrument tests an important psychological level 89.549 Bias - Bearish  Target - 88.577 Recommended Stop Loss - 90.099 —— #NZDJPY 💹Time Frame : 8H (signal) 🍀;88.577
EURUSD Trading Opportunity! BUY! 👩🏼‍💻My dear friends, Please, find my technical outlook for EURUSD below: The instrument tests an important psychological level 1.0542 Bias - Bullish Target - 1.0575  #EURUSD 💹Time Frame : 1H (forecast) 🍀;1.0575
EURJPY Buyers In Panic! SELL! 👩🏼‍💻My dear followers, This is my opinion on the EURJPY next move: The asset is approaching an important pivot point 157.76 Bias - Bearish Goal - 156.86  #EURJPY 💹Time Frame : 4H (forecast) 🍀;156.86
AUDNZD What Next? BUY! 👩🏼‍💻My dear subscribers, My technical analysis for AUDNZD is below: The price is coiling around a solid key level - 1.0712 Bias - Bullish  Goal - 1.0774 My Stop Loss - 1.0681 —— #AUDNZD 💹Time Frame : 8H (signal) 🍀;1.0774
USDJPY Massive Short! SELL! 👩🏼‍💻My dear friends, Please, find my technical outlook for USDJPY below: The instrument tests an important psychological level 149.78 Bias - Bearish —— Target - 148.57 Recommended Stop Loss - 150.43 —— #USDJPY 💹Time Frame : 12H (signal) 🍀;148.57
EURGBP Under Pressure! SELL! 👩🏼‍💻My dear subscribers, EURGBP looks like it will make a good move, and here are the details: The market is trading on 0.8675 pivot level. Bias - Bearish Target - 0.8657  #EURGBP 💹Time Frame : 1H (forecast) 🍀;0.8657
EURAUD Technical Analysis! SELL! 👩🏼‍💻My dear followers, This is my opinion on the EURAUD next move: The asset is approaching an important pivot point 1.6598 Bias - Bearish Goal - 1.6479  #EURAUD 💹Time Frame : 5H (forecast) 🍀;1.6479
GOLD My Opinion! BUY! 👩🏼‍💻My dear followers, This is my opinion on the GOLD next move: The asset is approaching an important pivot point 1826.4 Bias -Bullish - Safe Stop Loss - 1808.8 Goal - 1862.3 —— #GOLD 💹Time Frame : 8H (signal) 🍀;1862.3
NZDUSD Set To Grow! BUY! 👩🏼‍💻My dear subscribers, NZDUSD looks like it will make a good move, and here are the details: The market is trading on 0.5901 pivot level. Bias -Bullish —— My Stop Loss - 0.5878 Target - 0.5941  #NZDUSD 💹Time Frame : 11H (forecast) —— 🤍 Get Exclusive Signals in My VIP 👉 Contact Me - AnabelContact 🤍;0.5941
EURUSD A Fall Expected! SELL! 👩🏼‍💻My dear followers, This is my opinion on the EURUSD next move: The asset is approaching an important pivot point 1.0508 Bias - Bearish Goal - 1.0454  #EURUSD 💹Time Frame : 1H (forecast) 🍀;1.0454
EURNZD Trading Opportunity! SELL! 👩🏼‍💻My dear subscribers, EURNZD looks like it will make a good move, and here are the details: The market is trading on 1.7810 pivot level. Bias - Bearish Target - 1.7688  #EURNZD 💹Time Frame : 5H (forecast) 🍀;1.7688
CHFJPY Will Explode! BUY! 👩🏼‍💻My dear friends, My technical analysis for CHFJPY is below: The market is trading on 162.25 pivot level. Bias - Bullish  Target - 167.17 Recommended Stop Loss - 161.71 —— #CHFJPY 💹Time Frame : 8H (signal) 🍀;167.17
EURJPY The Target Is UP! BUY! 👩🏼‍💻My dear friends, Please, find my technical outlook for EURJPY below: The price is coiling around a solid key level - 156.47 Bias - Bullish  Goal - 157.47 Safe Stop Loss - 155.92 —— 💐 #EURJPY 💹Time Frame : 12H (signal) — Join My Premium Channel NOW 💜 ❤️ Contact Me Now - AnabelContact 💙;157.47
NZDCAD What Next? SELL! 👩🏼‍💻My dear friends, Please, find my technical outlook for NZDCAD below: The price is coiling around a solid key level - 0.8160 Bias - Bearish Goal - 0.8110  #NZDCAD 💹Time Frame : 5H (forecast) 🍀;0.8110
EURCHF Massive Long! BUY! 👩🏼‍💻My dear subscribers, This is my opinion on the EURCHF next move: The instrument tests an important psychological level 0.9635 Bias - Bullish  Target -  0.9666 My Stop Loss - 0.9616 —— #EURCHF 💹Time Frame : 8H (signal) 🍀;0.9666
EURCAD My Opinion! SELL! 👩🏼‍💻My dear friends, EURCAD looks like it will make a good move, and here are the details: The market is trading on 1.4470 pivot level. Bias - Bearish  Goal - 1.4334 Recommended Stop Loss - 1.4555 —— #EURCAD 💹Time Frame : 12H (signal) 🍀;1.4334
EURUSD Will Collapse! SELL! 👩🏼‍💻My dear subscribers, This is my opinion on the EURUSD next move: The instrument tests an important psychological level 1.0559 Bias - Bearish Target - 1.0518  #EURUSD 💹Time Frame : 1H (forecast) 🍀;1.0518
USDCHF Technical Analysis! BUY! 👩🏼‍💻My dear friends, USDCHF looks like it will make a good move, and here are the details: The market is trading on 0.9123 pivot level. Bias - Bullish Goal - 0.9174 — 💐 #USDCHF 💹Time Frame : 4H (forecast) 🍀;0.9174
GBPAUD The Target Is DOWN! SELL! 👩🏼‍💻My dear followers, I analysed this chart on GBPAUD and concluded the following: The market is trading on 1.9195 pivot level. Bias - Bearish  Target - 1.9039 Safe Stop Loss - 1.9287 —— #GBPAUD 💹Time Frame : 8H (signal) 🍀;1.9039
GBPCAD Buyers In Panic! SELL! 👩🏼‍💻My dear subscribers, My technical analysis for GBPCAD is below: The price is coiling around a solid key level - 1.6754 Bias - Bearish  Goal - 1.6546 My Stop Loss - 1.6865 —— #GBPCAD 💹Time Frame : 12H (signal) —— 💬 My Contact  - AnabelContact 🥳 ❤ Join My VIP Group ❤️;1.6546
GOLD Massive Short! SELL! 👩🏼‍💻My dear followers, I analysed this chart on GOLD and concluded the following: The market is trading on 1832.0 pivot level. Bias - Bearish Target - 1823.5  #GOLD 💹Time Frame : 1H (forecast) 🍀;1823.5
GBPUSD Technical Analysis! SELL! 👩🏼‍💻My dear friends, Please, find my technical outlook for GBPUSD below: The instrument tests an important psychological level 1.2235 Bias - Bearish  Target - 1.2133 Recommended Stop Loss - 1.2295 —— #GBPUSD 💹Time Frame : 8H (signal) 🍀;1.2133
USDCHF Expected Growth! BUY! 👩🏼‍💻My dear followers, This is my opinion on the USDCHF next move: The asset is approaching an important pivot point 0.9096 Bias - Bullish  Safe Stop Loss - 0.9057 Goal - 0.9166 —— #USDCHF 💹Time Frame : 10H (signal) 🍀;0.9166
EURUSD A Fall Expected! SELL! 👩🏼‍💻My dear friends, Please, find my technical outlook for EURUSD below: The instrument tests an important psychological level 1.0584 Bias - Bearish Target - 1.0555  #EURUSD 💹Time Frame : 1H (forecast) 🍀;1.0555
QQQ Trading Opportunity! SELL! 👩🏼‍💻My dear followers, This is my opinion on the QQQ next move: The asset is approaching an important pivot point 364.69 Bias - Bearish Goal - 358.52  #QQQ 💹Time Frame : 5H (forecast) 🍀;358.52
GBPJPY What Next? SELL! 👩🏼‍💻My dear subscribers, GBPJPY looks like it will make a good move, and here are the details: The market is trading on 182.62 pivot level. Bias - Bearish  My Stop Loss - 183.18 Target - 181.32 —— #GBPJPY 💹Time Frame : 8H (signal) 🍀;181.32
NZDJPY My Opinion! SELL! 👩🏼‍💻My dear friends, My technical analysis for NZDJPY is below: The market is trading on 89.434 pivot level. Bias - Bearish  Target - 88.683 Recommended Stop Loss - 89.878 —— #NZDJPY 💹Time Frame : 12H (signal) — 😇 About My VIP Signals 💬 My Contact  - AnabelContact ❤️;88.683
GOLD USD Set To Fall! SELL! 👩🏼‍💻My dear followers, This is my opinion on the GOLD next move: The asset is approaching an important pivot point 1846.5 Bias - Bearish Goal - 1833.4  #GOLD 💹Time Frame : 2H (forecast) 🍀;1833.4
NZDUSD Will Collapse! SELL! 👩🏼‍💻My dear subscribers, NZDUSD looks like it will make a good move, and here are the details: The market is trading on 0.6001 pivot level. Bias - Bearish Target - 0.5941  #NZDUSD 💹Time Frame : 5H (forecast) 🍀;0.5941
CHFJPY The Target Is DOWN! SELL! 👩🏼‍💻My dear subscribers, What is your opinion on this pair, Friends?My dear subscribers, This is my opinion on the CHFJPY next move: The instrument tests an important psychological level 163.70 Bias - Bearish  Target - 162.74 My Stop Loss - 164.25 —— #CHFJPY 💹Time Frame : 12H (signal) 🍀;162.74
CHFJPY The Target Is DOWN! SELL! 👩🏼‍💻My dear subscribers, This is my opinion on the CHFJPY next move: The instrument tests an important psychological level 163.70 Bias - Bearish  Target - 162.74 My Stop Loss - 164.25 —— #CHFJPY 💹Time Frame : 12H (signal) 🍀;162.74
EURUSD Buyers In Panic! SELL! 👩🏼‍💻My dear friends, My technical analysis for EURUSD is below: The market is trading on 1.0588 pivot level. Bias - Bearish Target - 1.0543  #EURUSD 💹Time Frame : 4H (forecast) 🍀;1.0543
USDCAD Trading Opportunity! BUY! 👩🏼‍💻My dear friends, Please, find my technical outlook for USDCAD below: The price is coiling around a solid key level - 1.3596 Bias - Bullish Goal - 1.3685  #USDCAD 💹Time Frame : 5H (forecast) 🍀;1.3685
EURGBP What Next? BUY! 👩🏼‍💻My dear friends, EURGBP looks like it will make a good move, and here are the details: The market is trading on 0.8647 pivot level. Bias -Bullish —— Goal - 0.8676 Recommended Stop Loss - 0.8632 —— #EURGBP 💹Time Frame : 8H (signal) 🍀;0.8676
GBPUSD Buyers In Panic! SELL! 👩🏼‍💻My dear followers, I analysed this chart on GBPUSD and concluded the following: The market is trading on 1.2262 pivot level. Bias - Bearish  Target - 1.2163 Safe Stop Loss - 1.2313 —— #GBPUSD 💹Time Frame : 12H (signal) —— 🤍 Get Exclusive Signals in My VIP 👉 Contact Me - AnabelContact 🤍;1.2163
SILVER Massive Short! SELL! 👩🏼‍💻My dear subscribers, This is my opinion on the SILVER next move: The instrument tests an important psychological level 22.0870 Bias - Bearish Target - 21.8729  #SILVER 💹Time Frame : 1H (forecast) 🍀;21.8729
CADCHF My Opinion! BUY! 👩🏼‍💻My dear friends, CADCHF looks like it will make a good move, and here are the details: The market is trading on 0.6637 pivot level. Bias - Bullish Goal - 0.6712  #CADCHF 💹Time Frame : 5H (forecast) 🍀;0.6712
NZDCAD Under Pressure! SELL! 👩🏼‍💻My dear subscribers, My technical analysis for NZDCAD is below: The price is coiling around a solid key level - 0. 8183 Bias - Bearish  Goal - 0.8132 My Stop Loss - 0.8212 —— #NZDCAD 💹Time Frame : 8H (signal) 🍀;0.8132
GBPJPY Technical Analysis! SELL! 👩🏼‍💻My dear friends, Please, find my technical outlook for GBPJPY below: The instrument tests an important psychological level 183.59 Bias - Bearish  Target - 182.18 Recommended Stop Loss - 184.40 —— #GBPJPY 💹Time Frame : 12H (signal) 🍀;182.18
#EURUSD Set To Grow! BUY! 👩🏼‍💻My dear friends, Please, find my technical outlook for EURUSD below: The price is coiling around a solid key level - 1.0550 Bias - Bullish Goal - 1.0611  #EURUSD 💹Time Frame : 2H (forecast) 🍀;1.0611
USDJPY A Fall Expected! SELL! 👩🏼‍💻My dear subscribers, This is my opinion on the USDJPY next move: The instrument tests an important psychological level 149.63 Bias - Bearish Target - 148.96  #USDJPY 💹Time Frame : 5H (forecast) 🍀;148.96
EURGBP Will Explode! BUY! 👩🏼‍💻My dear followers, This is my opinion on the EURGBP next move: The asset is approaching an important pivot point 0.8635 Bias - Bullish  Safe Stop Loss - 0.8618 Goal - 0.8663 —— #EURGBP 💹Time Frame : 8H (signal) 🍀;0.8663
USDCHF The Target Is UP! BUY! 👩🏼‍💻My dear friends, My technical analysis for USDCHF is below: The market is trading on 0.9062 pivot level. Bias - Bullish  Target - 0.9138 Recommended Stop Loss - 0.9013 —— #USDCHF 💹Time Frame : 12H (signal) — Join My Premium Channel NOW 💜 ❤️ Contact Me Now - AnabelContact 💙;0.9138
GOLD Trading Opportunity! SELL! 👩🏼‍💻My dear friends, GOLD looks like it will make a good move, and here are the details: The market is trading on 1893.7 pivot level. Bias - Bearish Goal - 1871.3  #GOLD 💹Time Frame : 3H (forecast) 🍀;1871.3
NZDCHF The Target Is UP! BUY! 👩🏼‍💻My dear followers, I analysed this chart on NZDCHF and concluded the following: The market is trading on 0.5356 pivot level. Bias - Bullish Target - 0.5427  #NZDCHF 💹Time Frame : 5H (forecast) 🍀;0.5427
EURCHF Sellers In Panic! BUY! 👩🏼‍💻My dear friends, Please, find my technical outlook for EURCHF below: The price is coiling around a solid key level - 0.9539 Bias - Bullish —— Goal - 0.9582 Safe Stop Loss - 0.9518 —— #EURCHF 💹Time Frame : 8H (signal) 🍀;0.9582
EURNZD What Next? SELL! 👩🏼‍💻My dear subscribers, This is my opinion on the EURNZD next move: The instrument tests an important psychological level 1.7807 Bias - Bearish  Target - 1.7650 My Stop Loss - 1.7893 —— #EURNZD 💹Time Frame : 12H (signal) 🍀;1.7650
EURUSD Sellers In Panic! BUY! 👩🏼‍💻My dear friends, Please, find my technical outlook for EURUSD below: The instrument tests an important psychological level 1.0506 Bias - Bullish Target - 1.0571  #EURUSD 💹Time Frame : 5H (forecast) 🍀;1.0571
APPLE My Opinion! SELL! 👩🏼‍💻My dear friends, APPLE looks like it will make a good move, and here are the details: The market is trading on 178.89 pivot level. Bias - Bearish  Goal - 174.99 Recommended Stop Loss - 181.47 —— #APPLE 💹Time Frame : 8H (signal) 🍀;174.99
EURCAD Massive Long! BUY! 👩🏼‍💻My dear followers, I analysed this chart on EURCAD and concluded the following: The market is trading on 1.4350 pivot level. Bias -Bullish  Target - 1.4413 Safe Stop Loss - 1.4317  #EURCAD 💹Time Frame : 11H (signal) —— 💬 My Contact  - AnabelContact 🥳 ❤ Join My VIP Group ❤️;1.4413
SILVER Set To Fall! SELL! 👩🏼‍💻My dear followers, This is my opinion on the SILVER next move: The asset is approaching an important pivot point 22.7010 Bias - Bearish Goal - 22.0726  #SILVER 💹Time Frame : 3H (forecast) 🍀;22.0726
NZDUSD Technical Analysis! BUY! 👩🏼‍💻My dear subscribers, NZDUSD looks like it will make a good move, and here are the details: The market is trading on 0.5882 pivot level. Bias - Bullish Target - 0.5966  #NZDUSD 💹Time Frame : 5H (forecast) 🍀;0.5966
AUDUSD Expected Growth! BUY! 👩🏼‍💻My dear subscribers, My technical analysis for AUDUSD is below: The price is coiling around a solid key level - 0.6295 Bias - Bullish  Goal - 0.6355 My Stop Loss - 0.6264 —— #AUDUSD 💹Time Frame : 8H (signal) 🍀;0.6355
GBPAUD Trading Opportunity! BUY! 👩🏼‍💻My dear friends, My technical analysis for GBPAUD is below: The market is trading on 1.9234 pivot level. Bias -Bullish Target - 1.9279  #GBPAUD 💹Time Frame : 2H (forecast) 🍀;1.9279
AUDNZD Will Collapse! SELL! 👩🏼‍💻My dear friends, Please, find my technical outlook for AUDNZD below: The price is coiling around a solid key level - 1.0683 Bias - Bearish Goal - 1.0622  #AUDNZD 💹Time Frame : 6H (forecast) 🍀;1.0622
EURUSD What Next? BUY! 👩🏼‍💻My dear followers, This is my opinion on the EURUSD next move: The asset is approaching an important pivot point 1.0532 Bias - Bullish  Safe Stop Loss - 1.0511 Goal - 1.0570 —— #EURUSD 💹Time Frame : 8H (signal) 🍀;1.0570
EURGBP The Target Is DOWN! SELL! 👩🏼‍💻My dear subscribers, EURGBP looks like it will make a good move, and here are the details: The market is trading on 0.8653 pivot level. Bias - Bearish  My Stop Loss - 0.8666 Target - 0.8630  💐 #EURGBP 💹Time Frame : 11H (signal) —— 🤍 Get Exclusive Signals in My VIP 👉 Contact Me - AnabelContact 🤍;0.8630
GBPJPY My Opinion! BUY! 👩🏼‍💻My dear subscribers, This is my opinion on the GBPJPY next move: The instrument tests an important psychological level 181.94 Bias - Bullish Target - 182.33  #GBPJPY 💹Time Frame : 1H (forecast) 🍀;182.33
GBPCHF Set To Grow! BUY! 👩🏼‍💻My dear friends, GBPCHF looks like it will make a good move, and here are the details: The market is trading on 1.0962 pivot level. Bias - Bullish Goal - 1.1045  #GBPCHF 💹Time Frame : 6H (forecast) 🍀;1.1045
CADCHF Will Explode! BUY! 👩🏼‍💻My dear friends, My technical analysis for CADCHF is below: The market is trading on 0.6601 pivot level. Bias - Bullish —— Target - 0.6652 Recommended Stop Loss - 0.6571 —— #CADCHF 💹Time Frame : 8H (signal) 🍀;0.6652
SILVER Buyers In Panic! SELL! 👩🏼‍💻My dear friends, Please, find my technical outlook for SILVER below: The price is coiling around a solid key level - 22.8833 Bias - Bearish  Goal - 22.016 Safe Stop Loss - 23.334 —— #SILVER 💹Time Frame : 12H (signal) 🍀;22.016
EURUSD Massive Short! SELL! 👩🏼‍💻My dear followers, I analysed this chart on EURUSD and concluded the following: The market is trading on 1.0558 pivot level. Bias - Bearish Target - 1.0506  #EURUSD 💹Time Frame : 4H (forecast) 🍀;1.0506
GBPAUD The Target Is UP! BUY! 👩🏼‍💻My dear subscribers, My technical analysis for GBPAUD is below: The price is coiling around a solid key level - 1.9127 Bias - Bullish Goal - 1.9210  #GBPAUD 💹Time Frame : 5H (forecast) 🍀;1.9210
CHFJPY Under Pressure! SELL! 👩🏼‍💻My dear subscribers, This is my opinion on the CHFJPY next move: The instrument tests an important psychological level 166.46 Bias - Bearish  Target - 165.15 My Stop Loss - 167.05 —— #CHFJPY 💹Time Frame : 8H (signal) 🍀;165.15
EURNZD Technical Analysis! SELL! 👩🏼‍💻My dear subscribers, This is my opinion on the EURNZD next move: The instrument tests an important psychological level 1.7944 Bias - Bearish  Target - 1.7762 My Stop Loss - 1.8053 —— #EURNZD 💹Time Frame : 12H (signal) —— Join My Premium Channel NOW 💜 ❤️ Contact Me Now - AnabelContact 💙;1.7762
GOLD A Fall Expected! SELL! 👩🏼‍💻My dear friends, Please, find my technical outlook for GOLD below: The instrument tests an important psychological level 1955.2 Bias - Bearish Target - 1944.5  #GOLD 💹Time Frame : 1H (forecast) 🍀;1944.5
GBPJPY Sellers In Panic! BUY! 👩🏼‍💻My dear subscribers, GBPJPY looks like it will make a good move, and here are the details: The market is trading on 181.95 pivot level. Bias - Bullish Target - 182.84 — 💐 #GBPCHF 💹Time Frame : 5H (forecast) 🍀;182.84
USDCHF Massive Long! BUY! 👩🏼‍💻My dear friends, USDCHF looks like it will make a good move, and here are the details: The market is trading on 0.8962 pivot level. Bias -Bullish —— Goal - 0.9026 Recommended Stop Loss - 0.8930 —— #USDCHF 💹Time Frame : 8H (signal) 🍀;0.9026
EURCAD What Next? SELL! 👩🏼‍💻My dear followers, I analysed this chart on EURCAD and concluded the following: The market is trading on 1.4508 pivot level. Bias - Bearish  Target - 1.4409 Safe Stop Loss - 1.4558 —— #EURCAD 💹Time Frame : 12H (signal) 🍀;1.4409
GBPAUD My Opinion! SELL! 👩🏼‍💻My dear friends, My technical analysis for GBPAUD is below: The market is trading on 1.9236 pivot level. Bias - Bearish Target - 1.9201  #GBPAUD 💹Time Frame : 1H (forecast) 🍀;1.9201
EURUSD Set To Fall! SELL! 👩🏼‍💻My dear friends , Please, find my technical outlook for EURUSD below: The price is coiling around a solid key level - 1.0576 Bias - Bearish Goal - 1.0543  #EURUSD 💹Time Frame : 5H (forecast) 🍀;1.0543
EURJPY Will Collapse! SELL! 👩🏼‍💻My dear subscribers, My technical analysis for EURJPY is below: The price is coiling around a solid key level - 158.83 Bias - Bearish —— Goal - 158.13 My Stop Loss - 159.18 —— #EURJPY 💹Time Frame : 8H (signal) 🍀;158.13
CADCHF Technical Analysis! BUY! 👩🏼‍💻My dear friends, Please, find my technical outlook for CADCHF below: The instrument tests an important psychological level 0.6510 Bias - Bullish —— Target - 0.6603 Recommended Stop Loss - 0.6464 —— #CADCHF 💹Time Frame : 12H (signal) —— 💬 My Contact  - AnabelContact 🥳 ❤ Join My VIP Group ❤️;0.6603
QQQ Expected Growth! BUY! 👩🏼‍💻My dear subscribers, This is my opinion on the QQQ next move: The instrument tests an important psychological level 354.62 Bias - Bullish Target - 362.20  #QQQ 💹Time Frame : 1H (forecast) 🍀;362.20
GOLD The Target Is DOWN! SELL! 👩🏼‍💻My dear friends, GOLD looks like it will make a good move, and here are the details: The market is trading on 1980.9 pivot level. Bias - Bearish Goal - 1946.8  #GOLD 💹Time Frame : 5H (forecast) 🍀;1946.8
USDCHF On The Rise! BUY! 👩🏼‍💻My dear followers, This is my opinion on the USDCHF next move: The asset is approaching an important pivot point 0.8921 Bias - Bullish  Safe Stop Loss - 0.8881 Goal - 0.9007 —— #USDCHF 💹Time Frame : 8H (signal) 🍀;0.9007
SPY Trading Opportunity! BUY! 👩🏼‍💻My dear subscribers, SPY looks like it will make a good move, and here are the details: The market is trading on 421.20 pivot level. Bias - Bullish  My Stop Loss - 416.29 Target - 430.33 —— #SPY 💹Time Frame : 12H (signal) 🍀;430.33
APPLE What Next? BUY! 👩🏼‍💻My dear followers, I analysed this chart on APPLE and concluded the following: The market is trading on 172.87 pivot level. Bias - Bullish Target - 175.72  #APPLE 💹Time Frame : 1H (forecast) 🍀;175.72
EURUSD The Target Is DOWN! SELL! 👩🏼‍💻My dear friends, My technical analysis for EURUSD is below: The market is trading on 1.0593 pivot level. Bias - Bearish  Target - 1.0555 Recommended Stop Loss - 1.0614 —— #EURUSD 💹Time Frame : 8H (signal) 🍀;1.0555
EURAUD Buyers In Panic! SELL! 👩🏼‍💻My dear friends, Please, find my technical outlook for EURAUD below: The price is coiling around a solid key level - 1.6770 Bias - Bearish —— Goal - 1.6649 Safe Stop Loss - 1.6837 —— #EURAUD 💹Time Frame : 12H (signal) —— 😇 About My VIP Signals 💬 My Contact  - AnabelContact ❤️;1.6649
GBPAUD Massive Short! SELL! 👩🏼‍💻My dear followers, This is my opinion on the GBPAUD next move: The asset is approaching an important pivot point 1.9290 Bias - Bearish Goal - 1.9255  #GBPAUD 💹Time Frame : 1H (forecast) 🍀;1.9255
EURJPY Under Pressure! SELL! 👩🏼‍💻My dear subscribers, EURJPY looks like it will make a good move, and here are the details: The market is trading on 158.90 pivot level. Bias - Bearish Target - 158.31  #EURJPY 💹Time Frame : 5H (forecast) 🍀;158.31
SILVER Technical Analysis! SELL! 👩🏼‍💻My dear subscribers, This is my opinion on the SILVER next move: The instrument tests an important psychological level 23.2055 Bias - Bearish  Target - 22.676 My Stop Loss - 23.517 —— #SILVER 💹Time Frame : 8H (signal) 🍀;22.676
USDCHF Will Explode! BUY! 👩🏼‍💻My dear friends, USDCHF looks like it will make a good move, and here are the details: The market is trading on 0.8922 pivot level. Bias - Bullish  Goal - 0.9009 Recommended Stop Loss - 0.8881 — #SILVER 💹Time Frame : 12H (signal) 🍀;0.9009
EURUSD The Target Is UP! BUY! 👩🏼‍💻My dear friends, My technical analysis for EURUSD is below: The market is trading on 1.0614 pivot level. Bias - Bullish Target - 1.0654  #EURUSD 💹Time Frame : 1H (forecast) 🍀;1.0654
AUDCAD A Fall Expected! SELL! 👩🏼‍💻My dear friends, Please, find my technical outlook for AUDCAD below: The price is coiling around a solid key level - 0.8724 Bias - Bearish Goal - 0.8674  #AUDCAD 💹Time Frame : 5H (forecast) 🍀;0.8674
AUDJPY What Next? SELL! 👩🏼‍💻My dear subscribers, My technical analysis for AUDJPY is below: The price is coiling around a solid key level - 95.300 Bias - Bearish  Goal - 94.661 My Stop Loss - 95.677 —— #AUDJPY 💹Time Frame : 8H (signal) 🍀;94.661
EURCAD My Opinion! SELL! 👩🏼‍💻My dear friends, Please, find my technical outlook for EURCAD below: The instrument tests an important psychological level 1.4550 Bias - Bearish  Target - 1.4450 Recommended Stop Loss - 1.4605 —— #EURCAD 💹Time Frame : 12H (signal) —— 🤍 Get Exclusive Signals in My VIP 👉 Contact Me - AnabelContact 🤍;1.4450
SILVER Sellers In Panic! BUY! 👩🏼‍💻My dear subscribers, This is my opinion on the SILVER next move: The instrument tests an important psychological level 22.772 Bias - Bullish Target - 23.009  #SILVER 💹Time Frame : 1H (forecast) 🍀;23.009
NZDJPY Massive Long! BUY! 👩🏼‍💻My dear friends, NZDJPY looks like it will make a good move, and here are the details: The market is trading on 87.248 pivot level. Bias - Bullish Goal - 87.923  #AUDCAD 💹Time Frame : 5H (forecast) 🍀;87.923
AUDNZD My Opinion! SELL! 👩🏼‍💻My dear followers, This is my opinion on the AUDNZD next move: The asset is approaching an important pivot point 1.0874 Bias - Bearish  Goal - 1.0825 Safe Stop Loss - 1.0906 —— #AUDNZD 💹Time Frame : 8H (signal) 🍀;1.0825
USDCAD Set To Fall! SELL! 👩🏼‍💻My dear subscribers, USDCAD looks like it will make a good move, and here are the details: The market is trading on 1.3778 pivot level. Bias - Bearish  My Stop Loss - 1.3824 Target - 1.3689 —— #USDCAD 💹Time Frame : 12H (signal) 🍀;1.3689
EURUSD Technical Analysis! BUY! 👩🏼‍💻My dear followers, I analysed this chart on EURUSD and concluded the following: The market is trading on 1.0545 pivot level. Bias - Bullish Target - 1.0598  #EURUSD 💹Time Frame : 4H (forecast) 🍀;1.0598
CADJPY Expected Growth! BUY! 👩🏼‍💻My dear subscribers, My technical analysis for CADJPY is below: The price is coiling around a solid key level - 108.69 Bias - Bullish Goal - 109.12  #CADJPY 💹Time Frame : 5H (forecast) 🍀;109.12
GBPUSD Trading Opportunity! BUY! 👩🏼‍💻My dear friends, Please, find my technical outlook for GBPUSD below: The price is coiling around a solid key level - 1.2108 Bias - Bullish —— Goal - 1.2180 Safe Stop Loss - 1.2073 —— #GBPUSD 💹Time Frame : 12H (signal) —— Join My Premium Channel NOW 💜 ❤️ Contact Me Now - AnabelContact 💙;1.2180
GOLD Will Collapse! SELL! 👩🏼‍💻My dear friends, Please, find my technical outlook for GOLD below: The instrument tests an important psychological level 1985.9 Bias - Bearish Target - 1966.1  #GOLD 💹Time Frame : 4H (forecast) 🍀;1966.1
AUDCHF The Target Is DOWN! SELL! 👩🏼‍💻My dear followers, This is my opinion on the AUDCHF next move: The asset is approaching an important pivot point 0.5717 Bias - Bearish Goal - 0.5674  #AUDCHF 💹Time Frame : 5H (forecast) 🍀;0.5674
GBPCAD Buyers In Panic! SELL! 👩🏼‍💻My dear friends, GBPCAD looks like it will make a good move, and here are the details: The market is trading on 1.6739 pivot level. Bias - Bearish  Goal - 1.6688 Recommended Stop Loss - 1.6763 —— #GBPCAD 💹Time Frame : 8H (signal) 🍀;1.6688
USDCAD Massive Short! SELL! 👩🏼‍💻My dear followers, I analysed this chart on EUR/USD and concluded the following: The market is trading on 1.3817 pivot level. Bias - Bearish  Target - 1.3726 Safe Stop Loss - 1.3860 —— #USDCAD 💹Time Frame : 12H (signal) 🍀;1.3726
SILVER Under Pressure! SELL! 👩🏼‍💻My dear subscribers, SILVER looks like it will make a good move, and here are the details: The market is trading on 23.100 pivot level. Bias - Bearish Target - 22.859  #SILVER 💹Time Frame : 1H (forecast) 🍀;22.859
SPY What Next? BUY! 👩🏼‍💻My dear friends, My technical analysis for SPY is below: The market is trading on 410.72 pivot level. Bias - Bearish Target - 426.92  #SPY 💹Time Frame : 5H (forecast) 🍀;426.92
EURCAD Technical Analysis! SELL! 👩🏼‍💻My dear subscribers, This is my opinion on the EURCAD next move: The instrument tests an important psychological level 1.4647 Bias - Bearish  Target - 1.4557 My Stop Loss - 1.4698 —— #EURCAD 💹Time Frame : 8H (signal) 🍀;1.4557
APPLE My Opinion! BUY! 👩🏼‍💻My dear subscribers, My technical analysis for APPLE is below: The price is coiling around a solid key level - 168.28 Bias - Bullish  Goal - 174.06 My Stop Loss - 165.07 —— #APPLE 💹Time Frame : 11H (signal) —— 💬 My Contact  - AnabelContact 🥳 ❤ Join My VIP Group ❤️;174.06
GOLD A Fall Expected! SELL! 👩🏼‍💻My dear friends, Please, find my technical outlook for GOLD below: The price is coiling around a solid key level - 2006.0 . Bias - Bearish Goal - 1983.5  #GOLD 💹Time Frame : 3H (forecast) 🍀;1983.5
QQQ Set To Grow! BUY! 👩🏼‍💻My dear subscribers, This is my opinion on the QQQ next move: The instrument tests an important psychological level 345.41 Bias - Bullish Target - 357.62  #QQQ 💹Time Frame : 6H (forecast) 🍀;357.62
USDCHF Trading Opportunity! SELL! 👩🏼‍💻My dear friends, Please, find my technical outlook for USDCHF below: The instrument tests an important psychological level 0.9024 Bias - Bearish —— Target - 0.8962 Recommended Stop Loss - 0.9057 —— #USDCHF 💹Time Frame : 8H (signal) 🍀;0.8962
EURUSD My Opinion! SELL! 👩🏼‍💻My dear friends, EURUSD looks like it will make a good move, and here are the details: The market is trading on 1.0580 pivot level. Bias - Bearish Goal - 1.0561  #EURUSD 💹Time Frame : 1H (forecast) 🍀;1.0561
GBPCAD Set To Fall! SELL! 👩🏼‍💻My dear followers, I analysed this chart on GBPCAD and concluded the following: The market is trading on 1.6776 pivot level. Bias - Bearish Target - 1.6730  #GBPCAD 💹Time Frame : 5H (forecast) 🍀;1.6730
GBPJPY Will Explode! BUY! 👩🏼‍💻My dear subscribers, GBPJPY looks like it will make a good move, and here are the details: The market is trading on 181.70 pivot level. Bias - Bullish — My Stop Loss - 181.35 Target - 182.32 —— #GBPJPY 💹Time Frame : 8H (signal) 🍀;182.32
EURCHF Will Collapse! SELL! 👩🏼‍💻My dear friends, My technical analysis for EURCHF is below: The market is trading on 0.9562 pivot level. Bias - Bearish  Target - 0.9501 Recommended Stop Loss - 0.9593 —— #EURCHF 💹Time Frame : 12H (signal) —— 😇 About My VIP Signals 💬 My Contact  - AnabelContact ❤️;0.9501
NZDUSD The Target Is UP! BUY! 👩🏼‍💻My dear subscribers, My technical analysis for NZDUSD is below: The price is coiling around a solid key level - 0.5819 Bias - Bullish Goal - 0.5836  #NZDUSD 💹Time Frame : 1H (forecast) 🍀;0.5836
SILVER The Target Is DOWN! SELL! 👩🏼‍💻My dear friends, Please, find my technical outlook for SILVER below: The instrument tests an important psychological level 23.157 Bias - Bearish Target - 22.731  #SILVER 💹Time Frame : 5H (forecast) 🍀;22.731
NZDJPY Buyers In Panic! SELL! 👩🏼‍💻My dear friends, Please, find my technical outlook for NZDJPY below: The price is coiling around a solid key level - 87.929 Bias - Bearish  Goal - 87.351 Safe Stop Loss - 88.256 —— #NZDJPY 💹Time Frame : 8H (signal) 🍀;87.351
EURGBP Massive Short! SELL! 👩🏼‍💻My dear subscribers, This is my opinion on the EURGBP next move: The instrument tests an important psychological level 0.8734 Bias - Bearish — Target - 0.8704 My Stop Loss - 0.8749 —— #EURGBP 💹Time Frame : 12H (signal) 🍀;0.8704
EURUSD Sellers In Panic! BUY! 👩🏼‍💻My dear followers, This is my opinion on the EURUSD next move: The asset is approaching an important pivot point 1.0532 Bias - Bullish Goal - 1.0589  #EURUSD 💹Time Frame : 1H (forecast) 🍀;1.0589
USDCHF Under Pressure! SELL! 👩🏼‍💻My dear subscribers, USDCHF looks like it will make a good move, and here are the details: The market is trading on 0.9084 pivot level. Bias - Bearish Target - 0.9035  #USDCHF 💹Time Frame : 5H (forecast) 🍀;0.9035
EURNZD Massive Long! BUY! 👩🏼‍💻My dear friends, EURNZD looks like it will make a good move, and here are the details: The market is trading on 1.8050 pivot level. Bias - Bullish —— Goal - 1.8177 Recommended Stop Loss - 1.7968 —— #EURNZD 💹Time Frame : 8H (signal) 🍀;1.8177
GBPJPY Technical Analysis! SELL! 👩🏼‍💻My dear followers, I analysed this chart on GBPJPY and concluded the following: The market is trading on 183.52  pivot level. Bias - Bearish —— Target - 182.32 Safe Stop Loss - 184.03 —— #GBPJPY 💹Time Frame : 12H (signal) —— 🤍 Get Exclusive Signals in My VIP 👉 Contact Me - AnabelContact 🤍;182.32
GOLD A Fall Expected! SELL! 👩🏼‍💻My dear friends, My technical analysis for GOLD is below: The market is trading on 1988.7 pivot level. Bias - Bearish Target - 1983.2  #GOLD 💹Time Frame : 1H (forecast) 🍀;1983.2
GBPUSD Trading Opportunity! SELL! 👩🏼‍💻My dear friends, Please, find my technical outlook for GBPUSD below: The price is coiling around a solid key level - 1.2213 Bias - Bearish Goal - 1.2142  #GBPUSD 💹Time Frame : 5H (forecast) 🍀;1.2142
EURAUD Technical Analysis! BUY! 👩🏼‍💻My dear subscribers, My technical analysis for EURAUD is below: The price is coiling around a solid key level - 1.6532 Bias - Bullish —— Goal - 1.6627 My Stop Loss - 1.6473 —— #EURAUD 💹Time Frame : 8H (signal) 🍀;1.6627
NZDUSD What Next? SELL! 👩🏼‍💻My dear friends, Please, find my technical outlook for NZDUSD below: The instrument tests an important psychological level 0.5915 Bias - Bearish  Target - 0.5843 Recommended Stop Loss - 0.5948 —— #NZDUSD 💹Time Frame : 12H (signal) 🍀;0.5843
EURNZD Expected Growth! BUY! 👩🏼‍💻My dear subscribers, This is my opinion on the EURNZD next move: The instrument tests an important psychological level 1.7975 Bias - Bullish Target - 1.8017  #EURNZD 💹Time Frame : 1H (forecast) 🍀;1.8017
EURUSD My Opinion! SELL! 👩🏼‍💻My dear friends, EURUSD looks like it will make a good move, and here are the details: The market is trading on 1.0643 pivot level. Bias - Bearish Goal - 1.0595  #EURUSD 💹Time Frame : 5H (forecast) 🍀;1.0595
USDCAD On The Rise! BUY! 👩🏼‍💻My dear subscribers, USDCAD looks like it will make a good move, and here are the details: The market is trading on 1.3736 pivot level. Bias - Bullish — My Stop Loss - 1.3704 Target - 1.3808 —— #USDCAD 💹Time Frame : 8H (signal) 🍀;1.3808
EURJPY Set To Fall! SELL! 👩🏼‍💻My dear friends, My technical analysis for EURJPY is below: The market is trading on 159.90 pivot level. Bias - Bearish  Target - 159.01 Recommended Stop Loss - 160.39 —— #EURJPY 💹Time Frame : 12H (signal) —— Join My Premium Channel NOW 💜 ❤️ Contact Me Now - AnabelContact 💙;159.01
GOLD Will Collapse! SELL! 👩🏼‍💻My dear followers, I analysed this chart on GOLD and concluded the following: The market is trading on 1992.5 pivot level. Bias - Bearish Target - 1985.3  #GOLD 💹Time Frame : 3H (forecast) 🍀;1985.3
QQQ The Target Is DOWN! SELL! 👩🏼‍💻My dear subscribers, My technical analysis for QQQ is below: The price is coiling around a solid key level - 367.76 Bias - Bearish Goal - 355.75  #QQQ 💹Time Frame : 6H (forecast) 🍀;355.75
GBPCAD Buyers In Panic! SELL! 👩🏼‍💻My dear followers, This is my opinion on the GBPCAD next move: The asset is approaching an important pivot point 1.6896 Bias - Bearish — Safe Stop Loss - 1.6946 Goal - 1.6800 —— #GBPCAD 💹Time Frame : 8H (signal) 🍀;1.6800
GBPAUD Trading Opportunity! BUY! 👩🏼‍💻My dear friends, Please, find my technical outlook for GBPAUD below: The price is coiling around a solid key level - 1.8991 Bias - Bullish —— Goal - 1.9118 Safe Stop Loss - 1.8925 —— #GBPAUD 💹Time Frame : 12H (signal) 🍀;1.9118
EURUSD Massive Short! SELL! 👩🏼‍💻My dear friends, Please, find my technical outlook for EURUSD below: The instrument tests an important psychological level 1.0727 Bias - Bearish Target - 1.0640  #EURUSD 💹Time Frame : 2H (forecast) 🍀;1.0640
SPY Under Pressure! SELL! 👩🏼‍💻My dear followers, This is my opinion on the SPY next move: The asset is approaching an important pivot point 434.71 Bias - Bearish Goal - 424.71  #SPY 💹Time Frame : 6H (forecast) 🍀;424.71
AUDNZD What Next? BUY! 👩🏼‍💻My dear subscribers, This is my opinion on the AUDNZD next move: The instrument tests an important psychological level 1.0850 Bias - Bullish  Target - 1.0886 My Stop Loss - 1.0832 —— #AUDNZD 💹Time Frame : 8H (signal) 🍀;1.0886
USDCAD My Opinion! BUY! 👩🏼‍💻My dear friends, USDCAD looks like it will make a good move, and here are the details: The market is trading on 1.3653 pivot level. Bias - Bullish  Goal - 1.3728 Recommended Stop Loss - 1.3611 —— #USDCAD 💹Time Frame : 12H (signal) —— 💬 My Contact  - AnabelContact 🥳 ❤ Join My VIP Group ❤️;1.3728
SILVER Technical Analysis! SELL! 👩🏼‍💻My dear subscribers, SILVER looks like it will make a good move, and here are the details: The market is trading on 23.207 pivot level. Bias - Bearish Target - 22.9184  #SILVER 💹Time Frame : 4H (forecast) 🍀;22.9184
USDCHF Set To Grow! BUY! 👩🏼‍💻My dear friends, My technical analysis for USDCHF is below: The market is trading on 0.8977 pivot level. Bias - Bullish Target - 0.9037  #USDCHF 💹Time Frame : 5H (forecast) 🍀;0.9037
NZDCAD A Fall Expected! SELL! 👩🏼‍💻My dear followers, I analysed this chart on NZDCAD and concluded the following: The market is trading on 0.8157 pivot level. Bias - Bearish  Target - 0.8095 Safe Stop Loss - 0.8188 —— #NZDCAD 💹Time Frame : 8H (signal) 🍀;0.8095
EURNZD Will Explode! BUY! 👩🏼‍💻My dear subscribers, My technical analysis for EURNZD is below: The price is coiling around a solid key level - 1.7983 Bias - Bullish  Goal - 1.8129 My Stop Loss - 1.7897 —— #NZDCAD 💹Time Frame : 12H (signal) 🍀;1.8129
EURUSD Massive Long! BUY! 👩🏼‍💻My dear friends, Please, find my technical outlook for EURUSD below: The price is coiling around a solid key level - 1.0683 Bias - Bullish Goal - 1.0720  #EURUSD 💹Time Frame : 1H (forecast) 🍀;1.0720
CHFJPY Will Collapse! SELL! 👩🏼‍💻My dear subscribers, This is my opinion on the CHFJPY next move: The instrument tests an important psychological level 167.14 Bias - Bearish Target - 166.46  #CHFJPY 💹Time Frame : 5H (forecast) 🍀;166.46
GBPAUD The Target Is DOWN! SELL! 👩🏼‍💻My dear friends, Please, find my technical outlook for GBPAUD below: The instrument tests an important psychological level 1.9152 Bias - Bearish  Target - 1.9067 Recommended Stop Loss - 1.9201 —— #GBPAUD 💹Time Frame : 8H (signal) 🍀;1.9067
EURGBP Sellers In Panic! BUY! 👩🏼‍💻My dear followers, This is my opinion on the EURGBP next move: The asset is approaching an important pivot point 0.8688 Bias - Bullish  Safe Stop Loss - 0.8675 Goal - 0.8711  #EURGBP 💹Time Frame : 12H (signal) —— 😇 About My VIP Signals 💬 My Contact  - AnabelContact ❤️;0.8711
GBPCHF The Target Is UP! BUY! 👩🏼‍💻My dear friends, GBPCHF looks like it will make a good move, and here are the details: The market is trading on 1.1044 pivot level. Bias - Bullish Goal - 1.1063  #GBPCHF 💹Time Frame : 1H (forecast) 🍀;1.1063
GOLD  Will Explode! BUY! 👩🏼‍💻My dear followers, I analysed this chart on GOLD and concluded the following: The market is trading on 1961.1 pivot level. Bias - Bullish Target - 1978.5  #GOLD 💹Time Frame : 5H (forecast) 🍀;1978.5
AUDNZD Set To Grow! BUY! 👩🏼‍💻My dear subscribers, AUDNZD looks like it will make a good move, and here are the details: The market is trading on 1.0842 pivot level. Bias -Bullish  My Stop Loss - 1.0826 Target - 1.0877 —— #AUDNZD 💹Time Frame : 8H (signal) 🍀;1.0877
EURCAD Under Pressure! SELL! 👩🏼‍💻My dear friends, My technical analysis for EURCAD is below: The market is trading on 1.4750 pivot level. Bias - Bearish  Target - 1.4638 Recommended Stop Loss - 1.4815 —— #EURCAD 💹Time Frame : 12H (signal) 🍀;1.4638
EURUSD My Opinion! BUY! 👩🏼‍💻My dear subscribers, My technical analysis for EURUSD is below: The price is coiling around a solid key level - 1.0689 Bias -Bullish Goal - 1.0703  #EURUSD 💹Time Frame : 1H (forecast) 🍀;1.0703
CHFJPY Buyers In Panic! SELL! 👩🏼‍💻My dear friends, Please, find my technical outlook for CHFJPY below: The instrument tests an important psychological level 167.68 Bias - Bearish Target - 1.6689  #CHFJPY 💹Time Frame : 5H (forecast) 🍀;1.6689
USDJPY Technical Analysis! SELL! 👩🏼‍💻My dear friends, Please, find my technical outlook for USDJPY below: The price is coiling around a solid key level - 151.00 Bias - Bearish  Goal - 150.41 Safe Stop Loss - 151.34 —— #USDJPY 💹Time Frame : 8H (signal) 🍀;150.41
GBPCAD Massive Short! SELL! 👩🏼‍💻My dear subscribers, This is my opinion on the GBPCAD next move: The instrument tests an important psychological level 1.6909. Bias - Bearish — Target - 1.6829 My Stop Loss - 1.6945 —— #GBPCAD 💹Time Frame : 12H (signal) —— n My Premium Channel NOW 💜 ❤️ Contact Me Now - AnabelContact 💙;1.6829
SILVER What Next? BUY! 👩🏼‍💻My dear followers, This is my opinion on the SILVER next move: The asset is approaching an important pivot point 22.4515 Bias - Bullish Goal - 22.6637  #SILVER 💹Time Frame : 1H (forecast) 🍀;22.6637
AUDJPY Trading Opportunity! BUY! 👩🏼‍💻My dear subscribers, AUDJPY looks like it will make a good move, and here are the details: The market is trading on 96.312  pivot level. Bias - Bullish Target - 96.984  #AUDJPY 💹Time Frame : 5H (forecast) 🍀;96.984
EURJPY Set To Fall! SELL! 👩🏼‍💻My dear friends, EURJPY looks like it will make a good move, and here are the details: The market is trading on 161.70 pivot level. Bias - Bearish  Goal - 160.83 Recommended Stop Loss - 162.18 —— #EURJPY 💹Time Frame : 8H (signal) 🍀;160.83
EURGBP My Opinion! SELL! 👩🏼‍💻My dear followers, I analysed this chart on EURGBP and concluded the following: The market is trading on 0.8744 pivot level. Bias - Bearish — Target - 0.8712 Safe Stop Loss - 0.8762 —— #EURGBP 💹Time Frame : 12H (signal) 🍀;0.8712
EURUSD The Target Is DOWN! SELL! 👩🏼‍💻My dear friends, My technical analysis for EURUSD is below: The market is trading on 1.0684 pivot level. Bias - Bearish Target - 1.0660  #EURUSD 💹Time Frame : 1H (forecast) 🍀;1.0660
APPLE My Opinion! SELL! 👩🏼‍💻My dear friends, Please, find my technical outlook for APPLE below: The price is coiling around a solid key level - 186.38 . Bias - Bearish Goal - 177.64  #APPLE 💹Time Frame : 5H (forecast) 🍀;177.64
SPY Trading Opportunity! SELL! 👩🏼‍💻My dear friends, Please, find my technical outlook for SPY below: The instrument tests an important psychological level 44.065 Bias - Bearish  Target - 429.12 Recommended Stop Loss - 446.95 —— #SPY 💹Time Frame : 12H (signal) —— 💬 My Contact  - AnabelContact 🥳 ❤ Join My VIP Group ❤️;429.12
GOLD On The Rise! BUY! 👩🏼‍💻My dear subscribers, This is my opinion on the GOLD next move: The instrument tests an important psychological level 1938.3 Bias -Bullish Target - 1949.1  #GOLD 💹Time Frame : 1H (forecast) 🍀;1949.1
QQQ A Fall Expected! SELL! 👩🏼‍💻My dear friends, QQQ looks like it will make a good move, and here are the details: The market is trading on 378.39 pivot level. Bias - Bearish Goal - 362.70  #QQQ 💹Time Frame : 5H (forecast) 🍀;362.70
EURGBP Technical Analysis! SELL! 👩🏼‍💻 My dear subscribers, EURGBP looks like it will make a good move, and here are the details: The market is trading on 0.8737 pivot level. Bias - Bearish —— My Stop Loss - 0.8750 Target - 0.8708 —— #EURGBP 💹Time Frame : 12H (signal) —— 😇 About My VIP Signals 💬 My Contact  - AnabelContact ❤️;0.8708
EURUSD Massive Short! SELL! 👩🏼‍💻My dear subscribers, My technical analysis for EURUSD is below: The price is coiling around a solid key level - 1.0672 Bias - Bearish Goal - 1.0662  #EURUSD 💹Time Frame : 1H (forecast) 🍀;1.0662
USDJPY Under Pressure! SELL! 👩🏼‍💻My dear followers, I analysed this chart on USDJPY and concluded the following: The market is trading on 151.70 pivot level. Bias - Bearish Target - 150.95  #USDJPY 💹Time Frame : 5H (forecast) 🍀;150.95
GBPJPY Buyers In Panic! SELL! 👩🏼‍💻My dear subscribers, My technical analysis for GBPJPY is below: The price is coiling around a solid key level - 185.81 Bias - Bearish  Goal - 184.56 My Stop Loss - 186.42 —— #GBPJPY 💹Time Frame : 8H (signal) 🍀;184.56
EURCAD The Target Is DOWN! SELL! 👩🏼‍💻My dear friends, Please, find my technical outlook for EURCAD below: The instrument tests an important psychological level 1.4752 Bias - Bearish — Target - 1.4655 Recommended Stop Loss - 1.4806 —— #EURCAD 💹Time Frame : 12H (signal) 🍀;1.4655
CADJPY Technical Analysis! BUY! 👩🏼‍💻My dear friends, Please, find my technical outlook for CADJPY below: The instrument tests an important psychological level 109.69 Bias - Bullish Target - 109.88  #CADJPY 💹Time Frame : 1H (forecast) 🍀;109.88
GBPCHF Will Collapse! SELL! 👩🏼‍💻My dear followers, This is my opinion on the GBPCHF next move: The asset is approaching an important pivot point 1.1095 Bias - Bearish Goal - 1.1054  #GBPCHF 💹Time Frame : 5H (forecast) 🍀;1.1054
EURCHF Set To Fall! SELL! 👩🏼‍💻My dear followers, This is my opinion on the EURCHF next move: The asset is approaching an important pivot point 0.9665 Bias - Bearish — Safe Stop Loss - 0.9694 Goal - 0.9612 —— #EURCHF 💹Time Frame : 8H (signal) 🍀;0.9612
GOLD Massive Long! BUY! 👩🏼‍💻My dear subscribers, GOLD looks like it will make a good move, and here are the details: The market is trading on 1960.9 pivot level. Bias - Bullish  My Stop Loss - 1950.9 Target - 1979.7 —— #GOLD 💹Time Frame : 12H (signal) —— 🤍 Get Exclusive Signals in My VIP 👉 Contact Me - AnabelContact 🤍;1979.7
EURUSD My Opinion! SELL! 👩🏼‍💻My dear subscribers, EURUSD looks like it will make a good move, and here are the details: The market is trading on 1.0862 pivot level. Bias - Bearish Target - 1.0760  #EURUSD 💹Time Frame : 4H (forecast) 🍀;1.0760
GBPNZD Sellers In Panic! BUY! 👩🏼‍💻My dear friends, My technical analysis for GBPNZD is below: The market is trading on 2.0636 pivot level. Bias - Bullish Target - 2.0730  #GBPNZD 💹Time Frame : 5H (forecast) 🍀;2.0730
GBPJPY What Next? SELL! 👩🏼‍💻My dear friends, My technical analysis for GBPJPY is below: The market is trading on 187.40 pivot level. Bias - Bearish — Target - 185.59 Recommended Stop Loss - 188.38 —— #GBPJPY 💹Time Frame : 8H (signal) 🍀;185.59
USDCAD The Target Is UP! BUY! 👩🏼‍💻My dear friends, Please, find my technical outlook for USDCAD below: The price is coiling around a solid key level - 1.3671 Bias - Bullish  Goal - 1.3747 Safe Stop Loss - 1.3624 —— #USDCAD 💹Time Frame : 12H (signal) 🍀;1.3747
USDCHF Trading Opportunity! SELL! 👩🏼‍💻My dear friends, Please, find my technical outlook for USDCHF below: The price is coiling around a solid key level - 0.8886 Bias - Bearish Goal - 0.8877  #USDCHF 💹Time Frame : 1H (forecast) 🍀;0.8877
SILVER A Fall Expected! SELL! 👩🏼‍💻My dear subscribers, This is my opinion on the SILVER next move: The instrument tests an important psychological level 23.635 Bias - Bearish Target - 22.865  #SILVER 💹Time Frame : 5H (forecast) 🍀;22.865
EURCAD Technical Analysis! SELL! 👩🏼‍💻My dear subscribers, This is my opinion on the EURCAD next move: The instrument tests an important psychological level 1.4875 Bias - Bearish  Target - 1.4796 My Stop Loss - 1.4913 —— #EURCAD 💹Time Frame : 8H (signal);1.4796
EURCAD Technical Analysis! SELL! 👩🏼‍💻My dear subscribers, This is my opinion on the EURCAD next move: The instrument tests an important psychological level 1.4875 Bias - Bearish  Target - 1.4796 My Stop Loss - 1.4913 —— #EURCAD 💹Time Frame : 8H (signal) 🍀;1.4796
EURUSD Massive Short! SELL! 👩🏼‍💻My dear friends, EURUSD looks like it will make a good move, and here are the details: The market is trading on 1.0860 pivot level. Bias - Bearish Goal - 1.0847  #EURUSD 💹Time Frame : 1H (forecast) 🍀;1.0847
GBPAUD Will Explode! BUY! 👩🏼‍💻My dear followers, I analysed this chart on GBPAUD and concluded the following: The market is trading on 1.9123 pivot level. Bias - Bullish Target - 1.9183  #GBPAUD 💹Time Frame : 5H (forecast) 🍀;1.9183
AUDNZD Buyers In Panic! SELL! 👩🏼‍💻My dear followers, I analysed this chart on AUDNZD and concluded the following: The market is trading on 1.0866 pivot level. Bias - Bearish  Target - 1.0828 Safe Stop Loss - 1.0887 —— #AUDNZD 💹Time Frame : 8H (signal) 🍀;1.0828
EURGBP The Target Is DOWN! SELL! 👩🏼‍💻My dear subscribers, My technical analysis for EURGBP is below: The price is coiling around a solid key level - 0.8739 Bias - Bearish — Goal - 0.8712 My Stop Loss - 0.8754 —— #EURGBP 💹Time Frame : 12H (signal) 🍀;0.8712
GBPCAD Will Collapse! SELL! 👩🏼‍💻My dear subscribers, My technical analysis for GBPCAD is below: The price is coiling around a solid key level - 1.7090 Bias - Bearish Goal - 1.7033  #GBPCAD 💹Time Frame : 1H (forecast) 🍀;1.7033
SPY Set To Fall! SELL! 👩🏼‍💻My dear friends, Please, find my technical outlook for SPY below: The instrument tests an important psychological level 450.78 Bias - Bearish Target - 438.89  #SPY 💹Time Frame : 5H (forecast) 🍀;438.89
GOLD My Opinion! SELL! 👩🏼‍💻My dear friends, Please, find my technical outlook for GOLD al level 1980.7 Bias - Bearish — Target - 1960.4 Recommended Stop Loss - 1991.0 —— #GOLD 💹Time Frame : 8H (signal) 🍀;1960.4
GBPUSD What Next? SELL! 👩🏼‍💻My dear followers, This is my opinion on the GBPUSD next move: The asset is approaching an important pivot point 1.2453 Bias - Bearish  Safe Stop Loss - 1.2518 Goal - 1.2325 —— #GBPUSD 💹Time Frame : 12H (signal);1.2325
EURUSD Trading Opportunity! SELL! 👩🏼‍💻My dear followers, This is my opinion on the EURUSD next move: The asset is approaching an important pivot point 1.0908 Bias - Bearish Goal - 1.0868  #EURUSD 💹Time Frame : 2H (forecast) 🍀;1.0868
APPLE A Fall Expected! SELL! 👩🏼‍💻My dear subscribers, APPLE looks like it will make a good move, and here are the details: The market is trading on 189.71 pivot level. Bias - Bearish Target - 183.46  #APPLE 💹Time Frame : 5H (forecast) 🍀;183.46
CADJPY My Opinion! BUY! 👩🏼‍💻My dear friends, My technical analysis for CADJPY is below: The market is trading on 108.96 pivot level. Bias - Bullish  Target - 109.63 Recommended Stop Loss - 108.57 —— #CADJPY 💹Time Frame : 12H (signal) 🍀;109.63
GOLD What Next? BUY! 👩🏼‍💻My dear friends, My technical analysis for GOLD is below: The market is trading on 1968.6 pivot level. Bias - Bullish Target - 1981.7  #GOLD 💹Time Frame : 2H (forecast) 🍀;1981.7
CHFJPY Trading Opportunity! BUY! 👩🏼‍💻My dear friends, Please, find my technical outlook for CHFJPY below: The price is coiling around a solid key level - 167.80 Bias - Bullish Goal - 169.07  #CHFJPY 💹Time Frame : 5H (forecast) 🍀;169.07
EURAUD On The Rise! BUY! 👩🏼‍💻My dear friends, Please, find my technical outlook for EURAUD below: The price is coiling around a solid key level - 1.6713 Bias - Bullish  Goal - 1.6792 Safe Stop Loss - 1.666 —— #EURAUD 💹Time Frame : 8H (signal) 🍀;1.6792
GBPUSD Technical Analysis! SELL! 👩🏼‍💻My dear subscribers, This is my opinion on the GBPUSD next move: The instrument tests an important psychological level 1.2483 Bias - Bearish  Target - 1.2357 My Stop Loss - 1.2557 —— #GBPUSD 💹Time Frame : 12H (signal) 🍀;1.2357
EURGBP Technical Analysis! BUY! 👩🏼‍💻My dear subscribers, This is my opinion on the EURGBP next move: The instrument tests an important psychological level 0.8731 Bias -Bullish Target - 0.8746  #EURGBP 💹Time Frame : 1H (forecast) 🍀;0.8746
EURUSD Under Pressure! SELL! 👩🏼‍💻My dear friends, EURUSD looks like it will make a good move, and here are the details: The market is trading on 1.0948 pivot level. Bias - Bearish Goal - 1.0885  #EURUSD 💹Time Frame : 5H (forecast) 🍀;1.0885
GBPAUD Massive Long! BUY! 👩🏼‍💻My dear friends, GBPAUD looks like it will make a good move, and here are the details: The market is trading on 1.9076 pivot level. Bias - Bullish  Goal - 1.9157 Recommended Stop Loss - 1.9030 —— #GBPAUD 💹Time Frame : 8H (signal) 🍀;1.9157
NZDUSD Massive Short! SELL! 👩🏼‍💻My dear followers, I analysed this chart on NZDUSD and concluded the following: The market is trading on 0.6068 pivot level. Bias - Bearish — Target - 0.5988 Safe Stop Loss - 0. 6116 —— #NZDUSD 💹Time Frame : 12H (signal) 🍀;0.5988
GOLD Buyers In Panic! SELL! 👩🏼‍💻My dear followers, I analysed this chart on GOLD and concluded the following: The market is trading on 2008.0 pivot level. Bias - Bearish Target - 1983.0  #GOLD 💹Time Frame : 4H (forecast) 🍀;1983.0
CADCHF The Target Is UP! BUY! 👩🏼‍💻My dear subscribers, My technical analysis for CADCHF is below: The price is coiling around a solid key level - 0.6440 Bias - Bullish Goal - 0.6566  #CADCHF 💹Time Frame : 5H (forecast) 🍀;0.6566
EURAUD Will Explode! BUY! 👩🏼‍💻My dear subscribers, My technical analysis for EURAUD is below: The price is coiling around a solid key level - 1.6638 Bias - Bullish  Goal - 1.6713 My Stop Loss - 1.6483 —— #EURAUD 💹Time Frame : 8H (signal) 🍀;1.6713
GBPCAD The Target Is DOWN! SELL! 👩🏼‍💻My dear friends, Please, find my technical outlook for GBPCAD below: The instrument tests an important psychological level 1.7158 Bias - Bearish  Target - 1.7023 Recommended Stop Loss - 1.7229 —— #GBPCAD 💹Time Frame : 12H (signal) 🍀;1.7023
GBPAUD Will Collapse! SELL! 👩🏼‍💻My dear friends, Please, find my technical outlook for GBPAUD below: The instrument tests an important psychological level 1.9119 Bias - Bearish Target - 1.9089  #GBPAUD 💹Time Frame : 1H (forecast) 🍀;1.9089
AUDJPY Set To Fall! SELL! 👩🏼‍💻My dear followers, This is my opinion on the AUDJPY next move: The asset is approaching an important pivot point 98.052 Bias - Bearish Goal - 97.444  #AUDJPY 💹Time Frame : 5H (forecast) 🍀;97.444
EURGBP Set To Grow! BUY! 👩🏼‍💻My dear followers, This is my opinion on the EURGBP next move: The asset is approaching an important pivot point 0.8694 Bias - Bullish  Safe Stop Loss - 0.8681 Goal - 0.8725 —— #EURGBP 💹Time Frame : 8H (signal) 🍀;0.8725
EURUSD My Opinion! SELL! 👩🏼‍💻My dear subscribers, EURUSD looks like it will make a good move, and here are the details: The market is trading on 1.0897 pivot level. Bias - Bearish — My Stop Loss - 1.0947 Target - 1.0813 —— #EURUSD 💹Time Frame : 12H (signal) 🍀;1.0813
GOLD What Next? SELL! 👩🏼‍💻My dear subscribers, GOLD looks like it will make a good move, and here are the details: The market is trading on 2000.7 pivot level. Bias - Bearish Target - 1994.7  #GOLD 💹Time Frame : 1H (forecast) 🍀;1994.7
EURJPY Trading Opportunity! SELL! 👩🏼‍💻My dear friends, My technical analysis for EURJPY is below: The market is trading on 163.35 pivot level. Bias - Bearish Target - 162.52  #EURJPY 💹Time Frame : 5H (forecast) 🍀;162.52
EURAUD Technical Analysis! BUY! 👩🏼‍💻My dear friends, My technical analysis for EURAUD is below: The market is trading on 1.6620 pivot level. Bias - Bullish — Target - 1.6696 Recommended Stop Loss - 1.6570 —— #EURAUD 💹Time Frame : 8H (signal) 🍀;1.6696
USDCAD Expected Growth! BUY! 👩🏼‍💻My dear friends, Please, find my technical outlook for USDCAD below: The price is coiling around a solid key level - 1.3600 Bias - Bullish  Goal - 1.3699 Safe Stop Loss - 1.3559 —— #USDCAD 💹Time Frame : 12H (signal) —— 💬 My Contact  - AnabelContact 🥳 ❤ Join My VIP Group ❤️;1.3699
EURUSD A Fall Expected! SELL! 👩🏼‍💻My dear friends, Please, find my technical outlook for EURUSD below: The price is coiling around a solid key level - 1.0932 Bias - Bearish Goal - 1.0918  #EURUSD 💹Time Frame : 1H (forecast) 🍀;1.0918
SPY Technical Analysis! SELL! 👩🏼‍💻My dear friends, SPY looks like it will make a good move, and here are the details: The market is trading on 455.26 pivot level. Bias - Bearish — Goal - 444.39 Recommended Stop Loss - 460.38 —— #SPY 💹Time Frame : 8H (signal) 🍀;444.39
GOLD Massive Short! SELL! 👩🏼‍💻My dear friends, GOLD looks like it will make a good move, and here are the details: The market is trading on 2002.4 pivot level. Bias - Bearish Goal - 1993.7  #GOLD 💹Time Frame : 2H (forecast) 🍀;1993.7
EURNZD Trading Opportunity! BUY! 👩🏼‍💻My dear followers, I analysed this chart on EURNZD and concluded the following: The market is trading on 1.7959 pivot level. Bias - Bullish Target - 1.8048  #EURNZD 💹Time Frame : 5H (forecast) 🍀;1.8048
NZDUSD Buyers In Panic! SELL! 👩🏼‍💻My dear subscribers, This is my opinion on the NZDUSD next move: The instrument tests an important psychological level 0.6077 Bias - Bearish —— Target - 0.6026 My Stop Loss - 0.6105  #NZDUSD 💹Time Frame : 8H (signal) 🍀;0.6026
TESLA The Target Is DOWN! SELL! 👩🏼‍💻My dear subscribers, My technical analysis for TESLA is below: The price is coiling around a solid key level - 235.54 Bias - Bearish  Goal - 220.16 My Stop Loss - 245.52  #TESLA 💹Time Frame : 12H (signal) —— 😇 About My VIP Signals 💬 My Contact  - AnabelContact ❤️;220.16
EURUSD Will Collapse! SELL! 👩🏼‍💻My dear subscribers, My technical analysis for EURUSD is below: The price is coiling around a solid key level - 1.0948 Bias - Bearish Goal - 1.0915  #EURUSD 💹Time Frame : 3H (forecast) 🍀;1.0915
NZDCHF Set To Fall! SELL! 👩🏼‍💻My dear friends, Please, find my technical outlook for NZDCHF below: The instrument tests an important psychological level 0.5368 Bias - Bearish Target - 0.5346  #NZDCHF 💹Time Frame : 5H (forecast) 🍀;0.5346
EURAUD My Opinion! BUY! 👩🏼‍💻My dear friends, Please, find my technical outlook for EURAUD below: The instrument tests an important psychological level 1.6567 Bias - Bullish  Target - 1.6652 Recommended Stop Loss - 1.6515  #EURAUD 💹Time Frame : 8H (signal) 🍀;1.6652
USDCAD Massive Long! BUY! 👩🏼‍💻My dear followers, This is my opinion on the USDCAD next move: The asset is approaching an important pivot point 1.3633 Bias - Bullish  Safe Stop Loss - 1.3596 Goal - 1.3710  #USDCAD 💹Time Frame : 12H (signal) 🍀;1.3710
AUDNZD My Opinion! SELL! 👩🏼‍💻My dear followers, This is my opinion on the AUDNZD next move: The asset is approaching an important pivot point 1.0847 Bias - Bearish Goal - 1.0831  #AUDNZD 💹Time Frame : 2H (forecast) 🍀;1.0831
GOLD What Next? SELL! 👩🏼‍💻My dear subscribers, GOLD looks like it will make a good move, and here are the details: The market is trading on 2021.7 pivot level. Bias - Bearish Target - 2002.3  #GOLD 💹Time Frame : 5H (forecast) 🍀;2002.3
AUDCHF Trading Opportunity! SELL! 👩🏼‍💻My dear subscribers, AUDCHF looks like it will make a good move, and here are the details: The market is trading on 0.5821 pivot level. Bias - Bearish — My Stop Loss - 0.5839 Target - 0.5795  #AUDCHF 💹Time Frame : 8H (signal) 🍀;0.5795
EURNZD On The Rise! BUY! 👩🏼‍💻My dear friends, My technical analysis for EURNZD is below: The market is trading on 1. 7965 pivot level. Bias - Bullish — Target - 1.8073 Recommended Stop Loss - 1.7910  #EURNZD 💹Time Frame : 12H (signal) —— 🤍 Get Exclusive Signals in My VIP 👉 Contact Me - AnabelContact 🤍;1.8073
EURCHF Massive Long! BUY! 👩🏼‍💻My dear friends, My technical analysis for EURCHF is below: The market is trading on 0.9617 pivot level. Bias - Bullish Target - 0.9635  #EURCHF 💹Time Frame : 1H (forecast) 🍀;0.9635
EURUSD A Fall Expected! SELL! 👩🏼‍💻My dear friends, Please, find my technical outlook for EURUSD below: The price is coiling around a solid key level - 1.0970 Bias - Bearish Goal - 1.0933  #EURUSD 💹Time Frame : 5H (forecast) 🍀;1.0933
USDJPY Sellers In Panic! BUY! 👩🏼‍💻My dear subscribers, This is my opinion on the USDJPY next move: The instrument tests an important psychological level 147.46 Bias - Bullish —— Target - 148.67 My Stop Loss - 146.81  #USDJPY 💹Time Frame : 8H (signal) 🍀;148.67
AUDUSD Technical Analysis! SELL! 👩🏼‍💻My dear friends, AUDUSD looks like it will make a good move, and here are the details: The market is trading on 0.6628 pivot level. Bias - Bearish —— Goal - 0.6548 Recommended Stop Loss - 0.6659  #AUDUSD 💹Time Frame : 12H (signal) 🍀;0.6548
GOLD The Target Is UP! BUY! 👩🏼‍💻My dear subscribers, This is my opinion on the GOLD next move: The instrument tests an important psychological level 2036.0 Bias - Bullish Target - 2040.6  #GOLD 💹Time Frame : 1H (forecast) 🍀;2040.6
EURJPY Will Explode! BUY! 👩🏼‍💻My dear friends, EURJPY looks like it will make a good move, and here are the details: The market is trading on 161.66 pivot level. Bias - Bullish Goal - 162.35  #EURJPY 💹Time Frame : 5H (forecast) 🍀;162.35
GBPNZD Set To Grow! BUY! 👩🏼‍💻My dear subscribers, This is my opinion on the GBPNZD next move: The instrument tests an important psychological level 2.0573 Bias - Bullish  Target - 2.0682 My Stop Loss - 2.0523  #GBPNZD 💹Time Frame : 8H (signal) 🍀;2.0682
NZDJPY Under Pressure! SELL! 👩🏼‍💻My dear friends, NZDJPY looks like it will make a good move, and here are the details: The market is trading on 91.071 pivot level. Bias - Bearish  Goal - 90.115 Recommended Stop Loss - 91.533  #NZDJPY 💹Time Frame : 12H (signal) —— oin My Premium Channel NOW 💜 ❤️ Contact Me Now - AnabelContact 💙;90.115
EURUSD My Opinion! BUY! 👩🏼‍💻My dear followers, I analysed this chart on EURUSD and concluded the following: The market is trading on 1.0888 pivot level. Bias - Bullish Target - 1.0936  #EURUSD 💹Time Frame : 4H (forecast) 🍀;1.0936
USDCAD What Next? BUY! 👩🏼‍💻My dear subscribers, My technical analysis for USDCAD is below: The price is coiling around a solid key level - 1.3521 Bias - Bullish Goal - 1.3584  #USDCAD 💹Time Frame : 5H (forecast) 🍀;1.3584
NZDUSD Massive Short! SELL! 👩🏼‍💻My dear friends, NZDUSD looks like it will make a good move, and here are the details: The market is trading on 0.6162 pivot level. Bias - Bearish  Goal - 0.6088 Recommended Stop Loss - 0.6204  #NZDUSD 💹Time Frame : 8H (signal) 🍀;0.6088
NZDCAD Buyers In Panic! SELL! 👩🏼‍💻My dear followers, I analysed this chart on NZDCAD and concluded the following: The market is trading on 0.8347 pivot level. Bias - Bearish — Target - 0.8282 Safe Stop Loss - 0.8384  #NZDCAD 💹Time Frame : 12H (signal) 🍀;0.8282
SILVER The Target Is DOWN! SELL! 👩🏼‍💻My dear friends, Please, find my technical outlook for SILVER below: The instrument tests an important psychological level 25.4720 Bias - Bearish Target - 25.3171  #SILVER 💹Time Frame : 1H (forecast) 🍀;25.3171
SPY Will Collapse! SELL! 👩🏼‍💻My dear followers, This is my opinion on the SPY next move: The asset is approaching an important pivot point 459.04 Bias - Bearish Goal - 452.54  #SPY 💹Time Frame : 5H (forecast) 🍀;452.54
GBPCHF Trading Opportunity! BUY! 👩🏼‍💻My dear friends, Please, find my technical outlook for GBPCHF below: The price is coiling around a solid key level - 1.1037 Bias - Bullish  Goal - 1.1071 Safe Stop Loss - 1.1019  #GBPCHF 💹Time Frame : 8H (signal) 🍀;1.1071
EURUSD On The Rise! BUY! 👩🏼‍💻My dear subscribers, EURUSD looks like it will make a good move, and here are the details: The market is trading on 1.0878 pivot level. Bias - Bullish Target - 1.0928  #EURUSD 💹Time Frame : 4H (forecast) 🍀;1.0928
APPLE My Opinion! SELL! 👩🏼‍💻My dear friends, My technical analysis for APPLE is below: The market is trading on 191.24 pivot level. Bias - Bearish Target - 187.18  #APPLE 💹Time Frame : 5H (forecast) 🍀;187.18
NZDJPY Massive Long! BUY! 👩🏼‍💻My dear friends, Please, find my technical outlook for NZDJPY below: The price is coiling around a solid key level - 90.744 Bias - Bullish Goal - 91.045  #NZDJPY 💹Time Frame : 1H (forecast) 🍀;91.045
GOLD What Next? SELL! 👩🏼‍💻My dear subscribers, This is my opinion on the GOLD next move: The instrument tests an important psychological level 2072.4 Bias - Bearish Target - 2035.0  #GOLD 💹Time Frame : 6H (forecast) 🍀;2035.0
GBPAUD Sellers In Panic! BUY! 👩🏼‍💻My dear subscribers, GBPAUD looks like it will make a good move, and here are the details: The market is trading on 1.9050 pivot level. Bias - Bullish — My Stop Loss - 1.9022 Target - 1.9109  #GBPAUD 💹Time Frame : 9H (signal) 🍀;1.9109
USDJPY The Target Is UP! BUY! 👩🏼‍💻My dear friends, My technical analysis for USDJPY is below: The market is trading on 146.60 pivot level. Bias - Bullish — Target - 148.30 Recommended Stop Loss - 145.71  #USDJPY 💹Time Frame : 12H (signal) —— 😇 About My VIP Signals 💬 My Contact  - AnabelContact ❤️;148.30
CADCHF Will Explode! BUY! 👩🏼‍💻My dear friends, CADCHF looks like it will make a good move, and here are the details: The market is trading on 0.6429 pivot level. Bias - Bullish Goal - 0.6441  #CADCHF 💹Time Frame : 1H (forecast) 🍀;0.6441
AUDCHF Set To Grow! BUY! 👩🏼‍💻My dear followers, I analysed this chart on AUDCHF and concluded the following: The market is trading on 0.5728 pivot level. Bias - Bullish Target - 0.5774  #AUDCHF 💹Time Frame : 5H (forecast) 🍀;0.5774
GBPJPY My Opinion! BUY! 👩🏼‍💻My dear friends, Please, find my technical outlook for GBPJPY below: The price is coiling around a solid key level - 185.55 . Bias - Bullish  Goal - 186.60 Safe Stop Loss - 185.11  #GBPJPY 💹Time Frame : 7H (signal) 🍀;186.60
EURUSD What Next? BUY! 👩🏼‍💻My dear subscribers, This is my opinion on the EURUSD next move: The instrument tests an important psychological level 1.0817 Bias - Bullish  Target - 1.0898 My Stop Loss - 1.0773  #EURUSD 💹Time Frame : 12H (signal) 🍀;1.0898
GOLD Trading Opportunity! SELL! 👩🏼‍💻My dear subscribers, My technical analysis for GOLD is below: The price is coiling around a solid key level - 2029.9 Bias - Bearish Goal - 2022.5  #GOLD 💹Time Frame : 1H (forecast) 🍀;2022.5
AUDNZD On The Rise! BUY! 👩🏼‍💻My dear friends, Please, find my technical outlook for AUDNZD below: The instrument tests an important psychological level 1.0685 Bias - Bullish Target - 1.0730  #AUDNZD 💹Time Frame : 4H (forecast) 🍀;1.0730
GBPUSD Expected Growth! BUY! 👩🏼‍💻My dear friends, GBPUSD looks like it will make a good move, and here are the details: The market is trading on 1.2598 pivot level. Bias - Bullish — Goal - 1.2651 Recommended Stop Loss - 1.2557  #GBPUSD 💹Time Frame : 7H (signal) 🍀;1.2651
GBPCHF Massive Long! BUY! 👩🏼‍💻My dear followers, I analysed this chart on GBPCHF and concluded the following: The market is trading on 1.1003 pivot level. Bias - Bullish — Target - 1.1052 Safe Stop Loss - 1.0978  #GBPCHF 💹Time Frame : 12H (signal) —— 🤍 Get Exclusive Signals in My VIP 👉 Contact Me - AnabelContact 🤍;1.1052
USDCHF A Fall Expected! SELL! 👩🏼‍💻My dear followers, This is my opinion on the USDCHF next move: The asset is approaching an important pivot point 0.8759 Bias - Bearish Goal - 0.8747  #USDCHF 💹Time Frame : 1H (forecast) 🍀;0.8747
USDCAD Technical Analysis! SELL! 👩🏼‍💻My dear subscribers, USDCAD looks like it will make a good move, and here are the details: The market is trading on 1.3598 pivot level. Bias - Bearish Target - 1.3559  #USDCAD 💹Time Frame : 5H (forecast) 🍀;1.3559
EURUSD The Target Is UP! BUY! 👩🏼‍💻My dear subscribers, My technical analysis for EURUSD is below: The price is coiling around a solid key level - 1.0774 Bias -Bullish — Goal - 1.0846 My Stop Loss - 1.0740  #EURUSD 💹Time Frame : 8H (signal) 🍀;1.0846
AUDCHF Sellers In Panic! BUY! 👩🏼‍💻My dear friends, Please, find my technical outlook for AUDCHF below: The instrument tests an important psychological level 0.5771 Bias - Bullish  Target - 0.5795 Recommended Stop Loss - 0.5757  #AUDCHF 💹Time Frame : 12H (signal) 🍀;0.5795
GBPNZD Under Pressure! SELL! 👩🏼‍💻My dear friends, My technical analysis for GBPNZD is below: The market is trading on 2.0488 pivot level. Bias - Bearish Target - 2.0434  #GBPNZD 💹Time Frame : 1H (forecast) 🍀;2.0434
NZDUSD Will Explode! BUY! 👩🏼‍💻My dear friends, Please, find my technical outlook for NZDUSD below: The price is coiling around a solid key level - 0.6117 Bias - Bullish Goal - 0.6154  #NZDUSD 💹Time Frame : 5H (forecast) 🍀;0.6154
SILVER Set To Grow! BUY! 👩🏼‍💻My dear followers, This is my opinion on the SILVER next move: The asset is approaching an important pivot point 23.362 Bias - Bullish — Safe Stop Loss - 23.019 Goal - 24.064  #SILVER 💹Time Frame : 8H (signal) 🍀;24.064
GBPAUD My Opinion! BUY! 👩🏼‍💻My dear subscribers, GBPAUD looks like it will make a good move, and here are the details: The market is trading on 1.9033 pivot level. Bias - Bullish — My Stop Loss - 1.8987 Target - 1.9110  #GBPAUD 💹Time Frame : 12H (signal) —— Join My Premium Channel NOW 💜 ❤️ Contact Me Now - AnabelContact 💙;1.9110
EURUSD What Next? BUY! 👩🏼‍💻My dear subscribers, This is my opinion on the EURUSD next move: The instrument tests an important psychological level 1.0758 Bias - Bullish Target - 1.0782  #EURUSD 💹Time Frame : 2H (forecast) 🍀;1.0782
QQQ Massive Short! SELL! 👩🏼‍💻My dear friends, QQQ looks like it will make a good move, and here are the details: The market is trading on 392.15 pivot level. Bias - Bearish Goal - 388.70  #QQQ 💹Time Frame : 5H (forecast) 🍀;388.70
APPLE Buyers In Panic! SELL! 👩🏼‍💻My dear friends, My technical analysis for APPLE is below: The market is trading on 195.71 pivot level. Bias - Bearish —— Target - 188.70 Recommended Stop Loss - 199.42  #APPLE 💹Time Frame : 8H (signal) 🍀;188.70
GOLD Expected Growth! BUY! 👩🏼‍💻My dear followers, I analysed this chart on GOLD and concluded the following: The market is trading on 2004.4 pivot level. Bias - Bullish Target - 2017.9  #GOLD 💹Time Frame : 2H (forecast) 🍀;2017.9
GBPUSD Technical Analysis! BUY! 👩🏼‍💻My dear subscribers, My technical analysis for GBPUSD is below: The price is coiling around a solid key level - 1.2546 Bias - Bullish Goal - 1.2608  #GBPUSD 💹Time Frame : 6H (forecast) 🍀;1.2608
USDCHF The Target Is DOWN! SELL! 👩🏼‍💻My dear subscribers, This is my opinion on the USDCHF next move: The instrument tests an important psychological level 0.8792 Bias - Bearish — Target - 0.8755 My Stop Loss - 0.8814  #USDCHF 💹Time Frame : 8H (signal) 🍀;0.8755
AUDCHF Sellers In Panic! BUY! 👩🏼‍💻My dear friends, Please, find my technical outlook for AUDCHF below: The instrument tests an important psychological level 0.5770 Bias - Bullish Target - 0.5778  #AUDCHF 💹Time Frame : 1H (forecast) 🍀;0.5778
EURNZD Will Collapse! SELL! 👩🏼‍💻My dear followers, This is my opinion on the EURNZD next move: The asset is approaching an important pivot point 1.7610 Bias - Bearish Goal - 1.7548  #EURNZD 💹Time Frame : 5H (forecast) 🍀;1.7548
NZDCAD The Target Is UP! BUY! 👩🏼‍💻My dear followers, I analysed this chart on NZDCAD and concluded the following: The market is trading on 0.8320 pivot level. Bias - Bullish  Target - 0.8349 Safe Stop Loss - 0.8303  #NZDCAD 💹Time Frame : 8H (signal) 🍀;0.8349
EURUSD Will Explode! BUY! 👩🏼‍💻My dear subscribers, My technical analysis for EURUSD is below: The price is coiling around a solid key level - 1.0768 Bias - Bullish  Goal - 1.0862 My Stop Loss - 1.0714  #EURUSD 💹Time Frame : 12H (signal) 🍀;1.0862
GBPUSD Set To Grow! BUY! 👩🏼‍💻My dear subscribers, GBPUSD looks like it will make a good move, and here are the details: The market is trading on 1.2563 pivot level. Bias - Bullish Target - 1.2583  #GBPUSD 💹Time Frame : 2H (forecast) 🍀;1.2583
AUDCHF My Opinion! BUY! 👩🏼‍💻My dear friends, My technical analysis for AUDCHF is below: The market is trading on 0.5742 pivot level. Bias - Bullish Target - 0.5769  #AUDCHF 💹Time Frame : 4H (forecast) 🍀;0.5769
GOLD What Next? BUY! 👩🏼‍💻My dear friends, Please, find my technical outlook for GOLD below: The instrument tests an important psychological level 1980.7 Bias -Bullish  Target - 2007.8 Recommended Stop Loss - 1967.6  #GOLD 💹Time Frame : 8H (signal) 🍀;2007.8
GBPCAD Trading Opportunity! BUY! 👩🏼‍💻My dear followers, This is my opinion on the GBPCAD next move: The asset is approaching an important pivot point 1.7059 Bias - Bullish — Safe Stop Loss - 1.7015 Goal - 1.7134  #GBPCAD 💹Time Frame : 12H (signal) —— 😇 About My VIP Signals 💬 My Contact  - AnabelContact ❤️;1.7134
GBPNZD My Opinion! SELL! 👩🏼‍💻My dear subscribers, This is my opinion on the GBPNZD next move: The instrument tests an important psychological level 2.0538 Bias - Bearish Target - 2.0483  #GBPNZD 💹Time Frame : 5H (forecast) 🍀;2.0483
EURGBP Set To Fall! SELL! 👩🏼‍💻My dear subscribers, EURGBP looks like it will make a good move, and here are the details: The market is trading on 0.8608 pivot level. Bias - Bearish — My Stop Loss - 0.8626 Target - 0.8575  #EURGBP 💹Time Frame : 8H (signal) 🍀;0.8575
AUDUSD Expected Growth! BUY! 👩🏼‍💻My dear friends, My technical analysis for AUDUSD is below: The market is trading on 0.6553 pivot level. Bias - Bullish — Target - 0.6607 Recommended Stop Loss - 0.6527  #AUDUSD 💹Time Frame : 12H (signal) 🍀;0.6607
GBPCHF What Next? SELL! 👩🏼‍💻My dear friends, GBPCHF looks like it will make a good move, and here are the details: The market is trading on 1.1018 pivot level. Bias - Bearish Goal - 1.0985  #GBPCHF 💹Time Frame : 1H (forecast) 🍀;1.0985
GOLD Trading Opportunity! SELL! 👩🏼‍💻My dear followers, I analysed this chart on GOLD and concluded the following: The market is trading on 2034.5 pivot level. Bias - Bearish Target - 2010.0  #GOLD 💹Time Frame : 5H (forecast) 🍀;2010.0
USDCHF Technical Analysis! BUY! 👩🏼‍💻My dear friends, Please, find my technical outlook for USDCHF below: The price is coiling around a solid key level - 0.8684 Bias -Bullish  Goal - 0.8721 Safe Stop Loss - 0.8665  #USDCHF 💹Time Frame : 8H (signal) 🍀;0.8721
NZDUSD A Fall Expected! SELL! 👩🏼‍💻My dear subscribers, This is my opinion on the NZDUSD next move: The instrument tests an important psychological level 0.6214 Bias - Bearish  Target - 0.6161 My Stop Loss - 0.6244  #NZDUSD 💹Time Frame : 12H (signal) —— 😇 About My VIP Signals 💬 My Contact  - AnabelContact ❤️;0.6161
EURAUD Massive Long! BUY! 👩🏼‍💻My dear subscribers, My technical analysis for EURAUD is below: The price is coiling around a solid key level - 1.6320 Bias - Bullish Goal - 1.6369  #EURAUD 💹Time Frame : 1H (forecast) 🍀;1.6369
USDJPY Sellers In Panic! BUY! 👩🏼‍💻My dear friends, Please, find my technical outlook for USDJPY below: The instrument tests an important psychological level 142.38 Bias - Bullish Target - 144.22  #USDJPY 💹Time Frame : 5H (forecast) 🍀;144.22
AUDNZD Technical Analysis! SELL! 👩🏼‍💻My dear friends, AUDNZD looks like it will make a good move, and here are the details: The market is trading on 1.0782 pivot level. Bias - Bearish — Goal - 1.0737 Recommended Stop Loss - 1.0810  #AUDNZD 💹Time Frame : 8H (signal) 🍀;1.0737
EURUSD Under Pressure! SELL! 👩🏼‍💻My dear followers, I analysed this chart on EURUSD and concluded the following: The market is trading on 1.0913 pivot level. Bias - Bearish — Target - 1.0852 Safe Stop Loss - 1.0949  #EURUSD 💹Time Frame : 12H (signal) 🍀;1.0852
GOLD Sellers In Panic! BUY! 👩🏼‍💻My dear friends, Please, find my technical outlook for GOLD below: The instrument tests an important psychological level 2019.5 Bias - Bullish Target - 2032.9  #GOLD 💹Time Frame : 1H (forecast) 🍀;2032.9
SPY Massive Short! SELL! 👩🏼‍💻My dear followers, This is my opinion on the EUR/USD next move: The asset is approaching an important pivot point 469.40 Bias - Bearish Goal - 461.38  #SPY 💹Time Frame : 5H (forecast) 🍀;461.38
QQQ Buyers In Panic! SELL! 👩🏼‍💻My dear subscribers, My technical analysis for QQQ is below: The price is coiling around a solid key level - 404.98 Bias - Bearish — Goal - 390.48 My Stop Loss - 412.18  #QQQ 💹Time Frame : 8H (signal) 🍀;390.48
GBPUSD The Target Is DOWN! SELL! 👩🏼‍💻My dear friends, Please, find my technical outlook for GBPUSD below: The instrument tests an important psychological level 1.2679 Bias - Bearish  Target - 1.2607 Recommended Stop Loss - 1.2723  #GBPUSD 💹Time Frame : 12H (signal) —— 🤍 Get Exclusive Signals in My VIP 👉 Contact Me - AnabelContact 🤍;1.2607
TESLA Set To Fall! SELL! 👩🏼‍💻My dear subscribers, TESLA looks like it will make a good move, and here are the details: The market is trading on 253.23 pivot level. Bias - Bearish Target - 245.32  #TESLA 💹Time Frame : 5H (forecast) 🍀;245.32
APPLE My Opinion! SELL! 👩🏼‍💻My dear subscribers, This is my opinion on the APPLE next move: The instrument tests an important psychological level 197.11 Bias - Bearish — Target - 190.66 My Stop Loss - 201.03  #APPLE 💹Time Frame : 8H (signal) 🍀;190.66
EURUSD What Next? SELL! 👩🏼‍💻My dear friends, EURUSD looks like it will make a good move, and here are the details: The market is trading on 1.0893 pivot level. Bias - Bearish  Goal - 1.0835 Recommended Stop Loss - 1.0929  #EURUSD 💹Time Frame : 12H (signal) 🍀;1.0835
CHFJPY Trading Opportunity! SELL! 👩🏼‍💻My dear friends, My technical analysis for CHFJPY is below: The market is trading on 164.10 pivot level. Bias - Bearish Target - 163.71  #CHFJPY 💹Time Frame : 1H (forecast) 🍀;163.71
GBPNZD Will Explode! BUY! 👩🏼‍💻My dear friends, Please, find my technical outlook for GBPNZD below: The price is coiling around a solid key level - 2.0331 Bias - Bullish Goal - 2.0434  #GBPNZD 💹Time Frame : 5H (forecast) 🍀;2.0434
GBPCAD Set To Grow! BUY! 👩🏼‍💻My dear subscribers, This is my opinion on the GBPCAD next move: The instrument tests an important psychological level 1.6939 Bias - Bullish — Target - 1.7046 My Stop Loss - 1.6899  #GBPCAD 💹Time Frame : 12H (signal) —— Join My Premium Channel NOW 💜 ❤️ Contact Me Now - AnabelContact 💙;1.7046
EURUSD Technical Analysis! SELL! 👩🏼‍💻My dear friends, Please, find my technical outlook for EURUSD below: The price is coiling around a solid key level - 1.0959 Bias - Bearish Goal - 1.0927  #EURUSD 💹Time Frame : 1H (forecast) 🍀;1.0927
CADJPY Under Pressure! SELL! 👩🏼‍💻My dear subscribers, This is my opinion on the CADJPY next move: The instrument tests an important psychological level 108.03 Bias - Bearish Target - 106.99  #CADJPY 💹Time Frame : 5H (forecast) 🍀;106.99
GBPAUD My Opinion! BUY! 👩🏼‍💻My dear friends, GBPAUD looks like it will make a good move, and here are the details: The market is trading on 1.8842 pivot level. Bias -Bullish  Goal - 1.8960 Recommended Stop Loss - 1.8789  #GBPAUD 💹Time Frame : 8H (signal) 🍀;1.8960
AUDNZD Massive Short! SELL! 👩🏼‍💻My dear followers, I analysed this chart on AUDNZD and concluded the following: The market is trading on 1.0803 pivot level. Bias - Bearish  Target - 1.0751 Safe Stop Loss - 1.0833  #AUDNZD 💹Time Frame : 12H (signal) 🍀;1.0751
GOLD Buyers In Panic! SELL! 👩🏼‍💻My dear friends, GOLD looks like it will make a good move, and here are the details: The market is trading on 2041.3 pivot level. Bias - Bearish Goal - 2032.7  #GOLD 💹Time Frame : 2H (forecast) 🍀;2032.7
EURCHF What Next? BUY! 👩🏼‍💻My dear followers, I analysed this chart on EURCHF and concluded the following: The market is trading on 0.9443 pivot level. Bias - Bullish Target - 0.9476  #EURCHF 💹Time Frame : 2H (forecast) 🍀;0.9476
EURAUD Trading Opportunity! BUY! 👩🏼‍💻My dear followers, I analysed this chart on EURAUD and concluded the following: The market is trading on 1.6201 pivot level. Bias - Bullish  Target - 1.6325 Safe Stop Loss - 1.6144  #EURAUD 💹Time Frame : 8H (signal) 🍀;1.6325
EURGBP The Target Is DOWN! SELL! 👩🏼‍💻My dear friends, Please, find my technical outlook for EURGBP below: The instrument tests an important psychological level 0.8653 Bias - Bearish  Target - 0.8606 Recommended Stop Loss - 0.8677 — 💐 #EURAUD 💹Time Frame : 12H (signal) —— 💬 My Contact  - AnabelContact 🥳 ❤ Join My VIP Group ❤️;0.8606
GBPCHF On The Rise! BUY! 👩🏼‍💻My dear subscribers, My technical analysis for GBPCHF is below: The price is coiling around a solid key level - 1.0886 Bias - Bullish Goal - 1.0926  #GBPCHF 💹Time Frame : 2H (forecast) 🍀;1.0926
GBPUSD Expected Growth! BUY! 👩🏼‍💻My dear friends, Please, find my technical outlook for GBPUSD below: The instrument tests an important psychological level 1.2641 Bias - Bullish Target - 1.2697  #GBPUSD 💹Time Frame : 5H (forecast) 🍀;1.2697
GBPAUD Technical Analysis! BUY! 👩🏼‍💻My dear subscribers, GBPAUD looks like it will make a good move, and here are the details: The market is trading on 1.8745 pivot level. Bias - Bullish  My Stop Loss - 1.8675 Target - 1.8874  #GBPAUD 💹Time Frame : 8H (signal) 🍀;1.8874
EURUSD A Fall Expected! SELL! 👩🏼‍💻My dear friends, My technical analysis for EURUSD is below: The market is trading on 1.0959 pivot level. Bias - Bearish — Target - 1.0906 Recommended Stop Loss - 1.0988  #EURUSD 💹Time Frame : 12H (signal) 🍀;1.0906
GOLD Trading Opportunity! SELL! 👩🏼‍💻My dear followers, This is my opinion on the GOLD next move: The asset is approaching an important pivot point 2055.2 Bias - Bearish Goal - 2041.1  #GOLD 💹Time Frame : 2H (forecast) 🍀;2041.1
AUDUSD What Next? SELL! 👩🏼‍💻My dear subscribers, AUDUSD looks like it will make a good move, and here are the details: The market is trading on 0.6800 pivot level. Bias - Bearish Target - 0.6754  #AUDUSD 💹Time Frame : 4H (forecast) 🍀;0.6754
NZDUSD My Opinion! SELL! 👩🏼‍💻My dear friends, Please, find my technical outlook for NZDUSD below: The price is coiling around a solid key level - 0.6300 Bias - Bearish  Goal - 0.6244 Safe Stop Loss - 0.6329  #NZDUSD 💹Time Frame : 7H (signal) 🍀;0.6244
AUDNZD Set To Fall! SELL! 👩🏼‍💻My dear subscribers, This is my opinion on the AUDNZD next move: The instrument tests an important psychological level 1.0804 Bias - Bearish  Target - 1.0758 My Stop Loss - 1.0830  #AUDNZD 💹Time Frame : 12H (signal) 🍀;1.0758
EURUSD Will Collapse! SELL! 👩🏼‍💻My dear friends, My technical analysis for EURUSD is below: The market is trading on 1.1014 pivot level. Bias - Bearish Target - 1.0896  #EURUSD 💹Time Frame : 12H (forecast) 🍀;1.0896
SPY Under Pressure! SELL! 👩🏼‍💻My dear friends, Please, find my technical outlook for SPY below: The price is coiling around a solid key level - 473.65 Bias - Bearish Goal - 452.88  #SPY 💹Time Frame : 2D (forecast) 🍀;452.88
GBPJPY Will Explode! BUY! 👩🏼‍💻My dear subscribers, This is my opinion on the GBPJPY next move: The instrument tests an important psychological level 180.71 Bias - Bullish Target - 183.58  #GBPJPY 💹Time Frame : 2D (forecast) 🍀;183.58
GOLD Massive Short! SELL! 👩🏼‍💻My dear friends, GOLD looks like it will make a good move, and here are the details: The market is trading on 2053.2 pivot level. Bias - Bearish Goal - 2022.4  #GOLD 💹Time Frame : 1D (forecast) —— 😇 About My VIP Signals 💬 My Contact  - AnabelContact ❤️;2022.4
GBPCHF The Target Is UP! BUY! 👩🏼‍💻My dear friends, GBPCHF looks like it will make a good move, and here are the details: The market is trading on 1.0851 pivot level. Bias - Bullish Goal - 1.0979  💐 #GBPCHF 💹Time Frame : 1D (forecast) 🍀;1.0979
EURUSD Buyers In Panic! SELL! 👩🏼‍💻My dear followers, I analysed this chart on EURUSD and concluded the following: The market is trading on 1.1007 pivot level. Bias - Bearish Target - 1.0797  💐 #EURUSD 💹Time Frame : 2D (forecast) 🍀;1.0797
GOLD The Target Is DOWN! SELL! 👩🏼‍💻My dear subscribers, My technical analysis for GOLD is below: The price is coiling around a solid key level - 2063.3 Bias - Bearish Goal - 2026.2  💐 #GOLD 💹Time Frame : 12H (forecast) 🍀;2026.2
USDCAD The Target Is UP! BUY! 👩🏼‍💻My dear friends, Please, find my technical outlook for USDCAD below: The instrument tests an important psychological level 1.3253 Bias - Bullish Target - 1.3497  💐 #USDCAD 💹Time Frame : 1D (forecast) —— 🤍 Get Exclusive Signals in My VIP 👉 Contact Me - AnabelContact 🤍;1.3497
EURUSD Will Collapse! SELL! 👩🏼‍💻My dear followers, This is my opinion on the EURUSD next move: The asset is approaching an important pivot point 1.1051 Bias - Bearish Goal - 1.0999  #EURUSD 💹Time Frame : 4H (forecast) 🍀;1.0999
EURCAD Sellers In Panic! BUY! 👩🏼‍💻My dear subscribers, EURCAD looks like it will make a good move, and here are the details: The market is trading on 1.4600 pivot level. Bias - Bullish Target - 1.4656  #EURCAD 💹Time Frame : 5H (forecast) 🍀;1.4656
AUDUSD Set To Fall! SELL! 👩🏼‍💻My dear friends, AUDUSD looks like it will make a good move, and here are the details: The market is trading on 0.6834 pivot level. Bias - Bearish — Goal - 0.6761 Recommended Stop Loss - 0.6873  #AUDUSD 💹Time Frame : 8H (signal) 🍀;0.6761
AUDJPY My Opinion! SELL! 👩🏼‍💻My dear followers, I analysed this chart on AUDJPY and concluded the following: The market is trading on 97.508 pivot level. Bias -Bearish  Target - 96.574 Safe Stop Loss - 97.982  #AUDJPY 💹Time Frame : 12H (signal) 🍀;96.574
EURNZD What Next? SELL! 👩🏼‍💻My dear friends, My technical analysis for EURNZD is below: The market is trading on 1.7521 pivot level. Bias - Bearish Target - 1.7481  #EURNZD 💹Time Frame : 2H (forecast) 🍀;1.7481
GOLD Trading Opportunity! SELL! 👩🏼‍💻My dear friends, Please, find my technical outlook for GOLD below: The price is coiling around a solid key level - 2075.2 Bias - Bearish Goal - 2060.4  #GOLD 💹Time Frame : 5H (forecast) 🍀;2060.4
EURGBP A Fall Expected! SELL! 👩🏼‍💻My dear subscribers, My technical analysis for EURGBP is below: The price is coiling around a solid key level - 0.8694 Bias - Bearish —— Goal - 0.8659 My Stop Loss - 0.8714  #EURGBP 💹Time Frame : 8H (signal) 🍀;0.8659
USDJPY Sellers In Panic! BUY! 👩🏼‍💻My dear friends, Please, find my technical outlook for USDJPY below: The instrument tests an important psychological level 141.02 Bias - Bullish  Target - 143.29 Recommended Stop Loss - 139.97  #USDJPY 💹Time Frame : 12H (signal) —— Join My Premium Channel NOW 💜 ❤️ Contact Me Now - AnabelContact 💙;143.29
EURUSD The Target Is UP! BUY! 👩🏼‍💻My dear subscribers, This is my opinion on the EURUSD next move: The instrument tests an important psychological level 1.1065 Bias - Bullish Target - 1.1092  #EURUSD 💹Time Frame : 2H (forecast) 🍀;1.1092
AUDNZD Will Explode! BUY! 👩🏼‍💻My dear friends, AUDNZD looks like it will make a good move, and here are the details: The market is trading on 1.0758 pivot level. Bias - Bullish Goal - 1.0780  #AUDNZD 💹Time Frame : 5H (forecast) 🍀;1.0780
CHFJPY Technical Analysis! SELL! 👩🏼‍💻My dear followers, This is my opinion on the CHFJPY next move: The asset is approaching an important pivot point 169.14 Bias - Bearish — Safe Stop Loss - 170.06 Goal - 167.34  #CHFJPY 💹Time Frame : 8H (signal) 🍀;167.34
EURCAD Under Pressure! SELL! 👩🏼‍💻My dear subscribers, EURCAD looks like it will make a good move, and here are the details: The market is trading on 1.4682 pivot level. Bias - Bearish —— My Stop Loss - 1.4708 Target - 1.4644  #EURCAD 💹Time Frame : 11H (signal) 🍀;1.4644
EURUSD Set To Grow! BUY! 👩🏼‍💻My dear followers, I analysed this chart on EURUSD and concluded the following: The market is trading on 1.1037 pivot level. Bias - Bullish Target - 1.1063  #EURNZD 💹Time Frame : 2H (forecast) 🍀;1.1063
APPLE My Opinion! BUY! 👩🏼‍💻My dear subscribers, My technical analysis for APPLE is below: The price is coiling around a solid key level - 192.49 Bias - Bullish Goal - 195.12  #EURNZD 💹Time Frame : 5H (forecast) 🍀;195.12
AUDJPY What Next? BUY! 👩🏼‍💻My dear subscribers, My technical analysis for AUDJPY is below: The price is coiling around a solid key level - 96.040 Bias - Bullish  Goal - 96.750 My Stop Loss - 95.688  #AUDJPY 💹Time Frame : 8H (signal) 🍀;96.750
EURCAD On The Rise! BUY! 👩🏼‍💻My dear subscribers, My technical analysis for EURCAD is below: The price is coiling around a solid key level - 1.4596 Bias - Bullish Goal - 1.4613  #EURCAD 💹Time Frame : 1H (forecast) 🍀;1.4613
EURNZD Massive Short! SELL! 👩🏼‍💻My dear friends, Please, find my technical outlook for EURNZD below: The instrument tests an important psychological level 1.7561 Bias - Bearish Target - 1.7494  #EURNZD 💹Time Frame : 5H (forecast) 🍀;1.7494
GOLD Expected Growth! BUY! 👩🏼‍💻My dear friends, Please, find my technical outlook for GOLD below: The instrument tests an important psychological level 2040.2 Bias - Bullish — Target - 2063.9 Recommended Stop Loss - 2028.0 —— #GOLD 💹Time Frame : 8H (signal) 🍀;2063.9
NZDUSD Technical Analysis! BUY! 👩🏼‍💻My dear followers, This is my opinion on the NZDUSD next move: The asset is approaching an important pivot point 0.6218 Bias - Bullish —— Safe Stop Loss - 0.6185 Goal - 0.6286  #NZDUSD 💹Time Frame : 12H (signal) 🍀;0.6286
CADJPY Massive Long! BUY! 👩🏼‍💻My dear followers, This is my opinion on the CADJPY next move: The asset is approaching an important pivot point 108.12 Bias - Bullish Goal - 108.47  #CADJPY 💹Time Frame : 1H (forecast) 🍀;108.47
GBPCAD Buyers In Panic! SELL! 👩🏼‍💻My dear subscribers, GBPCAD looks like it will make a good move, and here are the details: The market is trading on 1.6987 pivot level. Bias - Bearish Target - 1.6896  #GBPCAD 💹Time Frame : 5H (forecast) 🍀;1.6896
USDCAD The Target Is DOWN! SELL! 👩🏼‍💻My dear subscribers, USDCAD looks like it will make a good move, and here are the details: The market is trading on 1.3335 pivot level. Bias - Bearish — My Stop Loss - 1.3402 Target - 1.3275  #USDCAD 💹Time Frame : 8H (signal) 🍀;1.3275
EURUSD The Target Is UP! BUY! 👩🏼‍💻My dear friends, My technical analysis for EURUSD is below: The market is trading on 1.0940 pivot level. Bias - Bullish —— Target - 1.1009 Recommended Stop Loss - 1.0899  #EURUSD 💹Time Frame : 12H (signal) —— 💬 My Contact  - AnabelContact 🥳 ❤ Join My VIP Group ❤️;1.1009
QQQ Will Explode! BUY! 👩🏼‍💻My dear friends, Please, find my technical outlook for QQQ below: The price is coiling around a solid key level - 396.75 Bias - Bullish Goal - 405.80  #QQQ 💹Time Frame : 5H (forecast) 🍀;405.80
APPLE Set To Grow! BUY! 👩🏼‍💻My dear friends, My technical analysis for APPLE is below: The market is trading on 181.17 pivot level. Bias - Bullish — Target - 188.37 Recommended Stop Loss - 177.37  #APPLE 💹Time Frame : 8H (signal) 🍀;188.37
SILVER My Opinion! BUY! 👩🏼‍💻My dear friends, Please, find my technical outlook for SILVER below: The price is coiling around a solid key level - 23.191 Bias -Bullish —— Goal - 23.844 Safe Stop Loss - 22.877  #SILVER 💹Time Frame : 12H (signal) 🍀;23.844
EURJPY What Next? BUY! 👩🏼‍💻My dear subscribers, This is my opinion on the EURJPY next move: The instrument tests an important psychological level 157.77 Bias - Bullish Target - 158.28  #EURJPY 💹Time Frame : 1H (forecast) 🍀;158.28
GBPCAD Set To Fall! SELL! 👩🏼‍💻My dear friends, GBPCAD looks like it will make a good move, and here are the details: The market is trading on 1.6994 pivot level. Bias - Bearish Goal - 1.6902  #GBPCAD 💹Time Frame : 5H (forecast) 🍀;1.6902
GBPAUD My Opinion! SELL! 👩🏼‍💻My dear subscribers, This is my opinion on the GBPAUD next move: The instrument tests an important psychological level 1.8983 Bias - Bearish — Target - 1.8841 My Stop Loss - 1.9062  #GBPAUD 💹Time Frame : 8H (signal) 🍀;1.8841
EURUSD Trading Opportunity! BUY! 👩🏼‍💻My dear friends, EURUSD looks like it will make a good move, and here are the details: The market is trading on 1.0948 pivot level. Bias - Bullish — Goal - 1.1017 Recommended Stop Lo ss - 1.0913  #EURUSD 💹Time Frame : 12H (signal) —— 😇 About My VIP Signals 💬 My Contact  - AnabelContact ❤️;1.1017
GBPCHF My Opinion! SELL! 👩🏼‍💻My dear followers, I analysed this chart on GBPCHF and concluded the following: The market is trading on 1.0827 pivot level. Bias - Bearish Target - 1.0811  #GBPCHF 💹Time Frame : 1H (forecast) 🍀;1.0811
GBPUSD What Next? SELL! 👩🏼‍💻My dear subscribers, My technical analysis for GBPUSD is below: The price is coiling around a solid key level - 1.2735 Bias - Bearish Goal - 1.2688  #GBPUSD 💹Time Frame : 5H (forecast) 🍀;1.2688
EURAUD Trading Opportunity! SELL! 👩🏼‍💻My dear followers, I analysed this chart on EURAUD and concluded the following: The market is trading on 1.6325 pivot level. Bias - Bearish — Target - 1.6253 Safe Stop Loss - 1.6363  #EURAUD 💹Time Frame : 8H (signal) 🍀;1.6253
GOLD On The Rise! BUY! 👩🏼‍💻My dear subscribers, My technical analysis for GOLD is below: The price is coiling around a solid key level - 2034.5 Bias - Bullish  Goal - 2055.4 My Stop Loss - 2023.8  #GOLD 💹Time Frame : 12H (signal) 🍀;2055.4
EURUSD A Fall Expected! SELL! 👩🏼‍💻My dear friends, Please, find my technical outlook for EURUSD below: The instrument tests an important psychological level 1.0938 Bias - Bearish Target - 1.0925  #EURUSD 💹Time Frame : 1H (forecast) 🍀;1.0925
EURCHF Technical Analysis! SELL! 👩🏼‍💻My dear followers, This is my opinion on the EURCHF next move: The asset is approaching an important pivot point 0.9324 Bias - Bearish Goal - 0.9287  #EURCHF 💹Time Frame : 5H (forecast);0.9287
AUDJPY Under Pressure! SELL! 👩🏼‍💻My dear friends, Please, find my technical outlook for AUDJPY below: The instrument tests an important psychological level 97.348 Bias - Bearish — Target - 96.651 Recommended Stop Loss - 97.659  #AUDJPY 💹Time Frame : 8H (signal) 🍀;96.651
NZDUSD Expected Growth! BUY! 👩🏼‍💻My dear followers, This is my opinion on the NZDUSD next move: The asset is approaching an important pivot point 0.6223 Bias - Bullish —— Safe Stop Loss - 0.6190 Goal - 0.6277  #NZDUSD 💹Time Frame : 12H (signal) 🍀;0.6277
GBPNZD Technical Analysis! BUY! 👩🏼‍💻My dear subscribers, GBPNZD looks like it will make a good move, and here are the details: The market is trading on 2.0404 pivot level. Bias - Bullish Target - 2.0434  #GBPNZD 💹Time Frame : 1H (forecast) 🍀;2.0434
CHFJPY Massive Short! SELL! 👩🏼‍💻My dear friends, My technical analysis for CHFJPY is below: The market is trading on 170.94 pivot level. Bias - Bearish Target - 169.87  #CHFJPY 💹Time Frame : 5H (forecast) 🍀;169.87
GBPUSD Buyers In Panic! SELL! 👩🏼‍💻My dear subscribers, GBPUSD looks like it will make a good move, and here are the details: The market is trading on 1.2761 pivot level. Bias - Bearish — My Stop Loss - 1.2789 Target - 1.2717  #GBPUSD 💹Time Frame : 8H (signal) 🍀;1.2717
GOLD The Target Is UP! BUY! 👩🏼‍💻My dear friends, My technical analysis for GOLD is below: The market is trading on 2034.5 pivot level. Bias - Bullish  Target - 2054.4 Recommended Stop Loss - 2023.8  #GOLD 💹Time Frame : 12H (signal) 🍀;2054.4
AUDNZD Technical Analysis! BUY! 👩🏼‍💻My dear subscribers, This is my opinion on the AUDNZD next move: The instrument tests an important psychological level 1.0723 Bias - Bullish Target - 1.0744  #AUDNZD 💹Time Frame : 5H (forecast) 🍀;1.0744
EURCAD Set To Fall! SELL! 👩🏼‍💻My dear friends, Please, find my technical outlook for EURCAD below: The price is coiling around a solid key level - 1.4665 Bias - Bearish — Goal - 1.4629 Safe Stop Loss - 1.4678  #EURCAD 💹Time Frame : 8H (signal) 🍀;1.4629
GBPCHF My Opinion! SELL! 👩🏼‍💻My dear subscribers, This is my opinion on the GBPCHF next move: The instrument tests an important psychological level 1.0854 Bias - Bearish — Target - 1.0777 My Stop Loss - 1.0892  #GBPCHF 💹Time Frame : 12H (signal) —— 🤍 Get Exclusive Signals in My VIP 👉 Contact Me - AnabelContact 🤍;1.0777
GOLD What Next? SELL! 👩🏼‍💻My dear friends, GOLD looks like it will make a good move, and here are the details: The market is trading on 2049.1 pivot level. Bias - Bearish Goal - 2036.0  #GOLD 💹Time Frame : 2H (forecast) 🍀;2036.0
EURGBP Massive Long! BUY! 👩🏼‍💻My dear friends, EURGBP looks like it will make a good move, and here are the details: The market is trading on 0.8583 pivot level. Bias - Bullish — Goal - 0.8613 Recommended Stop Loss - 0.8568  #EURGBP 💹Time Frame : 8H (signal) 🍀;0.8613
EURAUD A Fall Expected! SELL! 👩🏼‍💻My dear followers, I analysed this chart on EURAUD and concluded the following: The market is trading on 1.6372 pivot level. Bias - Bearish —— Target - 1.6299 Safe Stop Loss - 1.6410  #EURAUD 💹Time Frame : 12H (signal) 🍀;1.6299
EURUSD Will Explode! BUY! 👩🏼‍💻My dear subscribers, My technical analysis for EURUSD is below: The price is coiling around a solid key level - 1.0948 Bias - Bullish Goal - 1.0965  #EURUSD 💹Time Frame : 1H (forecast) 🍀;1.0965
TESLA Set To Grow! BUY! 👩🏼‍💻My dear friends, Please, find my technical outlook for TESLA below: The instrument tests an important psychological level 218.79 Bias - Bullish Target - 240.72  #TESLA 💹Time Frame : 5H (forecast) 🍀;240.72
NZDCAD Technical Analysis! SELL! 👩🏼‍💻My dear subscribers, My technical analysis for NZDCAD is below: The price is coiling around a solid key level - 0.8366 Bias - Bearish  Goal - 0.8343 My Stop Loss - 0.8378  #NZDCAD 💹Time Frame : 8H (signal) 🍀;0.8343
EURJPY Under Pressure! SELL! 👩🏼‍💻My dear followers, This is my opinion on the EURJPY next move: The asset is approaching an important pivot point 159.60 Bias - Bearish Goal - 159.05  #EURJPY 💹Time Frame : 1H (forecast) 🍀;159.05
GOLD Massive Short! SELL! 👩🏼‍💻My dear subscribers, GOLD looks like it will make a good move, and here are the details: The market is trading on 2054.0 pivot level. Bias - Bearish Target - 2036.5  #GOLD 💹Time Frame : 5H (forecast) 🍀;2036.5
USDCAD Buyers In Panic! SELL! 👩🏼‍💻My dear followers, This is my opinion on the USDCAD next move: The asset is approaching an important pivot point 1.3438 Bias - Bearish — Safe Stop Loss - 1.3473 Goal - 1.3373  #USDCAD 💹Time Frame : 8H (signal) 🍀;1.3373
NZDUSD Expected Growth! BUY! 👩🏼‍💻My dear subscribers, NZDUSD looks like it will make a good move, and here are the details: The market is trading on 0.6189 pivot level. Bias - Bullish — My Stop Loss - 0.6155 Target - 0.6249  #NZDUSD 💹Time Frame : 8H (signal) 🍀;0.6249
CADCHF The Target Is DOWN! SELL! 👩🏼‍💻My dear friends, My technical analysis for CADCHF is below: The market is trading on 0.6374 pivot level. Bias - Bearish Target - 0.6368  #CADCHF 💹Time Frame : 1H (forecast) 🍀;0.6368
EURUSD Massive Long! BUY! 👩🏼‍💻My dear friends, Please, find my technical outlook for EURUSD below: The price is coiling around a solid key level - 1.0886 Bias - Bullish Goal - 1.0948  #EURUSD 💹Time Frame : 5H (forecast) 🍀;1.0948
GBPAUD Will Collapse! SELL! 👩🏼‍💻My dear friends, My technical analysis for GBPAUD is below: The market is trading on 1.9133 pivot level. Bias - Bearish — Target - 1.9010 Recommended Stop Loss - 1.9201  #GBPAUD 💹Time Frame : 8H (signal) 🍀;1.9010
USDCHF Set To Fall! SELL! 👩🏼‍💻My dear friends, Please, find my technical outlook for USDCHF below: The price is coiling around a solid key level - 0.8609 Bias - Bearish —— Goal - 0.8510 Safe Stop Loss - 0.8671  #USDCHF 💹Time Frame : 12H (signal) —— 💬 My Contact  - AnabelContact 🥳 ❤ Join My VIP Group ❤️;0.8510
GOLD The Target Is UP! BUY! 👩🏼‍💻My dear subscribers, This is my opinion on the GOLD next move: The instrument tests an important psychological level 2025.5 Bias - Bullish Target - 2040.0  #GOLD 💹Time Frame : 3H (forecast) 🍀;2040.0
EURNZD My Opinion! SELL! 👩🏼‍💻My dear friends, EURNZD looks like it will make a good move, and here are the details: The market is trading on 1.7771 pivot level. Bias - Bearish Goal - 1.7640  #EURNZD 💹Time Frame : 5H (forecast) 🍀;1.7640
EURJPY What Next? SELL! 👩🏼‍💻My dear subscribers, This is my opinion on the EURJPY next move: The instrument tests an important psychological level 160.62 Bias - Bearish — Target - 159.17 My Stop Loss - 161.35  #EURJPY 💹Time Frame : 8H (signal) 🍀;159.17
EURGBP Will Explode! BUY! 👩🏼‍💻My dear friends, EURGBP looks like it will make a good move, and here are the details: The market is trading on 0.8573 pivot level. Bias - Bullish  Goal - 0.8609 Recommended Stop Loss - 0.8555  #EURGBP 💹Time Frame : 12H (signal) 🍀;0.8609
CHFJPY Set To Grow! BUY! 👩🏼‍💻My dear followers, I analysed this chart on CHFJPY and concluded the following: The market is trading on 170.53 pivot level. Bias - Bullish Target - 170.98  #CHFJPY 💹Time Frame : 1H (forecast) 🍀;170.98
EURCHF Trading Opportunity! SELL! 👩🏼‍💻My dear subscribers, My technical analysis for EURCHF is below: The price is coiling around a solid key level - 0.9428 Bias - Bearish Goal - 0.9377  #EURCHF 💹Time Frame : 5H (forecast) 🍀;0.9377
EURUSD My Opinion! BUY! 👩🏼‍💻My dear followers, I analysed this chart on EURUSD and concluded the following: The market is trading on 1.0852 pivot level. Bias - Bullish — Target - 1.0911 Safe Stop Loss - 1.0819  #EURUSD 💹Time Frame : 8H (signal) 🍀;1.0911
USDCAD A Fall Expected! SELL! 👩🏼‍💻My dear subscribers, My technical analysis for USDCAD is below: The price is coiling around a solid key level - 1.3507 Bias - Bearish — Goal - 1.3405 My Stop Loss - 1.3559  #USDCAD 💹Time Frame : 12H (signal) —— 😇 About My VIP Signals 💬 My Contact  - AnabelContact ❤️;1.3405
GOLD Technical Analysis! SELL! 👩🏼‍💻My dear friends, My technical analysis for GOLD is below: The market is trading on 2035.5 pivot level. Bias - Bearish Target - 2023.1  #GOLD 💹Time Frame : 1H (forecast) 🍀;2023.1
EURCAD Will Explode! BUY! 👩🏼‍💻My dear friends, Please, find my technical outlook for EURCAD below: The price is coiling around a solid key level - 1.4666 Bias - Bullish Goal - 1.4705  #EURCAD 💹Time Frame : 5H (forecast) 🍀;1.4705
AUDCHF A Fall Expected! SELL! 👩🏼‍💻My dear friends, My technical analysis for AUDCHF is below: The market is trading on 0.5721 pivot level. Bias - Bearish  Target - 0.5684 Recommended Stop Loss - 0.5739  #AUDCHF 💹Time Frame : 8H (signal) 🍀;0.5684
AUDJPY Trading Opportunity! SELL! 👩🏼‍💻My dear friends, Please, find my technical outlook for AUDJPY below: The price is coiling around a solid key level - 97.657 Bias - Bearish — Goal - 96.905 Safe Stop Loss - 98.000  #AUDJPY 💹Time Frame : 12H (signal) 🍀;96.905
EURUSD What Next? SELL! 👩🏼‍💻My dear subscribers, This is my opinion on the EURUSD next move: The instrument tests an important psychological level 1.0897 Bias - Bearish Target - 1.0882  #EURUSD 💹Time Frame : 1H (forecast) 🍀;1.0882
TESLA Set To Grow! BUY! 👩🏼‍💻My dear friends, TESLA looks like it will make a good move, and here are the details: The market is trading on 212.19 pivot level. Bias - Bullish Goal - 228.50  #TESLA 💹Time Frame : 5H (forecast) 🍀;228.50
SPY My Opinion! SELL! 👩🏼‍💻My dear subscribers, This is my opinion on the SPY next move: The instrument tests an important psychological level 482.41 Bias - Bearish —— Target - 466.65 My Stop Loss - 490.93  #SPY 💹Time Frame : 8H (signal) 🍀;466.65
QQQ Under Pressure! SELL! 👩🏼‍💻My dear friends, QQQ looks like it will make a good move, and here are the details: The market is trading on 421.23 pivot level. Bias - Bearish — Goal - 403.51 Recommended Stop Loss - 430.34  #QQQ 💹Time Frame : 12H (signal) —— 🤍 Get Exclusive Signals in My VIP 👉 Contact Me - AnabelContact 🤍;403.51
SILVER Sellers In Panic! BUY! 👩🏼‍💻My dear subscribers, My technical analysis for SILVER is below: The price is coiling around a solid key level - 22.619 Bias - Bullish — Goal - 23.050 My Stop Loss -22.400  #SILVER 💹Time Frame : 12H (signal) 🍀;23.050
AUDCAD Expected Growth! BUY! 👩🏼‍💻My dear friends, Please, find my technical outlook for AUDCAD below: The instrument tests an important psychological level 0.8852 Bias - Bullish Target - 0.8863  #AUDCAD 💹Time Frame : 1H (forecast) 🍀;0.8863
CADJPY Set To Fall! SELL 👩🏼‍💻My dear followers, This is my opinion on the CADJPY next move: The asset is approaching an important pivot point 110.10 Bias - Bearish Goal - 109.33  #CADJPY 💹Time Frame : 5H (forecast) 🍀;109.33
EURGBP Technical Analysis! BUY! 👩🏼‍💻My dear subscribers, EURGBP looks like it will make a good move, and here are the details: The market is trading on 0.8555 pivot level. Bias - Bullish  My Stop Loss - 0.8537 Target - 0.8591  #EURGBP 💹Time Frame : 8H (signal) 🍀;0.8591
EURUSD On The Rise! BUY! 👩🏼‍💻My dear friends, My technical analysis for EURUSD is below: The market is trading on 1.0881 pivot level. Bias - Bullish — Target - 1.0955 Recommended Stop Loss - 1.0849  #EURUSD 💹Time Frame : 12H (signal) —— Join My Premium Channel NOW 💜 ❤️ Contact Me Now - AnabelContact 💙;1.0955
EURAUD My Opinion! BUY! 👩🏼‍💻My dear subscribers, EURAUD looks like it will make a good move, and here are the details: The market is trading on 1.6513 pivot level. Bias - Bullish Target - 1.6535  #EURAUD 💹Time Frame : 1H (forecast) 🍀;1.6535
GBPUSD Buyers In Panic! SELL! 👩🏼‍💻My dear friends, My technical analysis for GBPUSD is below: The market is trading on 1.2705 pivot level. Bias - Bearish Target - 1.2678  #GBPUSD 💹Time Frame : 5H (forecast) 🍀;1.2678
GBPCAD The Target Is DOWN! SELL! 👩🏼‍💻My dear friends, Please, find my technical outlook for GBPCAD below: The price is coiling around a solid key level - 1.7129 Bias - Bearish — Goal - 1.7053 Safe Stop Loss - 1.7167  #GBPCAD 💹Time Frame : 8H (signal) 🍀;1.7053
SILVER Massive Long! BUY! 👩🏼‍💻My dear subscribers, This is my opinion on the SILVER next move: The instrument tests an important psychological level 22.275 Bias - Bullish  Target - 22.895 My Stop Loss - 21.973  #SILVER 💹Time Frame : 12H (signal) 🍀;22.895
EURUSD Will Collapse! SELL! 👩🏼‍💻My dear friends, Please, find my technical outlook for EURUSD below: The price is coiling around a solid key level - 1.0902 Bias - Bearish Goal - 1.0865  #EURUSD 💹Time Frame : 1H (forecast) 🍀;1.0865
EURNZD What Next? BUY! 👩🏼‍💻My dear friends, EURNZD looks like it will make a good move, and here are the details: The market is trading on 1.7768 pivot level. Bias -Bullish Goal - 1.7860  #EURNZD 💹Time Frame : 5H (forecast) 🍀;1.7860
EURGBP Trading Opportunity! BUY! 👩🏼‍💻My dear friends, EURGBP looks like it will make a good move, and here are the details: The market is trading on 0.8553 pivot level. Bias - Bullish  Goal - 0.8590 Recommended Stop Loss - 0.8536  #EURGBP 💹Time Frame : 8H (signal) 🍀;0.8590
USDCHF Massive Short! SELL! 👩🏼‍💻My dear followers, I analysed this chart on USDCHF and concluded the following: The market is trading on 0.8643 pivot level. Bias - Bearish — Target - 0.8559 Safe Stop Loss - 0.8685  #USDCHF 💹Time Frame :12H (signal) 🍀;0.8559
GBPJPY Sellers In Panic! BUY! 👩🏼‍💻My dear followers, I analysed this chart on GBPJPY and concluded the following: The market is trading on 187.335 pivot level. Bias - Bullish Target - 187.73  #GBPJPY 💹Time Frame : 1H (forecast) 🍀;187.73
GOLD On The Rise! BUY! 👩🏼‍💻My dear subscribers, My technical analysis for GOLD is below: The price is coiling around a solid key level - 2024.0 Bias - Bullish Goal - 2034.8  #GOLD 💹Time Frame : 5H (forecast) 🍀;2034.8
EURJPY Technical Analysis! BUY! 👩🏼‍💻My dear subscribers, My technical analysis for EURJPY is below: The price is coiling around a solid key level - 159.78. Bias - Bullish Goal - 160.68 My Stop Loss - 159.39  #EURJPY 💹Time Frame :7H (signal) 🍀;160.68
GBPCAD Massive Short! SELL! 👩🏼‍💻My dear friends, Please, find my technical outlook for GBPCAD below: The instrument tests an important psychological level 1.7162 Bias - Bearish — Target - 1.7089 Recommended Stop Loss - 1.7209  #GBPCAD 💹Time Frame :12H (signal) 🍀;1.7089
EURUSD Under Pressure! SELL! 👩🏼‍💻My dear friends, Please, find my technical outlook for EURUSD below: The instrument tests an important psychological level 1.0873 Bias - Bearish Target - 1.0847  #EURUSD 💹Time Frame : 1H (forecast);1.0847
GBPUSD Massive Short! SELL! 👩🏼‍💻My dear followers, This is my opinion on the GBPUSD next move: The asset is approaching an important pivot point 1.2750 Bias - Bearish Goal - 1.2710  #GBPUSD 💹Time Frame : 5H (forecast) 🍀;1.2710
EURAUD Expected Growth! BUY! 👩🏼‍💻My dear followers, This is my opinion on the EURAUD next move: The asset is approaching an important pivot point 1.6484 Bias - Bullish — Safe Stop Loss - 1.6417 Goal - 1.6569 — 💐 #EURAUD 💹Time Frame :7H (signal) 🍀;1.6569
AUDNZD Buyers In Panic! SELL! 👩🏼‍💻My dear subscribers, AUDNZD looks like it will make a good move, and here are the details: The market is trading on 1.0800 pivot level. Bias - Bearish — My Stop Loss - 1.0816 Target - 1.0767 — 💐 #AUDNZD 💹Time Frame :12H (signal) 🍀;1.0767
QQQ Will Collapse! SELL! 👩🏼‍💻My dear friends, My technical analysis for QQQ is below: The market is trading on 423.77 pivot level. Bias - Bearish Target - 413.83  #QQQ 💹Time Frame : 5H (forecast) 🍀;413.83
GOLD Trading Opportunity! BUY! 👩🏼‍💻My dear friends, My technical analysis for GOLD is below: The market is trading on 2018.5 pivot level. Bias - Bullish  Target - 2036.0 Recommended Stop Loss - 2010.4 — 💐 #GOLD 💹Time Frame :8H (signal) 🍀;2036.0
NZDUSD What Next? BUY! 👩🏼‍💻My dear friends, Please, find my technical outlook for NZDUSD below: The price is coiling around a solid key level - 0.6091 Bias - Bullish Goal - 0.6106  #NZDUSD 💹Time Frame : 1H (forecast);0.6106
TESLA My Opinion! BUY! 👩🏼‍💻My dear subscribers, This is my opinion on the TESLA next move: The instrument tests an important psychological level 183.23 Bias - Bullish — Target - 207.92 My Stop Loss - 170.39 — 💐 #TESLA 💹Time Frame :8H (signal) 🍀;207.92
EURUSD Massive Long! BUY! 👩🏼‍💻My dear subscribers, This is my opinion on the EURUSD next move: The instrument tests an important psychological level 1.0853 Bias - Bullish — Target - 1.0935 My Stop Loss - 1.0814 — 💐 #EURUSD 💹Time Frame 12H (signal) 🍀;1.0935
GOLD My Opinion! SELL! 👩🏼‍💻My dear friends, GOLD looks like it will make a good move, and here are the details: The market is trading on 2036.4 pivot level. Bias - Bearish Goal - 2027.4  #GOLD 💹Time Frame : 2H (forecast) 🍀;2027.4
EURCAD The Target Is UP! BUY! 👩🏼‍💻My dear followers, I analysed this chart on EURCAD and concluded the following: The market is trading on 1.4536 pivot level. Bias - Bullish Target - 1.4607  #EURCAD 💹Time Frame : 5H (forecast);1.4607
EURNZD Sellers In Panic! BUY! 👩🏼‍💻My dear subscribers, This is my opinion on the EURNZD next move: The instrument tests an important psychological level 1.7706 Bias - Bullish —— Target - 1.7823 My Stop Loss - 1.7647 — 💐 #EURNZD 💹Time Frame :8H (signal) 🍀;1.7823
EURGBP Massive Long! BUY! 👩🏼‍💻My dear friends, EURGBP looks like it will make a good move, and here are the details: The market is trading on 0.8524 pivot level. Bias - Bullish —— Goal - 0.8567 Recommended Stop Loss - 0.8501 — 💐 #EURGBP 💹Time Frame :12H (signal) 🍀;0.8567
EURUSD What Next? SELL! 👩🏼‍💻My dear subscribers, My technical analysis for EURUSD is below: The price is coiling around a solid key level - 1.0831 Bias - Bearish Goal - 1.0817  #EURUSD 💹Time Frame : 1H (forecast);1.0817
GBPNZD Set To Grow! BUY! 👩🏼‍💻My dear friends, Please, find my technical outlook for GBPNZD below: The instrument tests an important psychological level 2.0711 Bias - Bullish Target - 2.0805  #GBPNZD 💹Time Frame : 5H (forecast);2.0805
EURCHF Will Explode! BUY! 👩🏼‍💻My dear followers, I analysed this chart on EURCHF and concluded the following: The market is trading on 0.9349 pivot level. Bias - Bullish — Target - 0.9399 Safe Stop Loss - 0.9320 — 💐 #EURCHF 💹Time Frame :8H (signal) 🍀;0.9399
GBPCAD The Target Is UP! BUY! 👩🏼‍💻My dear subscribers, My technical analysis for GBPCAD is below: The price is coiling around a solid key level - 1.7006 Bias - Bullish — Goal - 1.7099 My Stop Loss - 1.6963 — 💐 #GBPCAD 💹Time Frame :12H (signal) —— 💬 My Contact  - AnabelContact 🥳 ❤ Join My VIP Group ❤️;1.7099
EURJPY Trading Opportunity! SELL! 👩🏼‍💻My dear followers, This is my opinion on the EURJPY next move: The asset is approaching an important pivot point 160.18 Bias - Bearish Goal - 159.87  #EURJPY 💹Time Frame : 1H (forecast) 🍀;159.87
GOLD A Fall Expected! SELL! 👩🏼‍💻My dear subscribers, GOLD looks like it will make a good move, and here are the details: The market is trading on 2042.2 pivot level. Bias - Bearish Target - 2027.2  #GOLD 💹Time Frame : 5H (forecast);2027.2
EURCAD Sellers In Panic! BUY! 👩🏼‍💻My dear friends, Please, find my technical outlook for EURCAD below: The instrument tests an important psychological level 1.4560 Bias - Bullish — Target - 1.4609 Recommended Stop Loss - 1.4533  💐 #EURCAD 💹Time Frame :8H (signal) 🍀;1.4609
GBPCHF Massive Long! BUY! 👩🏼‍💻My dear followers, This is my opinion on the GBPCHF next move: The asset is approaching an important pivot point 1.0913 Bias - Bullish  Safe Stop Loss - 1.0874 Goal - 1.0993  💐 #GBPCHF 💹Time Frame :12H (signal) 🍀;1.0993
EURUSD Technical Analysis! BUY! 👩🏼‍💻My dear friends, My technical analysis for EURUSD is below: The market is trading on 1.0819 pivot level. Bias - Bullish Target - 1.0853  #EURUSD 💹Time Frame : 4H (forecast);1.0853
NZDCHF Expected Growth! BUY! 👩🏼‍💻My dear friends, Please, find my technical outlook for NZDCHF below: The price is coiling around a solid key level - 0.5255 Bias - Bullish Goal - 0.5279  #GOLD 💹Time Frame : 5H (forecast) 🍀;0.5279
CHFJPY On The Rise! BUY! 👩🏼‍💻My dear subscribers, CHFJPY looks like it will make a good move, and here are the details: The market is trading on 170.01 pivot level. Bias - Bullish —— My Stop Loss - 169.51 Target - 170.90  💐 #CHFJPY 💹Time Frame :8H (signal) 🍀;170.90
USDJPY Trading Opportunity! BUY! 👩🏼‍💻My dear friends, My technical analysis for USDJPY is below: The market is trading on 146.65 pivot level. Bias - Bullish —— Target - 148.64 Recommended Stop Loss - 145.57  💐 #USDJPY 💹Time Frame :12H (signal) —— 😇 About My VIP Signals 💬 My Contact  - AnabelContact ❤️;148.64
GBPJPY Technical Analysis! SELL! 👩🏼‍💻My dear subscribers, This is my opinion on the GBPJPY next move: The instrument tests an important psychological level 187.17 Bias - Bearish Target - 186.42  #GBPJPY 💹Time Frame : 1H (forecast) 🍀;186.42
GOLD Under Pressure! SELL! 👩🏼‍💻My dear friends, GOLD looks like it will make a good move, and here are the details: The market is trading on 2054.8 pivot level. Bias - Bearish Goal - 2037.9  #GOLD 💹Time Frame : 5H (forecast) 🍀;2037.9
NZDUSD Massive Short! SELL! 👩🏼‍💻My dear friends, Please, find my technical outlook for NZDUSD below: The price is coiling around a solid key level - 0.6155 Bias - Bearish — Goal - 0.6119 Safe Stop Loss - 0.6178  💐 #NZDUSD 💹Time Frame :8H (signal) 🍀;0.6119
USDCAD Set To Grow! BUY! 👩🏼‍💻My dear subscribers, This is my opinion on the USDCAD next move: The instrument tests an important psychological level 1.3374 Bias - Bullish — Target - 1.3455 My Stop Loss - 1.3327  💐 #USDCAD 💹Time Frame :12H (signal) 🍀;1.3455
EURUSD My Opinion! BUY! 👩🏼‍💻My dear followers, I analysed this chart on EURUSD and concluded the following: The market is trading on 1.0786 pivot level. Bias - Bullish Target - 1.0832  #EURUSD 💹Time Frame : 3H (forecast) 🍀;1.0832
SPY Buyers In Panic! SELL! 👩🏼‍💻My dear subscribers, My technical analysis for SPY is below: The price is coiling around a solid key level - 494.29 Bias - Bearish Goal - 482.90  #SPY 💹Time Frame : 5H (forecast) 🍀;482.90
APPLE What Next? BUY! 👩🏼‍💻My dear friends, APPLE looks like it will make a good move, and here are the details: The market is trading on 185.84 pivot level. Bias - Bullish — Goal - 191.12 Recommended Stop Loss - 183.07  💐 #APPLE 💹Time Frame :8H (signal) 🍀;191.12
SILVER On The Rise! BUY! 👩🏼‍💻My dear friends, Please, find my technical outlook for SILVER below: The instrument tests an important psychological level 22.689 Bias - Bullish Target - 23.081  #SILVER 💹Time Frame : 3H (forecast) 🍀;23.081
TESLA Expected Growth! BUY! 👩🏼‍💻My dear followers, This is my opinion on the TESLA next move: The asset is approaching an important pivot point 187.87 Bias - Bullish Goal - 216.45 — 💐 #TESLA 💹Time Frame : 6H (forecast) 🍀;216.45
QQQ The Target Is DOWN! SELL! 👩🏼‍💻My dear subscribers, My technical analysis for QQQ is below: The price is coiling around a solid key level - 429.15 Bias - Bearish — Goal - 411.10 My Stop Loss - 437.47 — 💐 #QQQ 💹Time Frame :8H (signal) 🍀;411.10
EURCAD Massive Long! BUY! 👩🏼‍💻My dear subscribers, EURCAD looks like it will make a good move, and here are the details: The market is trading on 1.4498 pivot level. Bias - Bullish Target - 1.4525  #EURCAD 💹Time Frame : 1H (forecast) 🍀;1.4525
GBPUSD Sellers In Panic! BUY! 👩🏼‍💻My dear friends, My technical analysis for GBPUSD is below: The market is trading on 1.2591 pivot level. Bias - Bullish Target - 1.2661  #GBPUSD 💹Time Frame : 5H (forecast) 🍀;1.2661
EURUSD The Target Is UP! BUY! 👩🏼‍💻My dear followers, This is my opinion on the EURUSD next move: The asset is approaching an important pivot point 1.0755 Bias - Bullish — Safe Stop Loss - 1.0721 Goal - 1.0816  #EURUSD 💹Time Frame :8H (signal) 🍀;1.0816
USDJPY Will Collapse! SELL! 👩🏼‍💻My dear subscribers, USDJPY looks like it will make a good move, and here are the details: The market is trading on 148.42 pivot level. Bias - Bearish — My Stop Loss - 149.37 Target - 146.67  #EURUSD 💹Time Frame :12H (signal) —— 🤍 Get Exclusive Signals in My VIP 👉 Contact Me - AnabelContact 🤍;146.67
GBPCHF Set To Fall! SELL! 👩🏼‍💻My dear friends, Please, find my technical outlook for GBPCHF below: The price is coiling around a solid key level - 1.0940 Bias - Bearish Goal - 1.0921  #GBPCHF 💹Time Frame : 1H (forecast) 🍀;1.0921
GOLD Will Explode! BUY! 👩🏼‍💻My dear subscribers, This is my opinion on the GOLD next move: The instrument tests an important psychological level 2025.0 Bias - Bullish Target - 2038.1  #GOLD 💹Time Frame : 5H (forecast) 🍀;2038.1
AUDUSD Technical Analysis! BUY! 👩🏼‍💻My dear friends, My technical analysis for AUDUSD is below: The market is trading on 0.6493 pivot level. Bias - Bullish — Target - 0.6577 Recommended Stop Loss - 0.6451  #AUDUSD 💹Time Frame :9H (signal) 🍀;0.6577
USDCAD My Opinion! SELL! 👩🏼‍💻My dear friends, Please, find my technical outlook for USDCAD below: The price is coiling around a solid key level - 1.3526 Bias - Bearish — Goal - 1.3448 Safe Stop Loss - 1.3573  #USDCAD 💹Time Frame :12H (signal) 🍀;1.3448
CADCHF What Next? SELL! 👩🏼‍💻My dear friends, CADCHF looks like it will make a good move, and here are the details: The market is trading on 0.6471 pivot level. Bias - Bearish Goal - 0.6450  #CADCHF 💹Time Frame : 1H (forecast) 🍀;0.6450
NZDJPY Trading Opportunity! SELL! 👩🏼‍💻My dear followers, I analysed this chart on NZDJPY and concluded the following: The market is trading on 90.358 pivot level. Bias - Bearish Target - 90.015  #NZDJPY 💹Time Frame : 5H (forecast) 🍀;90.015
EURCHF A Fall Expected! SELL! 👩🏼‍💻My dear subscribers, This is my opinion on the EURCHF next move: The instrument tests an important psychological level 0.9397 Bias - Bearish — Target - 0.9355 My Stop Loss - 0.9419  #EURCHF 💹Time Frame :8H (signal) 🍀;0.9355
EURUSD Set To Grow! BUY! 👩🏼‍💻My dear friends, EURUSD looks like it will make a good move, and here are the details: The market is trading on 1.0770 pivot level. Bias - Bullish  Goal - 1.0841 Recommended Stop Loss - 1.0730  #EURUSD 💹Time Frame :12H (signal) —— Join My Premium Channel NOW 💜 ❤️ Contact Me Now - AnabelContact 💙;1.0841
AUDCAD Will Explode! BUY! 👩🏼‍💻My dear subscribers, My technical analysis for AUDCAD is below: The price is coiling around a solid key level - 0.8750 Bias - Bullish Goal - 0.8774  #AUDCAD 💹Time Frame : 1H (forecast) 🍀;0.8774
EURJPY Technical Analysis! SELL! 👩🏼‍💻My dear friends, Please, find my technical outlook for EURJPY below: The instrument tests an important psychological level 160.57 Bias - Bearish Target - 159.64  #EURJPY 💹Time Frame : 5H (forecast) 🍀;159.64
USDJPY Under Pressure! SELL! 👩🏼‍💻My dear followers, I analysed this chart on USDJPY and concluded the following: The market is trading on 149.29 pivot level. Bias - Bearish — Target - 147.83 Safe Stop Loss - 149.76  #USDJPY 💹Time Frame :8H (signal) 🍀;147.83
SILVER The Target Is UP! BUY! 👩🏼‍💻My dear subscribers, My technical analysis for SILVER is below: The price is coiling around a solid key level - 22.233 Bias - Bullish  Goal - 22.514 My Stop Loss - 22.032  #SILVER 💹Time Frame :10H (signal) 🍀;22.514
EURCAD Sellers In Panic! BUY! 👩🏼‍💻My dear followers, This is my opinion on the EURCAD next move: The asset is approaching an important pivot point 1.4493 Bias - Bullish Goal - 1.4501  #EURCAD 💹Time Frame : 1H (forecast) 🍀;1.4501
GBPJPY Massive Short! SELL! 👩🏼‍💻My dear subscribers, GBPJPY looks like it will make a good move, and here are the details: The market is trading on 188.29 pivot level. Bias - Bearish Target - 187.26  #GBPJPY 💹Time Frame : 5H (forecast) 🍀;187.26
USDCHF A Fall Expected! SELL! 👩🏼‍💻My dear friends, Please, find my technical outlook for USDCHF below: The instrument tests an important psychological level 0.8757 Bias - Bearish — Target - 0.8695 Recommended Stop Loss - 0.8789  #USDCHF 💹Time Frame :8H (signal) 🍀;0.8695
EURUSD The Target Is UP! BUY! 👩🏼‍💻My dear followers, This is my opinion on the EURUSD next move: The asset is approaching an important pivot point 1.0771 Bias -Bullish  Safe Stop Loss - 1.0739 Goal - 1.0822  #EURUSD 💹Time Frame :12H (signal) —— Join My Premium Channel NOW 💜 ❤️ Contact Me Now - AnabelContact 💙;1.0822
GOLD Sellers In Panic! BUY! 👩🏼‍💻My dear friends, My technical analysis for GOLD is below: The market is trading on 2024.3 pivot level. Bias -Bullish Target - 2029.6  #GOLD 💹Time Frame : 1H (forecast) 🍀;2029.6
GBPNZD Will Explode! BUY! 👩🏼‍💻My dear subscribers, GBPNZD looks like it will make a good move, and here are the details: The market is trading on 2.0515 pivot level. Bias - Bullish —— My Stop Loss - 2.0437 Target - 2.0668  #GBPNZD 💹Time Frame :8H (signal) 🍀;2.0668
GBPCHF A Fall Expected! SELL! 👩🏼‍💻My dear friends, My technical analysis for GBPCHF is below: The market is trading on 1.1048 pivot level. Bias - Bearish — Target - 1.0984 Recommended Stop Loss - 1.1078  #GBPCHF 💹Time Frame :12H (signal) 🍀;1.0984
SPY A Fall Expected! SELL! 👩🏼‍💻My dear subscribers, This is my opinion on the SPY next move: The instrument tests an important psychological level 501.18 Bias - Bearish Target - 496.45  #SPY 💹Time Frame : 1H (forecast) 🍀;496.45
EURUSD Technical Analysis! SELL! 👩🏼‍💻My dear friends, EURUSD looks like it will make a good move, and here are the details: The market is trading on 1.0783 pivot level. Bias - Bearish Goal - 1.0746  #EURUSD 💹Time Frame : 5H (forecast) 🍀;1.0746
NZDCAD Under Pressure! SELL! 👩🏼‍💻My dear friends, Please, find my technical outlook for NZDCAD below: The price is coiling around a solid key level - 0.8278 Bias - Bearish  Goal - 0.8237 Safe Stop Loss - 0.8304  #NZDCAD 💹Time Frame :8H (signal) 🍀;0.8237
CADJPY Massive Short! SELL! 👩🏼‍💻My dear subscribers, This is my opinion on the CADJPY next move: The instrument tests an important psychological level 110.85 Bias - Bearish —— Target - 109.85 My Stop Loss - 111.5  #CADJPY 💹Time Frame :12H (signal) —— 💬 My Contact  - AnabelContact 🥳 ❤ Join My VIP Group ❤️;109.85
AUDCHF Buyers In Panic! SELL! 👩🏼‍💻My dear friends, AUDCHF looks like it will make a good move, and here are the details: The market is trading on 0.5714 pivot level. Bias - Bearish Goal - 0.5704  #AUDCHF 💹Time Frame : 1H (forecast) 🍀;0.5704
GOLD Trading Opportunity! BUY! 👩🏼‍💻My dear followers, I analysed this chart on GOLD and concluded the following: The market is trading on 2019.9 pivot level. Bias - Bullish Target - 2031.4  #GOLD 💹Time Frame : 5H (forecast) 🍀;2031.4
AUDJPY The Target Is DOWN! SELL! 👩🏼‍💻My dear friends, AUDJPY looks like it will make a good move, and here are the details: The market is trading on 97.316 pivot level. Bias - Bearish Goal - 96.879 Recommended Stop Loss - 97.556  #AUDJPY 💹Time Frame :8H (signal) 🍀;96.879
USDCHF Will Collapse! SELL! 👩🏼‍💻My dear subscribers, My technical analysis for USDCHF is below: The price is coiling around a solid key level - 0.8766 Bias - Bearish — Goal - 0.8675 My Stop Loss - 0.8821  #USDCHF 💹Time Frame :12H (signal) 🍀;0.8675
EURUSD Set To Fall! SELL! 👩🏼‍💻My dear subscribers, My technical analysis for EURUSD is below: The price is coiling around a solid key level - 1.0793 Bias - Bearish Goal - 1.0776  #EURUSD 💹Time Frame : 1H (forecast) 🍀;1.0776
EURGBP Expected Growth! BUY! 👩🏼‍💻My dear friends, Please, find my technical outlook for EURGBP below: The instrument tests an important psychological level 0.8514 Bias - Bullish Target - 0.8535  #EURGBP 💹Time Frame : 5H (forecast) 🍀;0.8535
EURCHF My Opinion! SELL! 👩🏼‍💻My dear friends, Please, find my technical outlook for EURCHF below: The instrument tests an important psychological level 0.9484 Bias - Bearish  Target - 0.9436 Recommended Stop Loss - 0.9513  #EURCHF 💹Time Frame :8H (signal) 🍀;0.9436
GBPJPY What Next? SELL! 👩🏼‍💻My dear followers, This is my opinion on the GBPJPY next move: The asset is approaching an important pivot point 189.48 Bias - Bearish  Safe Stop Loss - 190.95 Goal - 186.98  #GBPJPY 💹Time Frame :12H (signal) 🍀;186.98
GBPNZD Massive Long! BUY! 👩🏼‍💻My dear followers, This is my opinion on the GBPNZD next move: The asset is approaching an important pivot point 2.0648 Bias - Bullish Goal - 2.0739  #GBPNZD 💹Time Frame : 1H (forecast) 🍀;2.0739
GBPUSD Sellers In Panic! BUY! 👩🏼‍💻My dear subscribers, GBPUSD looks like it will make a good move, and here are the details: The market is trading on 1.2562 pivot level. Bias - Bullish Target - 1.2618  #GBPUSD 💹Time Frame : 5H (forecast) 🍀;1.2618
AUDUSD The Target Is UP! BUY! 👩🏼‍💻My dear friends, My technical analysis for AUDUSD is below: The market is trading on 0.6474 pivot level. Bias - Bullish — Target - 0.6524 Recommended Stop Loss - 0.6449  #AUDUSD 💹Time Frame :8H (signal) 🍀;0.6524
GOLD Will Explode! BUY! 👩🏼‍💻My dear friends, Please, find my technical outlook for GOLD below: The price is coiling around a solid key level - 1990.5 Bias - Bullish  Goal - 2014.6 Safe Stop Loss - 1978.3  #GOLD 💹Time Frame :12H (signal) 🍀;2014.6
EURUSD Trading Opportunity! SELL! 👩🏼‍💻My dear friends, My technical analysis for EURUSD is below: The market is trading on 1.0765 pivot level. Bias - Bearish Target - 1.0740  #EURUSD 💹Time Frame : 1H (forecast) 🍀;1.0740
EURCAD A Fall Expected! SELL! 👩🏼‍💻My dear friends, Please, find my technical outlook for EURCAD below: The price is coiling around a solid key level - 1.4554 Bias - Bearish Goal - 1.4515  #EURCAD 💹Time Frame : 5H (forecast) 🍀;1.4515
AUDJPY Technical Analysis! SELL! 👩🏼‍💻My dear subscribers, This is my opinion on the AUDJPY next move: The instrument tests an important psychological level 97.784 Bias - Bearish — Target - 97.167 My Stop Loss - 98.117  #AUDJPY 💹Time Frame :8H (signal) 🍀;97.167
EURGBP Under Pressure! SELL! 👩🏼‍💻My dear friends, EURGBP looks like it will make a good move, and here are the details: The market is trading on 0.8563 pivot level. Bias - Bearish — Goal - 0.8540 Recommended Stop Loss - 0.8575  #EURGBP 💹Time Frame :12H (signal) —— 💬 My Contact  - AnabelContact 🥳 ❤ Join My VIP Group ❤️;0.8540
GOLD Set To Grow! BUY! 👩🏼‍💻My dear subscribers, This is my opinion on the GOLD next move: The instrument tests an important psychological level 1997.8 Bias - Bullish Target - 2004.0  #GOLD 💹Time Frame : 1H (forecast) 🍀;2004.0
CADJPY Massive Short! SELL! 👩🏼‍💻My dear friends, CADJPY looks like it will make a good move, and here are the details: The market is trading on 111.54 pivot level. Bias - Bearish Goal - 110.93  #CADJPY 💹Time Frame : 5H (forecast) 🍀;110.93
GBPAUD My Opinion! BUY! 👩🏼‍💻My dear followers, I analysed this chart on GBPAUD and concluded the following: The market is trading on 1.9310 pivot level. Bias - Bullish  Target - 1.9367 Safe Stop Loss - 1.9278  #GBPAUD 💹Time Frame :8H (signal) 🍀;1.9367
GBPCAD What Next? BUY! 👩🏼‍💻My dear subscribers, My technical analysis for GBPCAD is below: The price is coiling around a solid key level - 1.6956 Bias - Bullish  Goal - 1.7041 My Stop Loss - 1.6916  #GBPCAD 💹Time Frame :12H (signal) 🍀;1.7041
EURUSD Buyers In Panic! SELL! 👩🏼‍💻My dear followers, I analysed this chart on EURUSD and concluded the following: The market is trading on 1.0774 pivot level. Bias - Bearish Target -1.0746  #EURUSD 💹Time Frame : 3H (forecast) 🍀;1.0746
NZDUSD The Target Is DOWN! SELL! 👩🏼‍💻My dear subscribers, My technical analysis for NZDUSD is below: The price is coiling around a solid key level - 0.6124 Bias - Bearish Goal - 0.6092  #NZDUSD 💹Time Frame : 5H (forecast) 🍀;0.6092
SPY Set To Fall! SELL! 👩🏼‍💻My dear subscribers, SPY looks like it will make a good move, and here are the details: The market is trading on 499.49 pivot level. Bias - Bearish — My Stop Loss - 505.32 Target - 487.54  #SPY 💹Time Frame :12H (signal) —— 😇 About My VIP Signals 💬 My Contact  - AnabelContact ❤️;487.54
GBPNZD Trading Opportunity! BUY! 👩🏼‍💻My dear friends, Please, find my technical outlook for GBPNZD below: The instrument tests an important psychological level 2.0554 Bias - Bullish Target - 2.0599  #GBPNZD 💹Time Frame : 1H (forecast) 🍀;2.0599
APPLE On The Rise! BUY! 👩🏼‍💻My dear followers, This is my opinion on the APPLE next move: The asset is approaching an important pivot point 182.29 Bias - Bullish Goal - 186.19  #APPLE 💹Time Frame : 5H (forecast) 🍀;186.19
NZDJPY My Opinion! SELL! 👩🏼‍💻My dear friends, Please, find my technical outlook for NZDJPY below: The instrument tests an important psychological level 91.986 Bias - Bearish — Target - 91.306 Recommended Stop Loss - 92.366  #NZDJPY 💹Time Frame :7H (signal) 🍀;91.306
SILVER What Next? SELL! 👩🏼‍💻My dear subscribers, SILVER looks like it will make a good move, and here are the details: The market is trading on 23.416 pivot level. Bias - Bearish  My Stop Loss - 23.717 Target - 22.870  #SILVER 💹Time Frame :12H (signal) 🍀;22.870
GOLD Trading Opportunity! SELL! 👩🏼‍💻My dear friends, My technical analysis for GOLD is below: The market is trading on 2016.9 pivot level. Bias - Bearish Target - 2005.3 — 💐 #GOLD 💹Time Frame : 3H (forecast) 🍀;2005.3
NZDUSD A Fall Expected! SELL! 👩🏼‍💻My dear friends, Please, find my technical outlook for NZDUSD below: The price is coiling around a solid key level - 0.6144 Bias - Bearish Goal - 0.6105 — 💐 #NZDUSD 💹Time Frame : 5H (forecast) 🍀;0.6105
AUDCAD Technical Analysis! SELL! 👩🏼‍💻My dear followers, This is my opinion on the AUDCAD next move: The asset is approaching an important pivot point 0.8814 Bias - Bearish — Safe Stop Loss - 0.8832 Goal - 0.8781  #NZDJPY 💹Time Frame :7H (signal) 🍀;0.8781
EURNZD Set To Grow! BUY! 👩🏼‍💻My dear subscribers, EURNZD looks like it will make a good move, and here are the details: The market is trading on 1.7550 pivot level. Bias - Bullish  My Stop Loss - 1.7496 Target - 1.7642  #EURNZD 💹Time Frame :12H (signal) —— 🤍 Get Exclusive Signals in My VIP 👉 Contact Me - AnabelContact 🤍;1.7642
EURUSD Under Pressure! SELL! 👩🏼‍💻My dear subscribers, This is my opinion on the EURUSD next move: The instrument tests an important psychological level 1.0806 Bias - Bearish Target - 1.0783  #EURUSD 💹Time Frame : 1H (forecast) 🍀;1.0783
NZDCAD Massive Short! SELL! 👩🏼‍💻My dear friends, NZDCAD looks like it will make a good move, and here are the details: The market is trading on 0.8316 pivot level. Bias - Bearish Goal - 0.8268  #NZDCAD 💹Time Frame : 5H (forecast) 🍀;0.8268
EURAUD My Opinion! BUY! 👩🏼‍💻My dear friends, Please, find my technical outlook for EURAUD below: The instrument tests an important psychological level 1.6472 Bias - Bullish — Target - 1.6521 Recommended Stop Loss - 1.6445  #EURAUD 💹Time Frame 8H (signal) 🍀;1.6521
GBPAUD What Next? BUY! 👩🏼‍💻My dear followers, This is my opinion on the GBPAUD next move: The asset is approaching an important pivot point 1.9207 Bias - Bullish — Safe Stop Loss - 1.9107 Goal - 1.9370  #GBPAUD 💹Time Frame 12H (signal) 🍀;1.9370
EURNZD Trading Opportunity! BUY! 👩🏼‍💻My dear followers, I analysed this chart on EURNZD and concluded the following: The market is trading on 1.7463 pivot level. Bias - Bullish Target - 1.7495  #EURNZD 💹Time Frame : 1H (forecast) 🍀;1.7495
GOLD Buyers In Panic! SELL! 👩🏼‍💻My dear subscribers, My technical analysis for GOLD is below: The price is coiling around a solid key level - 2029.5 Bias - Bearish Goal - 2013.3  #GOLD 💹Time Frame : 5H (forecast) 🍀;2013.3
GBPCAD The Target Is DOWN! SELL! 👩🏼‍💻My dear friends, Please, find my technical outlook for GBPCAD below: The price is coiling around a solid key level - 1.7070 Bias - Bearish — Goal - 1.7019 Safe Stop Loss - 1.7099  #GBPCAD 💹Time Frame :8H (signal) 🍀;1.7019
AUDUSD Will Collapse! SELL! 👩🏼‍💻My dear subscribers, This is my opinion on the AUDUSD next move: The instrument tests an important psychological level 0.6555 Bias - Bearish  Target - 0.6502 My Stop Loss - 0.6583  #AUDUSD 💹Time Frame :12H (signal) —— Join My Premium Channel NOW 💜 ❤️ Contact Me Now - AnabelContact 💙;0.6502
GBPCHF Set To Fall! SELL! 👩🏼‍💻My dear followers, This is my opinion on the GBPCHF next move: The asset is approaching an important pivot point 1.1127 Bias - Bearish Goal - 1.1110  #GBPCHF 💹Time Frame : 1H (forecast) 🍀;1.1110
EURUSD My Opinion! SELL! 👩🏼‍💻My dear subscribers, EURUSD looks like it will make a good move, and here are the details: The market is trading on 1.0847 pivot level. Bias - Bearish Target - 1.0792  #EURUSD 💹Time Frame : 5H (forecast) 🍀;1.0792
USDCAD On The Rise! BUY! 👩🏼‍💻My dear friends, Please, find my technical outlook for USDCAD below: The price is coiling around a solid key level - 1.3455 Bias - Bullish  Goal - 1.3496 Safe Stop Loss - 1.3432  #USDCAD 💹Time Frame :8H (signal) 🍀;1.3496
GBPNZD Expected Growth! BUY! 👩🏼‍💻My dear subscribers, This is my opinion on the GBPNZD next move: The instrument tests an important psychological level 2.0435 Bias - Bullish  Target - 2.0572 My Stop Loss - 2.0366  #GBPNZD 💹Time Frame :12H (signal) 🍀;2.0572
USDJPY Technical Analysis! BUY! 👩🏼‍💻My dear subscribers, USDJPY looks like it will make a good move, and here are the details: The market is trading on 150.42 pivot level. Bias - Bullish Target - 150.59  #USDJPY 💹Time Frame : 1H (forecast) 🍀;150.59
SILVER Massive Long! BUY! 👩🏼‍💻My dear friends, My technical analysis for SILVER is below: The market is trading on 22.719 pivot level. Bias - Bullish Target - 23.082  #SILVER 💹Time Frame : 5H (forecast) 🍀;23.082
EURAUD Sellers In Panic! BUY! 👩🏼‍💻My dear friends, Please, find my technical outlook for EURAUD below: The price is coiling around a solid key level - 1.6479 Bias - Bullish —— Goal - 1.6530 Safe Stop Loss - 1.6448  #EURAUD 💹Time Frame :8H (signal) 🍀;1.6530
GBPUSD What Next? SELL! 👩🏼‍💻My dear subscribers, This is my opinion on the GBPUSD next move: The instrument tests an important psychological level 1.2689 Bias - Bearish — Target - 1.2636 My Stop Loss - 1.2713  #GBPUSD 💹Time Frame :12H (signal) 🍀;1.2636
EURGBP Will Explode! BUY! 👩🏼‍💻My dear subscribers, This is my opinion on the EURGBP next move: The instrument tests an important psychological level 0.8533 Bias -Bullish Target - 0.8550  #EURGBP 💹Time Frame : 5H (forecast) 🍀;0.8550
EURUSD Trading Opportunity! SELL! 👩🏼‍💻My dear friends, My technical analysis for EURUSD is below: The market is trading on 1.0817 pivot level. Bias - Bearish  Target - 1.0780 Recommended Stop Loss - 1.0837  #EURUSD 💹Time Frame :8H (signal) 🍀;1.0780
QQQ A Fall Expected! SELL! 👩🏼‍💻My dear friends, QQQ looks like it will make a good move, and here are the details: The market is trading on 436.74 pivot level. Bias - Bearish — Goal - 426.12 Recommended Stop Loss - 441.83  #QQQ 💹Time Frame :12H (signal) 🍀;426.12
GOLD Technical Analysis! SELL! 👩🏼‍💻My dear followers, I analysed this chart on GOLD and concluded the following: The market is trading on 2035.3 pivot level. Bias - Bearish Target - 2024.3  #GOLD 💹Time Frame : 5H (forecast) 🍀;2024.3
APPLE My Opinion! BUY! 👩🏼‍💻My dear subscribers, My technical analysis for APPLE is below: The price is coiling around a solid key level - 182.48 Bias - Bullish — Goal - 186.65 My Stop Loss - 180.11  #APPLE 💹Time Frame :8H (signal) 🍀;186.65
GBPCHF Under Pressure! SELL! 👩🏼‍💻My dear friends, Please, find my technical outlook for GBPCHF below: The instrument tests an important psychological level 1.1164 Bias - Bearish  Target - 1.1089 Recommended Stop Loss - 1.1203  #GBPCHF 💹Time Frame :12H (signal) —— 💬 My Contact  - AnabelContact 🥳 ❤ Join My VIP Group ❤️;1.1089
GBPUSD Massive Short! SELL! 👩🏼‍💻My dear subscribers, My technical analysis for GBPUSD is below: The price is coiling around a solid key level - 1.2683 Bias - Bearish Goal - 1.2667  #GBPUSD 💹Time Frame : 1H (forecast) 🍀;1.2667
GBPJPY Buyers In Panic! SELL! 👩🏼‍💻My dear friends, Please, find my technical outlook for GBPJPY below: The instrument tests an important psychological level 191.21 Bias - Bearish Target - 190.13  #GBPJPY 💹Time Frame : 5H (forecast) 🍀;190.13
GBPAUD The Target Is DOWN! SELL! 👩🏼‍💻My dear followers, This is my opinion on the GBPAUD next move: The asset is approaching an important pivot point 1.9390 Bias - Bearish  Safe Stop Loss - 1.9421 Goal - 1.9327  #GBPAUD 💹Time Frame :8H (signal) 🍀;1.9327
EURUSD Will Collapse! SELL! 👩🏼‍💻My dear subscribers, EURUSD looks like it will make a good move, and here are the details: The market is trading on 1.0842 pivot level. Bias - Bearish —— My Stop Loss - 1.0875 Target - 1.0778  #EURUSD 💹Time Frame :12H (signal) 🍀;1.0778
USDJPY Massive Long! BUY! 👩🏼‍💻My dear followers, This is my opinion on the USDJPY next move: The asset is approaching an important pivot point 150.25 Bias - Bullish Goal - 150.411  #USDJPY 💹Time Frame : 1H (forecast) 🍀;150.411
EURNZD Set To Fall! SELL! 👩🏼‍💻My dear subscribers, EURNZD looks like it will make a good move, and here are the details: The market is trading on 1.7586 pivot level. Bias - Bearish Target - 1.7527  #EURNZD 💹Time Frame : 5H (forecast) 🍀;1.7527
EURAUD What Next? SELL! 👩🏼‍💻My dear friends, My technical analysis for EURAUD is below: The market is trading on 1.6563 pivot level. Bias - Bearish  Target - 1.6508 Recommended Stop Loss - 1.6592  #EURAUD 💹Time Frame :8H (signal) 🍀;1.6508
GOLD My Opinion! SELL 👩🏼‍💻My dear friends, Please, find my technical outlook for GOLD below: The price is coiling around a solid key level - 2034.9 Bias - Bearish  Goal - 2020.8 Safe Stop Loss - 2041.9  #GOLD 💹Time Frame :12H (signal) —— 😇 About My VIP Signals 💬 My Contact  - AnabelContact ❤️;2020.8
EURUSD What Next? BUY! 👩🏼‍💻My dear friends, My technical analysis for EURUSD is below: The market is trading on 1.0813 pivot level. Bias - Bullish Target - 1.0828  #EURUSD 💹Time Frame : 1H (forecast) 🍀;1.0828
AUDJPY Trading Opportunity! BUY! 👩🏼‍💻My dear friends, Please, find my technical outlook for AUDJPY below: The price is coiling around a solid key level - 97.891 Bias - Bullish Goal - 98.312  #AUDJPY 💹Time Frame : 5H (forecast) 🍀;98.312
CADJPY On The Rise! BUY! 👩🏼‍💻My dear subscribers, This is my opinion on the CADJPY next move: The instrument tests an important psychological level 111.01 Bias - Bullish  Target - 111.44 My Stop Loss - 110.73  #CADJPY 💹Time Frame :8H (signal) 🍀;111.44
CHFJPY Trading Opportunity! SELL! 👩🏼‍💻My dear friends, CHFJPY looks like it will make a good move, and here are the details: The market is trading on 171.22 pivot level. Bias - Bearish — Goal - 170.72 Recommended Stop Loss - 171.51  #CHFJPY 💹Time Frame :12H (signal) 🍀;170.72
GBPAUD Technical Analysis! BUY! 👩🏼‍💻My dear subscribers, This is my opinion on the GBPAUD next move: The instrument tests an important psychological level 1.9429 Bias - Bullish Target - 1.9469  #GBPAUD 💹Time Frame : 1H (forecast) 🍀;1.9469
GBPCHF The Target Is UP! BUY! 👩🏼‍💻My dear friends, GBPCHF looks like it will make a good move, and here are the details: The market is trading on 1.1134 pivot level. Bias - Bullish Goal - 1.1157  #GBPCHF 💹Time Frame : 5H (forecast) 🍀;1.1157
AUDUSD Sellers In Panic! BUY! 👩🏼‍💻My dear followers, I analysed this chart on AUDUSD and concluded the following: The market is trading on 0.6527 pivot level. Bias - Bullish  Target - 0.6555 Safe Stop Loss - 0.6513  #AUDUSD 💹Time Frame :8H (signal) 🍀;0.6555
GOLD A Fall Expected! SELL! 👩🏼‍💻My dear subscribers, My technical analysis for GOLD is below: The price is coiling around a solid key level - 2048.7 Bias - Bearish —— Goal -2032.0 My Stop Loss - 2057.1  #GOLD 💹Time Frame :12H (signal) —— 🤍 Get Exclusive Signals in My VIP 👉 Contact Me - AnabelContact 🤍;2032.0
EURUSD Will Explode! BUY! 👩🏼‍💻My dear followers, I analysed this chart on EURUSD and concluded the following: The market is trading on 1.0815 pivot level. Bias - Bullish Target - 1.0828  #EURUSD 💹Time Frame : 2H (forecast) 🍀;1.0828
GBPUSD Set To Grow! BUY! 👩🏼‍💻My dear subscribers, My technical analysis for GBPUSD is below: The price is coiling around a solid key level - 1.2635 Bias - Bullish Goal - 1.2660  #GBPUSD 💹Time Frame : 5H (forecast) 🍀;1.2660
CHFJPY My Opinion! BUY! 👩🏼‍💻My dear friends, Please, find my technical outlook for CHFJPY below: The instrument tests an important psychological level 169.93 Bias - Bullish — Target - 170.36 Recommended Stop Loss - 169.69  #CHFJPY 💹Time Frame :8H (signal) 🍀;170.36
USDCAD Technical Analysis! SELL! 👩🏼‍💻My dear followers, This is my opinion on the USDCAD next move: The asset is approaching an important pivot point 1.3575 Bias - Bearish — Safe Stop Loss - 1.3598 Goal - 1.3528  #USDCAD 💹Time Frame :12H (signal) 🍀;1.3528
TESLA Under Pressure! SELL! 👩🏼‍💻My dear friends, Please, find my technical outlook for TESLA below: The instrument tests an important psychological level 202.66 Bias - Bearish Target - 196.76  #TESLA 💹Time Frame : 3H (forecast) 🍀;196.76
SILVER Massive Short! SELL! 👩🏼‍💻My dear followers, This is my opinion on the SILVER next move: The asset is approaching an important pivot point 23.128 Bias - Bearish Goal - 22.875  #SILVER 💹Time Frame : 5H (forecast) 🍀;22.875
SPY Buyers In Panic! SELL! 👩🏼‍💻My dear subscribers, SPY looks like it will make a good move, and here are the details: The market is trading on 512.85 pivot level. Bias - Bearish  My Stop Loss - 518.72 Target - 501.48  #SPY 💹Time Frame :8H (signal) 🍀;501.48
EURUSD Set To Fall! SELL! 👩🏼‍💻My dear subscribers, EURUSD looks like it will make a good move, and here are the details: The market is trading on 1.0874 pivot level. Bias - Bearish Target - 1.0817  #EURUSD 💹Time Frame : 1H (forecast) 🍀;1.0817
EURGBP My Opinion! SELL! 👩🏼‍💻My dear friends, Please, find my technical outlook for EURGBP below: The price is coiling around a solid key level - 0.8565 Bias - Bearish Goal - 0.8556  #EURGBP 💹Time Frame : 5H (forecast) 🍀;0.8556
APPLE What Next? BUY! 👩🏼‍💻My dear subscribers, This is my opinion on the APPLE next move: The instrument tests an important psychological level 179.63 Bias - Bullish  Target - 184.41 My Stop Loss - 177.23  #APPLE 💹Time Frame :8H (signal) 🍀;184.41
USDJPY Will Collapse! SELL! 👩🏼‍💻My dear subscribers, This is my opinion on the USDJPY next move: The instrument tests an important psychological level 150.45 Bias - Bearish Target - 150.25  #USDJPY 💹Time Frame : 1H (forecast) 🍀;150.25
SILVER Technical Analysis! SELL! 👩🏼‍💻My dear friends, SILVER looks like it will make a good move, and here are the details: The market is trading on 23.361 pivot level. Bias - Bearish Goal - 23.033  #SILVER 💹Time Frame : 5H (forecast) 🍀;23.033
USDCHF Under Pressure! SELL! 👩🏼‍💻My dear friends, Please, find my technical outlook for USDCHF below: The price is coiling around a solid key level - 0.8852 Bias - Bearish — Goal - 0.8809 Safe Stop Loss - 0.8875  #USDCHF 💹Time Frame :8H (signal) 🍀;0.8809
GBPNZD Massive Short! SELL! 👩🏼‍💻My dear subscribers, This is my opinion on the GBPNZD next move: The instrument tests an important psychological level 2.0811 Bias - Bearish —— Target - 2.0712 My Stop Loss - 2.0879  #GBPNZD 💹Time Frame :12H (signal) —— Join My Premium Channel NOW 💜 ❤️ Contact Me Now - AnabelContact 💙;2.0712
CHFJPY Trading Opportunity! BUY! 👩🏼‍💻My dear followers, I analysed this chart on CHFJPY and concluded the following: The market is trading on 169.67 pivot level. Bias - Bullish Target - 169.95  #CHFJPY 💹Time Frame : 1H (forecast) 🍀;169.95
EURAUD Buyers In Panic! SELL! 👩🏼‍💻My dear subscribers, My technical analysis for EURAUD is below: The price is coiling around a solid key level - 1.6712 Bias - Bearish Goal - 1.6633  #EURAUD 💹Time Frame : 5H (forecast) 🍀;1.6633
EURUSD The Target Is DOWN! SELL! 👩🏼‍💻My dear friends, EURUSD looks like it will make a good move, and here are the details: The market is trading on 1.0845 pivot level. Bias - Bearish  Goal - 1.0815 Recommended Stop Loss - 1.0854  #EURUSD 💹Time Frame :8H (signal) 🍀;1.0815
AUDUSD On The Rise! BUY! 👩🏼‍💻My dear followers, I analysed this chart on AUDUSD and concluded the following: The market is trading on 0.6494 pivot level. Bias - Bullish —— Target - 0.6534 Safe Stop Loss - 0.6476  #AUDUSD 💹Time Frame :12H (signal) 🍀;0.6534
NZDCHF Collapse! SELL! 👩🏼‍💻My dear friends, Please, find my technical outlook for NZDCHF below: The instrument tests an important psychological level 0.5401 Bias - Bearish Target - 0.5393  #NZDCHF 💹Time Frame : 1H (forecast) 🍀;0.5393
EURGBP Expected Growth! BUY! 👩🏼‍💻My dear followers, This is my opinion on the EURGBP next move: The asset is approaching an important pivot point 0.8546 Bias - Bullish Goal - 0.8555  #EURGBP 💹Time Frame : 5H (forecast) 🍀;0.8555
CADJPY Technical Analysis! BUY! 👩🏼‍💻My dear subscribers, My technical analysis for CADJPY is below: The price is coiling around a solid key level - 110.15 Bias - Bullish —— Goal - 110.58 My Stop Loss - 109.90  #CADJPY 💹Time Frame :8H (signal) 🍀;110.58
SILVER Set To Fall! SELL! 👩🏼‍💻My dear friends, Please, find my technical outlook for SILVER below: The instrument tests an important psychological level 23.742 Bias - Bearish — Target - 23.311 Recommended Stop Loss - 23.928  #SILVER 💹Time Frame :12H (signal) —— 💬 My Contact  - AnabelContact 🥳 ❤ Join My VIP Group ❤️;23.311
GBPCHF Massive Long! BUY! 👩🏼‍💻My dear subscribers, GBPCHF looks like it will make a good move, and here are the details: The market is trading on 1.1212 pivot level. Bias - Bullish Target - 1.1228  #GBPCHF 💹Time Frame : 1H (forecast) 🍀;1.1228
EURUSD My Opinion! SELL! 👩🏼‍💻My dear friends, My technical analysis for EURUSD is below: The market is trading on 1.0883 pivot level. Bias - Bearish Target - 1.0856  #EURUSD 💹Time Frame : 5H (forecast) 🍀;1.0856
GBPAUD Sellers In Panic! BUY! 👩🏼‍💻My dear followers, This is my opinion on the GBPAUD next move: The asset is approaching an important pivot point 1.9315 Bias - Bullish — Safe Stop Loss - 1.9282 Goal - 1.9382  #GBPAUD 💹Time Frame :8H (signal) 🍀;1.9382
NZDJPY The Target Is UP! BUY! 👩🏼‍💻My dear subscribers, NZDJPY looks like it will make a good move, and here are the details: The market is trading on 91.313 pivot level. Bias - Bullish  My Stop Loss - 90.950 Target - 92.129  #NZDJPY 💹Time Frame :12H (signal) 🍀;92.129
GOLD What Next? SELL! 👩🏼‍💻My dear friends, Please, find my technical outlook for GOLD below: The price is coiling around a solid key level - 2166.6 Bias - Bearish Goal - 2153.2  #GOLD 💹Time Frame : 1H (forecast) 🍀;2153.2
EURNZD Trading Opportunity! SELL! 👩🏼‍💻My dear subscribers, This is my opinion on the EURNZD next move: The instrument tests an important psychological level 1.7657 Bias - Bearish Target - 1.7754  #EURNZD 💹Time Frame : 5H (forecast) 🍀;1.7754
GBPJPY Will Explode! BUY! 👩🏼‍💻My dear friends, GBPJPY looks like it will make a good move, and here are the details: The market is trading on 189.12 pivot level. Bias - Bullish — Goal - 189.91 Recommended Stop Loss - 188.70  #GBPJPY 💹Time Frame :8H (signal) 🍀;189.91
USDCHF Set To Grow! BUY! 👩🏼‍💻My dear followers, I analysed this chart on USDCHF and concluded the following: The market is trading on 0.8748 pivot level. Bias - Bullish  Target - 0.8817 Safe Stop Loss - 0.8716  #USDCHF 💹Time Frame :12H (signal) —— 😇 About My VIP Signals 💬 My Contact  - AnabelContact ❤️;0.8817
GBPCHF A Fall Expected! SELL! 👩🏼‍💻My dear friends, GBPCHF looks like it will make a good move, and here are the details: The market is trading on 1.1271 pivot level. Bias - Bearish Goal - 1.1242  #GBPCHF 💹Time Frame : 1H (forecast) 🍀;1.1242
EURUSD Technical Analysis! SELL! 👩🏼‍💻My dear followers, I analysed this chart on EURUSD and concluded the following: The market is trading on 1.0934 pivot level. Bias - Bearish Target - 1.0898  #EURUSD 💹Time Frame : 5H (forecast) 🍀;1.0898
TESLA What Next? BUY! 👩🏼‍💻My dear friends, Please, find my technical outlook for TESLA below: The price is coiling around a solid key level - 175.34 Bias - Bullish  Goal - 195.09 Safe Stop Loss - 165.33  #TESLA 💹Time Frame :12H (signal) 🍀;195.09
GOLD Under Pressure! SELL! 👩🏼‍💻My dear subscribers, My technical analysis for GOLD is below: The price is coiling around a solid key level - 2179.1 Bias - Bearish Goal - 2159.5  #GOLD 💹Time Frame : 2H (forecast) 🍀;2159.5
APPLE Trading Opportunity! BUY! 👩🏼‍💻My dear friends, Please, find my technical outlook for APPLE below: The instrument tests an important psychological level 170.73 Bias - Bullish Target - 176.80  #APPLE 💹Time Frame : 5H (forecast) 🍀;176.80
SPY Buyers In Panic! SELL! 👩🏼‍💻My dear friends, SPY looks like it will make a good move, and here are the details: The market is trading on 511.77 pivot level. Bias - Bearish  Goal - 502.19 Recommended Stop Loss - 517.26  #SPY 💹Time Frame : 12H (signal) —— 🤍 Get Exclusive Signals in My VIP 👉 Contact Me - AnabelContact 🤍;502.19
GBPCHF Expected Growth! BUY! 👩🏼‍💻My dear followers, This is my opinion on the GBPCHF next move: The asset is approaching an important pivot point 1.1265 Bias - Bullish Goal - 1.1277  #GBPCHF 💹Time Frame : 1H (forecast) 🍀;1.1277
CADCHF Technical Analysis! BUY! 👩🏼‍💻My dear subscribers, CADCHF looks like it will make a good move, and here are the details: The market is trading on 0.6508 pivot level. Bias - Bullish Target - 0.6519  #CADCHF 💹Time Frame : 5H (forecast) 🍀;0.6519
AUDJPY Massive Long! BUY! 👩🏼‍💻My dear followers, I analysed this chart on AUDJPY and concluded the following: The market is trading on 97.118 pivot level. Bias - Bullish  Target - 97.608 Safe Stop Loss - 96.835  #AUDJPY 💹Time Frame : 8H (signal) 🍀;97.608
EURUSD The Target Is DOWN! SELL! 👩🏼‍💻My dear subscribers, My technical analysis for EURUSD is below: The price is coiling around a solid key level - 1.0921 Bias - Bearish  Goal - 1.0868 My Stop Loss - 1.0949  #EURUSD 💹Time Frame : 12H (signal) 🍀;1.0868
GOLD Sellers In Panic! BUY! 👩🏼‍💻My dear friends, My technical analysis for GOLD is below: The market is trading on 2159.1 pivot level. Bias - Bullish Target - 2168.3  #GOLD 💹Time Frame : 1H (forecast) 🍀;2168.3
EURCHF The Target Is UP! BUY! 👩🏼‍💻My dear friends, Please, find my technical outlook for EURCHF below: The price is coiling around a solid key level - 0.9588 Bias - Bullish Goal - 0.9604  #EURCHF 💹Time Frame : 5H (forecast) 🍀;0.9604
AUDNZD Will Collapse! SELL! 👩🏼‍💻My dear friends, AUDNZD looks like it will make a good move, and here are the details: The market is trading on 1.0734 pivot level. Bias - Bearish — Goal - 1.0703 Recommended Stop Loss - 1.0749  #AUDNZD 💹Time Frame : 8H (signal) 🍀;1.0703
GBPAUD Set To Grow! BUY! 👩🏼‍💻My dear subscribers, My technical analysis for GBPAUD is below: The price is coiling around a solid key level - 1.9345 Bias - Bullish  Goal - 1.9414 My Stop Loss - 1.9291  #GBPAUD 💹Time Frame : 12H (signal) 🍀;1.9414
EURUSD Set To Fall! SELL! 👩🏼‍💻My dear subscribers, This is my opinion on the EURUSD next move: The instrument tests an important psychological level 1.0938 Bias - Bearish Target - 1.0929  #EURUSD 💹Time Frame : 1H (forecast) 🍀;1.0929
EURNZD My Opinion! SELL! 👩🏼‍💻My dear friends, EURNZD looks like it will make a good move, and here are the details: The market is trading on 1.7763 pivot level. Bias - Bearish Goal - 1.7696  #EURNZD 💹Time Frame : 5H (forecast) 🍀;1.7696
USDCAD Expected Growth! BUY! 👩🏼‍💻My dear subscribers, My technical analysis for USDCAD is below: The price is coiling around a solid key level - 1.3462 Bias - Bullish — Goal - 1.3498 My Stop Loss - 1.3439  #USDCAD 💹Time Frame : 8H (signal) 🍀;1.3498
AUDCHF What Next? SELL! 👩🏼‍💻My dear friends, Please, find my technical outlook for AUDCHF below: The instrument tests an important psychological level 0.5809 Bias - Bearish — Target - 0.5768 Recommended Stop Loss - 0.5827  #AUDCHF 💹Time Frame : 12H (signal) —— Join My Premium Channel NOW 💜 ❤️ Contact Me Now - AnabelContact 💙;0.5768
GOLD My Opinion! BUY! 👩🏼‍💻My dear followers, I analysed this chart on GOLD and concluded the following: The market is trading on 2162.6 pivot level. Bias - Bullish Target - 2171.0  #GOLD 💹Time Frame : 1H (forecast) 🍀;2171.0
USDCHF Trading Opportunity! SELL! 👩🏼‍💻My dear subscribers, My technical analysis for USDCHF is below: The price is coiling around a solid key level - 0.8806 Bias - Bearish Goal - 0.8779  #USDCHF 💹Time Frame : 5H (forecast) 🍀;0.8779
EURCHF A Fall Expected! SELL! 👩🏼‍💻My dear friends, Please, find my technical outlook for EURCHF below: The instrument tests an important psychological level 0.9615 Bias - Bearish — Target - 0.9583 Recommended Stop Loss - 0.9634  #EURCHF 💹Time Frame : 8H (signal) 🍀;0.9583
GBPCHF Technical Analysis! SELL! 👩🏼‍💻My dear followers, This is my opinion on the GBPCHF next move: The asset is approaching an important pivot point 1.1256 Bias - Bearish  Safe Stop Loss - 1.1278 Goal - 1.1220  #GBPCHF 💹Time Frame : 12H (signal) 🍀;1.1220
GBPJPY Under Pressure! SELL! 👩🏼‍💻My dear friends, Please, find my technical outlook for GBPJPY below: The instrument tests an important psychological level 189.81 Bias - Bearish Target - 189.52  #GBPJPY 💹Time Frame : 1H (forecast) 🍀;189.52
EURUSD What Next? BUY! 👩🏼‍💻My dear followers, This is my opinion on the EURUSD next move: The asset is approaching an important pivot point 1.0890 Bias - Bullish Goal - 1.0917  #EURUSD 💹Time Frame : 5H (forecast) 🍀;1.0917
EURNZD Massive Short! SELL! 👩🏼‍💻My dear subscribers, EURNZD looks like it will make a good move, and here are the details: The market is trading on 1.7863 pivot level. Bias - Bearish — My Stop Loss - 1.7920 Target - 1.7755  #EURNZD 💹Time Frame : 8H (signal) 🍀;1.7755
GBPNZD Buyers In Panic! SELL! 👩🏼‍💻My dear friends, My technical analysis for GBPNZD is below: The market is trading on 2.0911 pivot level. Bias - Bearish — Target - 2.0782 Recommended Stop Loss - 2.0977  #GBPNZD 💹Time Frame : 12H (signal) —— 💬 My Contact  - AnabelContact 🥳 ❤ Join My VIP Group ❤️;2.0782
GOLD Trading Opportunity! BUY! 👩🏼‍💻My dear subscribers, GOLD looks like it will make a good move, and here are the details: The market is trading on 2156.0 pivot level. Bias - Bullish Target - 2163.1  #GOLD 💹Time Frame : 1H (forecast) 🍀;2163.1
SPY Massive Long! BUY! 👩🏼‍💻My dear friends, Please, find my technical outlook for SPY below: The price is coiling around a solid key level - 509.75 Bias - Bullish Goal - 512.59  #SPY 💹Time Frame : 1H (forecast) 🍀;512.59
EURUSD Sellers In Panic! BUY! 👩🏼‍💻My dear subscribers, This is my opinion on the EURUSD next move: The instrument tests an important psychological level 1.0887 Bias - Bullish Target - 1.0914  #EURUSD 💹Time Frame : 5H (forecast) 🍀;1.0914
TESLA The Target Is UP! BUY! 👩🏼‍💻My dear friends, TESLA looks like it will make a good move, and here are the details: The market is trading on 163.56 pivot level. Bias - Bullish —— Goal - 180.44 Recommended Stop Loss - 154.73  #TESLA 💹Time Frame : 8H (signal) 🍀;180.44
NZDCAD Will Explode! BUY! 👩🏼‍💻My dear followers, I analysed this chart on NZDCAD and concluded the following: The market is trading on 0.8233 pivot level. Bias - Bullish — Target - 0.8270 Safe Stop Loss - 0.8209  #NZDCAD 💹Time Frame : 12H (signal) —— 😇 About My VIP Signals 💬 My Contact  - AnabelContact ❤️;0.8270
EURGBP Will Collapse! SELL! 👩🏼‍💻My dear friends, EURGBP looks like it will make a good move, and here are the details: The market is trading on 0.8557 pivot level. Bias - Bearish Goal - 0.8550  #EURGBP 💹Time Frame : 1H (forecast) 🍀;0.8550
GOLD Set To Grow! BUY! 👩🏼‍💻My dear followers, I analysed this chart on GOLD and concluded the following: The market is trading on 2159.7 pivot level. Bias - Bullish Target - 2174.5  #GOLD 💹Time Frame : 5H (forecast) 🍀;2174.5
NZDUSD My Opinion! BUY! 👩🏼‍💻My dear subscribers, My technical analysis for NZDUSD is below: The price is coiling around a solid key level - 0.6094 Bias - Bullish — Goal - 0.6127 My Stop Loss - 0.6073  #NZDUSD 💹Time Frame : 8H (signal) 🍀;0.6127
EURNZD A Fall Expected! SELL! 👩🏼‍💻My dear friends, Please, find my technical outlook for EURNZD below: The instrument tests an important psychological level 1.7890 Bias - Bearish — Target - 1.7760 Recommended Stop Loss - 1.7962  #EURNZD 💹Time Frame : 12H (signal) 🍀;1.7760
EURCHF What Next? BUY! 👩🏼‍💻My dear subscribers, My technical analysis for EURCHF is below: The price is coiling around a solid key level - 0.9639 Bias - Bullish Goal - 0.9650  #EURCHF 💹Time Frame : 1H (forecast) 🍀;0.9650
EURUSD Trading Opportunity! BUY! 👩🏼‍💻My dear friends, Please, find my technical outlook for EURUSD below: The instrument tests an important psychological level 1.0859 Bias - Bullish Target - 1.0890  #EURUSD 💹Time Frame : 5H (forecast) 🍀;1.0890
GBPAUD Set To Fall! SELL! 👩🏼‍💻My dear followers, This is my opinion on the GBPAUD next move: The asset is approaching an important pivot point 1.9466 Bias - Bearish — Safe Stop Loss - 1.9498 Goal - 1.9405  #GBPAUD 💹Time Frame : 8H (signal) 🍀;1.9405
USDCAD My Opinion! SELL! 👩🏼‍💻My dear subscribers, USDCAD looks like it will make a good move, and here are the details: The market is trading on 1.3585 pivot level. Bias - Bearish — My Stop Loss - 1.3608 Target - 1.3541  #USDCAD 💹Time Frame : 12H (signal) —— 🤍 Get Exclusive Signals in My VIP 👉 Contact Me - AnabelContact 🤍;1.3541
GOLD On The Rise! BUY! 👩🏼‍💻My dear followers, This is my opinion on the GOLD next move: The asset is approaching an important pivot point 2154.0 Bias - Bullish Goal - 2159.8  #GOLD 💹Time Frame : 1H (forecast) 🍀;2159.8
GBPCHF What Next? SELL! 👩🏼‍💻My dear subscribers, GBPCHF looks like it will make a good move, and here are the details: The market is trading on 1.1300 pivot level. Bias - Bearish Target - 1.1272  #GBPCHF 💹Time Frame : 5H (forecast) 🍀;1.1272
NZDCHF Expected Growth! BUY! 👩🏼‍💻My dear friends, My technical analysis for NZDCHF is below: The market is trading on 0.5371 pivot level. Bias - Bullish  Target - 0.5388 Recommended Stop Loss - 0.5360  #NZDCHF 💹Time Frame : 8H (signal) 🍀;0.5388
EURUSD Technical Analysis! BUY! 👩🏼‍💻My dear friends, My technical analysis for EURUSD is below: The market is trading on 1.0879 pivot level. Bias - Bullish Target - 1.0910  #EURUSD 💹Time Frame : 1H (forecast) 🍀;1.0910
EURAUD Massive Long! BUY! 👩🏼‍💻 My dear friends, Please, find my technical outlook for EURAUD below: The price is coiling around a solid key level - 1.6552 Bias - Bullish Goal - 1.6600  #EURAUD 💹Time Frame : 5H (forecast) 🍀;1.6600
GBPCAD Sellers In Panic! BUY! 👩🏼‍💻My dear subscribers, This is my opinion on the GBPCAD next move: The instrument tests an important psychological level 1.7132 Bias -Bullish  Target - 1.7197 My Stop Loss - 1.7097  #GBPCAD 💹Time Frame : 8H (signal) 🍀;1.7197
NZDUSD The Target Is UP! BUY! 👩🏼‍💻My dear friends, NZDUSD looks like it will make a good move, and here are the details: The market is trading on 0.6045 pivot level. Bias - Bullish — Goal - 0.6094 Recommended Stop Loss - 0.6021  #NZDUSD 💹Time Frame : 12H (signal) 🍀;0.6094
SILVER Will Explode! BUY! 👩‍💻 My dear subscribers, This is my opinion on the SILVER next move: The instrument tests an important psychological level 24.916 Bias - Bullish Target - 25.205  #SILVER 💹Time Frame : 4H (forecast) 🍀;25.205
EURCAD Set To Grow! BUY! 👩‍💻My dear friends, EURCAD looks like it will make a good move, and here are the details: The market is trading on 1.4699 pivot level. Bias - Bullish Goal - 1.4724  #EURCAD 💹Time Frame : 5H (forecast) 🍀;1.4724
AUDUSD My Opinion! BUY! 👩‍💻My dear followers, I analysed this chart on AUDUSD and concluded the following: The market is trading on 0.6528 pivot level. Bias - Bullish — Target - 0.6568 Safe Stop Loss - 0.6504  #AUDUSD 💹Time Frame : 8H (signal) 🍀;0.6568
USDCAD Technical Analysis! SELL! 👩‍💻My dear subscribers, My technical analysis for USDCAD is below: The price is coiling around a solid key level - 1.3573 Bias - Bearish — Goal - 1.3537 My Stop Loss - 1.3594  #USDCAD 💹Time Frame : 12H (signal) —— Join My Premium Channel NOW 💜 ❤️ Contact Me Now - AnabelContact 💙;1.3537
EURUSD Trading Opportunity! BUY! 👩‍💻My dear subscribers, My technical analysis for EURUSD is below: The price is coiling around a solid key level - 1.0806 Bias - Bullish Goal - 1.0855  #EURUSD 💹Time Frame : 5H (forecast) 🍀;1.0855
EURGBP Under Pressure! SELL! 👩‍💻My dear friends, Please, find my technical outlook for EUR/USD below: The instrument tests an important psychological level 0.8570 Bias - Bearish — Target - 0.8551 Recommended Stop Loss - 0.8581  #EURGBP 💹Time Frame : 8H (signal) 🍀;0.8551
USDJPY Massive Short! SELL! 👩‍💻My dear followers, This is my opinion on the USDJPY next move: The asset is approaching an important pivot point 151.40 Bias - Bearish — Safe Stop Loss - 152.12 Goal - 150.09  #USDJPY 💹Time Frame : 12H (signal) 🍀;150.09
GOLD On The Rise! BUY! 👩‍💻My dear friends, Please, find my technical outlook for GOLD below: The instrument tests an important psychological level 2165.3 Bias - Bullish Target - 2183.7  #GOLD 💹Time Frame : 1H (forecast) 🍀;2183.7
SPY Buyers In Panic! SELL! 👩‍💻My dear followers, This is my opinion on the SPY next move: The asset is approaching an important pivot point 521.23 Bias - Bearish Goal - 514.32  #SPY 💹Time Frame : 5H (forecast) 🍀;514.32
QQQ The Target Is DOWN! SELL! 👩‍💻My dear subscribers, QQQ looks like it will make a good move, and here are the details: The market is trading on 446.21 pivot level. Bias - Bearish — My Stop Loss - 452.09 Target - 435.52  #QQQ 💹Time Frame : 8H (signal) 🍀;435.52
GBPNZD Will Collapse! SELL! 👩‍💻My dear friends, My technical analysis for GBPNZD is below: The market is trading on 2.1015 pivot level. Bias - Bearish — Target - 2.0926 Recommended Stop Loss - 2.1061  #GBPNZD 💹Time Frame : 12H (signal) —— 🐈 My VIP Bot -  😇 Contact - AnabelContact;2.0926
GBPUSD Set To Fall! SELL! 👩‍💻My dear friends, My technical analysis for GBPUSD is below: The market is trading on 1.2646 pivot level. Bias - Bearish Target - 1.2617  #GBPUSD 💹Time Frame : 1H (forecast) 🍀;1.2617
GBPNZD My Opinion! SELL! 👩‍💻My dear friends, Please, find my technical outlook for GBPNZD below: The price is coiling around a solid key level - 2.1044 Bias - Bearish Goal - 2.0958  #GBPNZD 💹Time Frame : 6H (forecast) 🍀;2.0958
EURGBP What Next? SELL! 👩‍💻My dear friends, Please, find my technical outlook for EURGBP below: The price is coiling around a solid key level - 0.8572 Bias - Bearish — Goal - 0.8550 Safe Stop Loss - 0. 8583  #EURGBP 💹Time Frame : 8H (signal) 🍀;0.8550
EURUSD Expected Growth! BUY! 👩‍💻My dear subscribers, This is my opinion on the EURUSD next move: The instrument tests an important psychological level 1.0834 Bias - Bullish — Target - 1.0871 My Stop Loss - 1.0813  #EURUSD 💹Time Frame : 12H (signal)  🍀;1.0871
GOLD Trading Opportunity! SELL! 👩‍💻My dear subscribers, This is my opinion on the GOLD next move: The instrument tests an important psychological level 2185.8 Bias - Bearish Target - 2175.4  #GOLD 💹Time Frame : 1H (forecast) 🍀;2175.4
AUDCHF A Fall Expected! SELL! 👩‍💻My dear friends, AUDCHF looks like it will make a good move, and here are the details: The market is trading on 0.5904 pivot level. Bias - Bearish Goal - 0.5861  #AUDCHF 💹Time Frame : 5H (forecast) 🍀;0.5861
NZDCHF Technical Analysis! SELL! 👩‍💻My dear followers, I analysed this chart on NZDCHF and concluded the following: The market is trading on 0.5426 pivot level. Bias - Bearish — Target - 0.5407 Safe Stop Loss - 0.5434  #NZDCHF 💹Time Frame : 8H (signal) 🍀;0.5407
GBPCAD Massive Long! BUY! 👩‍💻My dear subscribers, My technical analysis for GBPCAD is below: The price is coiling around a solid key level - 1.7140 Bias - Bullish  Goal - 1.7224 My Stop Loss - 1.7096  #GBPCAD 💹Time Frame : 12H (signal) —— Get Exclusive Intraday VIP Signals 💜 Join Via My VIP Bot -  💙;1.7224
EURUSD Sellers In Panic! BUY! 👩‍💻My dear followers, I analysed this chart on EURUSD and concluded the following: The market is trading on 1.0816 pivot level. Bias - Bullish Target - 1.0829  #EURUSD 💹Time Frame : 1H (forecast) 🍀;1.0829
CADJPY The Target Is UP! BUY! 👩‍💻My dear subscribers, My technical analysis for CADJPY is below: The price is coiling around a solid key level - 111.37 Bias - Bullish Goal - 111.92  #CADJPY 💹Time Frame : 6H (forecast) 🍀;111.92
NZDJPY Will Explode! BUY! 👩‍💻My dear friends, Please, find my technical outlook for NZDJPY below: The instrument tests an important psychological level 90.749 Bias - Bullish — Target - 91.071 Recommended Stop Loss - 90.560  #NZDJPY 💹Time Frame : 12H (signal) 🍀;91.071
USDCAD Massive Short! SELL! 👩‍💻My dear followers, This is my opinion on the USDCAD next move: The asset is approaching an important pivot point 1.3589 Bias - Bearish —— Safe Stop Loss - 1.3612 Goal - 1.3547  #USDCAD 💹Time Frame : 12H (signal) 🍀;1.3547
NZDCHF Set To Grow! BUY! 👩‍💻My dear friends, Please, find my technical outlook for NZDCHF below: The instrument tests an important psychological level 0.5394 Bias - Bullish Target - 0.5411  #NZDCHF 💹Time Frame : 1H (forecast) 🍀;0.5411
GOLD Massive Short! SELL! 👩‍💻My dear followers, This is my opinion on the GOLD next move: The asset is approaching an important pivot point 2205.9 Bias - Bearish Goal - 2185.4  #GOLD 💹Time Frame : 5H (forecast) 🍀;2185.4
CHFJPY My Opinion! BUY! 👩‍💻My dear friends, CHFJPY looks like it will make a good move, and here are the details: The market is trading on 167.62 pivot level. Bias - Bullish — Goal - 168.52 Recommended Stop Loss - 167.06  #CHFJPY 💹Time Frame : 8H (signal) 🍀;168.52
AUDUSD What Next? BUY! 👩‍💻My dear subscribers, AUDUSD looks like it will make a good move, and here are the details: The market is trading on 0.6517 pivot level. Bias - Bullish — My Stop Loss - 0.6494 Target - 0.6553  #AUDUSD 💹Time Frame : 12H (signal) —— Get Exclusive VIP Signals 💗 With Entry, Stop, Target 💗 Join Via My VIP Bot -  💙 Contact - AnabelContact;0.6553
GBPUSD Buyers In Panic! SELL! 👩‍💻My dear subscribers, GBPUSD looks like it will make a good move, and here are the details: The market is trading on 1.2642 pivot level. Bias - Bearish Target - 1.2624  #GBPUSD 💹Time Frame : 1H (forecast) 🍀;1.2624
EURUSD Trading Opportunity! BUY! 👩‍💻My dear friends, My technical analysis for EURUSD is below: The market is trading on 1.0798 pivot level. Bias - Bullish Target - 1.0834  #EURUSD 💹Time Frame : 5H (forecast) 🍀;1.0834
EURJPY On The Rise! BUY! 👩‍💻My dear friends, Please, find my technical outlook for EURJPY below: The price is coiling around a solid key level - 163.19 Bias - Bullish  Goal - 164.22 Safe Stop Loss - 162.55  #EURJPY 💹Time Frame : 8H (signal) 🍀;164.22
GBPNZD The Target Is DOWN! SELL! 👩‍💻My dear subscribers, This is my opinion on the GBPNZD next move: The instrument tests an important psychological level 2.1112 Bias - Bearish — Target - 2.0940 My Stop Loss - 2. 1200  #GBPNZD 💹Time Frame : 12H (signal) 🍀;2.0940
GOLD Set To Fall! SELL! 👩‍💻My dear subscribers, This is my opinion on the GOLD next move: The instrument tests an important psychological level 2233.1 Bias - Bearish Target - 2204.3  #GOLD 💹Time Frame : 5H (forecast) 🍀;2204.3
GBPCAD Expected Growth! BUY! 👩‍💻My dear followers, I analysed this chart on GBPCAD and concluded the following: The market is trading on 1.7090 pivot level. Bias - Bullish — Target - 1.7160 Safe Stop Loss - 1.7053  #GBPCAD 💹Time Frame : 8H (signal) 🍀;1.7160
SPY What Next? SELL! 👩‍💻My dear friends, SPY looks like it will make a good move, and here are the details: The market is trading on 523.12 pivot level. Bias - Bearish Goal - 521.39  #SPY 💹Time Frame : 1H (forecast) 🍀;521.39
USDCAD Massive Long! BUY! 👩‍💻My dear followers, I analysed this chart on USDCAD and concluded the following: The market is trading on 1.3535 pivot level. Bias - Bullish Target - 1.3572  #USDCAD 💹Time Frame : 5H (forecast) 🍀;1.3572
EURUSD Sellers In Panic! BUY! 👩‍💻My dear followers, This is my opinion on the EURUSD next move: The asset is approaching an important pivot point 1.0789 Bias - Bullish — Safe Stop Loss - 1.0763 Goal - 1.0836  #EURUSD 💹Time Frame : 12H (signal) 🍀;1.0836
SILVER A Fall Expected! SELL! 👩‍💻My dear subscribers, My technical analysis for SILVER is below: The price is coiling around a solid key level - 24.924 Bias - Bearish Goal - 24.722  #SILVER 💹Time Frame : 1H (forecast) 🍀;24.722
GBPUSD The Target Is UP! BUY! 👩‍💻My dear friends, Please, find my technical outlook for GBPUSD below: The instrument tests an important psychological level 1.2574 Bias - Bullish Target - 1.2642  #GBPUSD 💹Time Frame : 5H (forecast) 🍀;1.2642
GBPNZD Technical Analysis! SELL! 👩‍💻My dear subscribers, GBPNZD looks like it will make a good move, and here are the details: The market is trading on 2.1115 pivot level. Bias - Bearish — My Stop Loss - 2.1179 Target - 2.1011  #GBPNZD 💹Time Frame : 8H (signal) 🍀;2.1011
GBPCAD Will Explode! BUY! 👩‍💻My dear friends, My technical analysis for GBPCAD is below: The market is trading on 1.7055 pivot level. Bias - Bullish — Target - 1.7130 Recommended Stop Loss - 1.7012  #GBPCAD 💹Time Frame : 12H (signal) —— Join My Premium Channel NOW 💜 🐈 My VIP Bot -  😇 Contact - AnabelContact;1.7130
AUDJPY Under Pressure! SELL! 👩‍💻My dear followers, This is my opinion on the AUDJPY next move: The asset is approaching an important pivot point 98.553 Bias - Bearish Goal - 98.441  #AUDJPY 💹Time Frame : 1H (forecast) 🍀;98.441
EURUSD Set To Grow! BUY! 👩‍💻My dear subscribers, EURUSD looks like it will make a good move, and here are the details: The market is trading on 1.0749 pivot level. Bias - Bullish Target - 1.0798  #EURUSD 💹Time Frame : 5H (forecast) 🍀;1.0798
EURAUD My Opinion! BUY! 👩‍💻My dear friends, Please, find my technical outlook for EURAUD below: The price is coiling around a solid key level - 1.6539 Bias - Bullish  Goal - 1.6574 Safe Stop Loss - 1.6517  #EURAUD 💹Time Frame : 8H (signal) 🍀;1.6574
USDCHF Massive Short! SELL! 👩‍💻My dear subscribers, This is my opinion on the USDCHF next move: The instrument tests an important psychological level 0.9060 Bias - Bearish —— Target - 0.8999 My Stop Loss - 0. 9092 —  #USDCHF 💹Time Frame : 12H (signal) 🍀;0.8999
GBPJPY Buyers In Panic! SELL! 👩‍💻My dear friends, My technical analysis for GBPJPY is below: The market is trading on 191.04 pivot level. Bias - Bearish Target - 190.79  #GBPJPY 💹Time Frame : 1H (forecast) 🍀;190.79
USDJPY The Target Is DOWN! SELL! 👩‍💻My dear friends, Please, find my technical outlook for USDJPY below: The price is coiling around a solid key level - 151.93 Bias - Bearish Goal - 151.72  #USDJPY 💹Time Frame : 5H (forecast) 🍀;151.72
GOLD Will Collapse! SELL! 👩‍💻My dear followers, I analysed this chart on GOLD and concluded the following: The market is trading on 2277.7 pivot level. Bias - Bearish — Target - 2237.8 Safe Stop Loss - 2298.9  #GOLD 💹Time Frame : 8H (signal) 🍀;2237.8
EURNZD Set To Fall! SELL! 👩‍💻My dear subscribers, My technical analysis for EURNZD is below: The price is coiling around a solid key level - 1.8067 Bias - Bearish  Goal - 1.7960 My Stop Loss - 1.8132  #EURNZD 💹Time Frame : 12H (signal) —— Get Exclusive Intraday VIP Signals 💜 Join Via My VIP Bot -  💙;1.7960
AUDNZD My Opinion! SELL! 👩‍💻My dear subscribers, This is my opinion on the AUDNZD next move: The instrument tests an important psychological level 1.0943 Bias - Bearish Target - 1.0931  #AUDNZD 💹Time Frame : 1H (forecast) 🍀;1.0931
EURUSD What Next? SELL! 👩‍💻My dear friends, EURUSD looks like it will make a good move, and here are the details: The market is trading on 1.0874 pivot level. Bias - Bearish Goal - 1.0830  #EURUSD 💹Time Frame : 5H (forecast) 🍀;1.0830
GBPCHF Trading Opportunity! SELL! 👩‍💻My dear friends, Please, find my technical outlook for GBPCHF below: The instrument tests an important psychological level 1.1470 Bias - Bearish —— Target - 1.1405 Recommended Stop Loss - 1.1502  #GBPCHF 💹Time Frame : 8H (signal) 🍀;1.1405
AUDUSD A Fall Expected! SELL! 👩‍💻My dear followers, This is my opinion on the AUDUSD next move: The asset is approaching an important pivot point 0.6610 Bias - Bearish  Safe Stop Loss - 0.6632 Goal - 0.6568  #AUDUSD 💹Time Frame : 12H (signal) 🍀;0.6568
GBPCAD Technical Analysis! SELL! 👩‍💻My dear followers, I analysed this chart on GBPCAD and concluded the following: The market is trading on 1.7133 pivot level. Bias - Bearish Target - 1.7113  #GBPCAD 💹Time Frame : 1H (forecast) 🍀;1.7113
GBPNZD What Next? BUY! 👩‍💻My dear subscribers, My technical analysis for GBPNZD is below: The price is coiling around a solid key level - 2.0978 Bias - Bullish Goal - 2.1050  #GBPNZD 💹Time Frame : 5H (forecast) 🍀;2.1050
EURAUD Trading Opportunity! BUY! 👩‍💻My dear subscribers, EURAUD looks like it will make a good move, and here are the details: The market is trading on 1.6455 pivot level. Bias - Bullish — My Stop Loss - 1.6416 Target - 1.6524  #EURAUD 💹Time Frame : 8H (signal) 🍀;1.6524
SILVER Under Pressure! SELL! 👩‍💻My dear friends, My technical analysis for SILVER is below: The market is trading on 26.457 pivot level. Bias - Bearish — Target - 25.495 Recommended Stop Loss - 27.009  #SILVER 💹Time Frame : 12H (signal) —— Get Exclusive VIP Signals 💗 With Entry, Stop, Target 💗 Join Via My VIP Bot -  💙 Contact - AnabelContact;25.495
USDJPY Massive Short! SELL! 👩‍💻My dear friends, Please, find my technical outlook for USDJPY below: The instrument tests an important psychological level 151.60 Bias - Bearish Target - 151.38  #USDJPY 💹Time Frame : 1H (forecast) 🍀;151.38
EURUSD Buyers In Panic! SELL! 👩‍💻My dear followers, This is my opinion on the EURUSD  next move: The asset is approaching an important pivot point 1.0836 Bias - Bearish Goal - 1.0797  #EURUSD 💹Time Frame : 5H (forecast) 🍀;1.0797
GBPAUD On The Rise! BUY! 👩‍💻My dear friends, Please, find my technical outlook for GBPAUD below: The price is coiling around a solid key level - 1.9201 Bias - Bullish  Goal - 1.9285 Safe Stop Loss - 1.9156  #GBPAUD 💹Time Frame : 8H (signal) 🍀;1.9285
TESLA Expected Growth! BUY! 👩‍💻My dear subscribers, This is my opinion on the TESLA next move: The instrument tests an important psychological level 164.86 Bias - Bullish  Target - 175.58 My Stop Loss - 158.48  #TESLA 💹Time Frame : 12H (signal) 🍀;175.58
GOLD The Target Is DOWN! SELL! 👩‍💻My dear subscribers, GOLD looks like it will make a good move, and here are the details: The market is trading on 2330.1 pivot level. Bias - Bearish Target - 2310.9  #GOLD 💹Time Frame : 1H (forecast) 🍀;2310.9
AUDUSD Set To Fall! SELL! 👩‍💻My dear followers, I analysed this chart on AUDUSD and concluded the following: The market is trading on 0.6576 pivot level. Bias - Bearish  Target - 0.6538 Safe Stop Loss - 0.6599  #AUDUSD 💹Time Frame : 12H (signal) —— ——-- 💟 Get More Signals 💟 With Higher Accuracy 💛 Join VIP Group Now 💛;0.6538
AUDJPY My Opinion! SELL! 👩‍💻My dear friends, Please, find my technical outlook for AUDJPY below: The price is coiling around a solid key level - 100.31 Bias - Bearish Goal - 99.985  #AUDJPY 💹Time Frame : 1H (forecast) 🍀;99.985
EURCAD What Next? SELL! 👩‍💻My dear subscribers, This is my opinion on the EURCAD next move: The instrument tests an important psychological level 1.4746 Bias - Bearish Target - 1.4680  #EURCAD 💹Time Frame : 5H (forecast) 🍀;1.4680
EURUSD Trading Opportunity! SELL! 👩‍💻My dear subscribers, My technical analysis for EURUSD is below: The price is coiling around a solid key level - 1.0854 Bias - Bearish  Goal - 1.0807 My Stop Loss - 1.0881  #EURUSD 💹Time Frame : 8H (signal) 🍀;1.0807
EURAUD Massive Long! BUY! 👩‍💻My dear friends, Please, find my technical outlook for EURAUD below: The instrument tests an important psychological level 1.6442 Bias - Bullish  Target - 1.6509 Recommended Stop Loss - 1.6404  #EURAUD 💹Time Frame : 12H (signal) 🍀;1.6509
GOLD A Fall Expected! SELL! 👩‍💻My dear friends, GOLD looks like it will make a good move, and here are the details: The market is trading on 2354.9 pivot level. Bias - Bearish Goal - 2331.2  #GOLD 💹Time Frame : 2H (forecast) 🍀;2331.2
EURNZD Sellers In Panic! BUY! 👩‍💻My dear followers, I analysed this chart on EURNZD and concluded the following: The market is trading on 1.7915 pivot level. Bias - Bullish Target - 1.7975  #EURNZD 💹Time Frame : 5H (forecast) 🍀;1.7975
GBPCHF Technical Analysis! SELL! 👩‍💻My dear followers, This is my opinion on the GBPCHF next move: The asset is approaching an important pivot point 1.1451 Bias - Bearish — Safe Stop Loss - 1.1476 Goal - 1.1399  #GBPCHF 💹Time Frame : 8H (signal) 🍀;1.1399
GBPUSD Under Pressure! SELL! 👩‍💻My dear subscribers, GBPUSD looks like it will make a good move, and here are the details: The market is trading on 1.2669 pivot level. Bias - Bearish —— My Stop Loss - 1.2702 Target - 1.2605  #GBPUSD 💹Time Frame : 12H (signal) —— Join My Premium Channel NOW 💜 🐈 My VIP Bot -  😇 Contact - AnabelContact;1.2605
EURUSD The Target Is UP! BUY! 👩‍💻My dear subscribers, My technical analysis for EURUSD is below: The price is coiling around a solid key level - 1.0764 Bias - Bullish Goal - 1.0806  #EURUSD 💹Time Frame : 3H (forecast) 🍀;1.0806
USDJPY Massive Short! SELL! 👩‍💻My dear friends, Please, find my technical outlook for USDJPY below: The instrument tests an important psychological level 152.65 Bias - Bearish Target - 152.04  #USDJPY 💹Time Frame : 5H (forecast) 🍀;152.04
AUDNZD Will Explode! BUY! 👩‍💻My dear friends, My technical analysis for AUDNZD is below: The market is trading on 1.0893 pivot level. Bias - Bullish —— Target - 1.0923 Recommended Stop Loss - 1.0876  #AUDNZD 💹Time Frame : 8H (signal) 🍀;1.0923
#GBPJPY Buyers In Panic! SELL! 👩‍💻My dear friends, Please, find my technical outlook for GBPJPY below: The price is coiling around a solid key level - 191.04 Bias - Bearish — Goal - 190.71 Safe Stop Loss - 192.81  #GBPJPY 💹Time Frame : 12H (signal) 🍀;190.71
GOLD Set To Grow! BUY! 👩‍💻My dear followers, This is my opinion on the GOLD next move: The asset is approaching an important pivot point 2336.5 Bias - Bullish Goal - 2345.8  #GOLD 💹Time Frame : 1H (forecast) 🍀;2345.8
AUDUSD My Opinion! BUY! 👩‍💻My dear subscribers, AUDUSD looks like it will make a good move, and here are the details: The market is trading on 0.6523 pivot level. Bias - Bullish Target - 0.6573  #AUDUSD 💹Time Frame : 5H (forecast) 🍀;0.6573
USDCHF The Target Is DOWN! SELL! 👩‍💻My dear subscribers, This is my opinion on the USDCHF next move: The instrument tests an important psychological level 0.9126 Bias - Bearish — Target - 0.9080 My Stop Loss - 0.9153  #USDCHF 💹Time Frame : 8H (signal) 🍀;0.9080
NZDJPY Will Collapse! SELL! 👩‍💻My dear friends, NZDJPY looks like it will make a good move, and here are the details: The market is trading on 91.623 pivot level. Bias - Bearish — Goal - 91.120 Recommended Stop Loss - 91.883  #NZDJPY 💹Time Frame : 12H (signal) —— Get Exclusive Intraday VIP Signals 💜 Join Via My VIP Bot -  💙;91.120
GBPCAD What Next? BUY! 👩‍💻My dear friends, My technical analysis for GBPCAD is below: The market is trading on 1.7127 pivot level. Bias - Bullish Target - 1.7151  #GBPCAD 💹Time Frame : 1H (forecast) 🍀;1.7151
EURUSD Trading Opportunity! BUY! 👩‍💻My dear friends, Please, find my technical outlook for EURUSD below: The price is coiling around a solid key level - 1.0639 Bias - Bullish Goal - 1.0724  #EURUSD 💹Time Frame : 5H (forecast) 🍀;1.0724
EURGBP On The Rise! BUY! 👩‍💻My dear followers, I analysed this chart on EURGBP and concluded the following: The market is trading on 0.8549 pivot level. Bias - Bullish —— Target - 0.8561 Safe Stop Loss - 0.8541  #EURGBP 💹Time Frame : 8H (signal) 🍀;0.8561
GBPUSD Expected Growth! BUY! 👩‍💻My dear subscribers, My technical analysis for GBPUSD is below: The price is coiling around a solid key level - 1.2432 Bias - Bullish — Goal - 1.2549 My Stop Loss - 1.2362  #GBPUSD 💹Time Frame : 12H (signal) 🍀;1.2549
SILVER On The Rise! BUY! 👩‍💻My dear subscribers, This is my opinion on the SILVER next move: The instrument tests an important psychological level 27.890 Bias - Bullish Target - 28.558  #SILVER 💹Time Frame : 1H (forecast) 🍀;28.558
QQQ Expected Growth! BUY! 👩‍💻My dear friends, QQQ looks like it will make a good move, and here are the details: The market is trading on 438.29 pivot level. Bias - Bullish Goal - 441.64  #QQQ 💹Time Frame : 5H (forecast) 🍀;441.64
USDCHF Set To Fall! SELL! 👩‍💻My dear friends, USDCHF looks like it will make a good move, and here are the details: The market is trading on 0.9137 pivot level. Bias - Bearish Goal - 0.9117  #USDCHF 💹Time Frame : 1H (forecast) 🍀;0.9117
SPY Sellers In Panic! BUY! 👩‍💻My dear followers, I analysed this chart on SPY and concluded the following: The market is trading on 510.83 pivot level. Bias - Bullish Target - 515.64  #SPY 💹Time Frame : 5H (forecast) 🍀;515.64
APPLE My Opinion! SELL! 👩‍💻My dear subscribers, APPLE looks like it will make a good move, and here are the details: The market is trading on 176.55 pivot level. Bias - Bearish —- My Stop Loss - 179.03 Target - 171.21  #APPLE 💹Time Frame : 8H (signal) 🍀;171.21
EURUSD The Target Is UP! BUY! 👩‍💻My dear friends, My technical analysis for EURUSD is below: The market is trading on 1.0638 pivot level. Bias - Bullish — Target - 1.0728 Recommended Stop Loss - 1.0586  #EURUSD 💹Time Frame : 12H (signal) 🍀;1.0728
NZDJPY What Next? SELL! 👩‍💻My dear subscribers, My technical analysis for NZDJPY is below: The price is coiling around a solid key level - 91.416 Bias - Bearish Goal - 91.152  #NZDJPY 💹Time Frame : 1H (forecast) 🍀;91.152
EURCAD Will Explode! BUY! 👩‍💻My dear friends, Please, find my technical outlook for EURCAD below: The instrument tests an important psychological level 1.4643 Bias - Bullish Target - 1.4696  #EURCAD 💹Time Frame : 5H (forecast) 🍀;1.4696
CHFJPY Trading Opportunity! SELL! 👩‍💻My dear friends, Please, find my technical outlook for CHFJPY below: The price is coiling around a solid key level - 168.64 Bias - Bearish — Goal - 168.08 Safe Stop Loss - 168.96  #CHFJPY 💹Time Frame : 8H (signal) 🍀;168.08
SILVER A Fall Expected! SELL! 👩‍💻My dear subscribers, This is my opinion on the SILVER next move: The instrument tests an important psychological level 28.573 Bias - Bearish — Target - 27.228 My Stop Loss - 29.350  #SILVER 💹Time Frame : 12H (signal) —— 💟 Get More Signals 💟 With Higher Accuracy 💛 Join VIP Group Now 💛;27.228
AUDNZD Set To Grow! BUY! 👩‍💻My dear followers, This is my opinion on the AUDNZD next move: The asset is approaching an important pivot point 1.0897 Bias - Bullish Goal - 1.0907  #AUDNZD 💹Time Frame : 1H (forecast) 🍀;1.0907
CADJPY Technical Analysis! SELL! 👩‍💻My dear subscribers, CADJPY looks like it will make a good move, and here are the details: The market is trading on 112.22 pivot level. Bias - Bearish Target - 111.77  #CADJPY 💹Time Frame : 5H (forecast) 🍀;111.77
EURUSD My Opinion! BUY! 👩‍💻My dear friends, EURUSD looks like it will make a good move, and here are the details: The market is trading on 1.0639 pivot level. Bias - Bullish  Goal - 1.0705 Recommended Stop Loss - 1.0600  #EURUSD 💹Time Frame : 8H (signal) 🍀;1.0705
GBPCHF What Next? BUY! 👩‍💻My dear followers, I analysed this chart on GBPCHF and concluded the following: The market is trading on 1.1368 pivot level. Bias - Bullish —- Target - 1.1425 Safe Stop Loss - 1.1326  #GBPCHF 💹Time Frame : 12H (signal) 🍀;1.1425
AUDJPY Under Pressure! SELL! 👩‍💻My dear friends, My technical analysis for AUDJPY is below: The market is trading on 99.428 pivot level. Bias - Bearish Target - 99.188  #AUDJPY 💹Time Frame : 1H (forecast) 🍀;99.188
GOLD Massive Short! SELL! 👩‍💻My dear friends, Please, find my technical outlook for GOLD below: The price is coiling around a solid key level - 2389.8 Bias - Bearish Goal - 2357.2  #GOLD 💹Time Frame : 5H (forecast) 🍀;2357.2
GBPAUD Buyers In Panic! SELL! 👩‍💻My dear subscribers, My technical analysis for GBPAUD is below: The price is coiling around a solid key level - 1.9396 Bias - Bearish — Goal - 1.9314 My Stop Loss - 1.9447  #GBPAUD 💹Time Frame : 8H (signal) 🍀;1.9314
NZDUSD Trading Opportunity! BUY! 👩‍💻My dear friends, Please, find my technical outlook for NZDUSD below: The instrument tests an important psychological level 0.5900 Bias - Bullish — Target - 0.5964 Recommended Stop Loss - 0.5865  #NZDUSD 💹Time Frame : 12H (signal) —— Join My Premium Channel NOW 💜 🐈 My VIP Bot -  😇 Contact - AnabelContact;0.5964
EURUSD The Target Is DOWN! SELL! 👩‍💻My dear subscribers, This is my opinion on the EURUSD next move: The instrument tests an important psychological level 1.0676 Bias - Bearish Target - 1.0651  #EURUSD 💹Time Frame : 1H (forecast) 🍀;1.0651
EURJPY Will Collapse! SELL! 👩‍💻My dear friends, EURJPY looks like it will make a good move, and here are the details: The market is trading on 164.86 pivot level. Bias - Bearish Goal - 164.12  #EURJPY 💹Time Frame : 5H (forecast) 🍀;164.12
EURAUD Set To Fall! SELL! 👩‍💻My dear followers, This is my opinion on the EURAUD next move: The asset is approaching an important pivot point 1.6565 Bias - Bearish — Safe Stop Loss - 1.6600 Goal - 1.6509  #EURAUD 💹Time Frame : 8H (signal) 🍀;1.6509
GBPJPY My Opinion! SELL! 👩‍💻My dear subscribers, GBPJPY looks like it will make a good move, and here are the details: The market is trading on 192.66 pivot level. Bias - Bearish — My Stop Loss - 193.33 Target - 191.60  #GBPJPY 💹Time Frame : 12H (signal) 🍀;191.60
EURCAD What Next? SELL! 👩‍💻My dear followers, I analysed this chart on EURCAD and concluded the following: The market is trading on 1.4675 pivot level. Bias - Bearish Target - 1.4658  #EURCAD 💹Time Frame : 1H (forecast) 🍀;1.4658
GBPCAD Expected Growth! BUY! 👩‍💻My dear friends, My technical analysis for GBPCAD is below: The market is trading on 1.7119 pivot level. Bias - Bullish — Target - 1.7165 Recommended Stop Loss - 1.7094  #GBPCAD 💹Time Frame : 8H (signal) 🍀;1.7165
GBPCHF Technical Analysis! BUY! 👩‍💻My dear friends, Please, find my technical outlook for GBPCHF below: The price is coiling around a solid key level - 1.1315 Bias - Bullish —— Goal - 1.1376 Safe Stop Loss - 1.1279  #GBPCHF 💹Time Frame : 12H (signal) 🍀;1.1376
GBPAUD Massive Long! BUY! 👩‍💻My dear friends, Please, find my technical outlook for GBPAUD below: The instrument tests an important psychological level 1.9258 Bias - Bullish Target - 1.9394  #GBPAUD 💹Time Frame : 1H (forecast) 🍀;1.9394
QQQ Sellers In Panic! BUY! 👩‍💻My dear followers, This is my opinion on the QQQ next move: The asset is approaching an important pivot point 414.64 Bias - Bullish Goal - 423.93  #QQQ 💹Time Frame : 5H (forecast) 🍀;423.93
APPLE The Target Is UP! BUY! 👩‍💻My dear friends, Please, find my technical outlook for APPLE below: The price is coiling around a solid key level - 164.94 Bias - Bullish  Goal - 170.59 Safe Stop Loss - 161.57  #APPLE 💹Time Frame : 8H (signal);170.59
EURUSD Will Explode! BUY! 👩‍💻My dear subscribers, This is my opinion on the EURUSD next move: The instrument tests an important psychological level 1.0652 Bias -Bullish — Target - 1.0741 My Stop Loss - 1.0601  #EURUSD 💹Time Frame : 12H (signal) —— Join My Premium Channel NOW 💜 🐈 My VIP Bot -  😇 Contact - AnabelContact;1.0741
TESLA Set To Grow! BUY! 👩‍💻My dear subscribers, TESLA looks like it will make a good move, and here are the details: The market is trading on 147.01 pivot level. Bias -Bullish Target - 155.99  #TESLA 💹Time Frame : 2H (forecast) 🍀;155.99
SPY My Opinion! BUY! 👩‍💻My dear friends, My technical analysis for SPY is below: The market is trading on 495.10 pivot level. Bias - Bullish Target - 505.99  #SPY 💹Time Frame : 5H (forecast) 🍀;505.99
GOLD Trading Opportunity! SELL! 👩‍💻My dear followers, I analysed this chart on GOLD and concluded the following: The market is trading on 2392.0 pivot level. Bias - Bearish — Target - 2324.4 Safe Stop Loss - 2430.8  #GOLD 💹Time Frame : 12H (signal) 🍀;2324.4
EURUSD Trading Opportunity! BUY! 👩‍💻My dear friends, Please, find my technical outlook for EURUSD below: The price is coiling around a solid key level - 1.0640 Bias - Bullish Goal - 1.0658  #EURUSD 💹Time Frame : 1H (forecast) 🍀;1.0658
CADJPY A Fall Expected! SELL! 👩‍💻My dear subscribers, This is my opinion on the CADJPY next move: The instrument tests an important psychological level 112.77 Bias - Bearish Target - 112.16  #CADJPY 💹Time Frame : 5H (forecast) 🍀;112.16
GBPNZD On The Rise! BUY! 👩‍💻My dear subscribers, My technical analysis for GBPNZD is below: The price is coiling around a solid key level - 2.0843 Bias - Bullish  Goal - 2.0938 My Stop Loss - 2.0792  #CHFJPY 💹Time Frame : 5H (signal) 🍀;2.0938
GBPJPY Massive Long! BUY! 👩‍💻My dear friends, Please, find my technical outlook for GBPJPY below: The instrument tests an important psychological level 190.56 Bias - Bullish — Target - 191.38 Recommended Stop Loss - 190.11  #GBPJPY 💹Time Frame : 12H (signal) 🍀;191.38
EURCHF Technical Analysis! SELL! 👩‍💻My dear friends, EURCHF looks like it will make a good move, and here are the details: The market is trading on 0.9737 pivot level. Bias - Bearish Goal - 0.9718  #EURCHF 💹Time Frame : 1H (forecast) 🍀;0.9718
GOLD Sellers In Panic! BUY! 👩‍💻My dear followers, I analysed this chart on GOLD and concluded the following: The market is trading on 2322.8 pivot level. Bias - Bullish Target - 2362.6  #GOLD 💹Time Frame : 5H (forecast) 🍀;2362.6
EURJPY Under Pressure! SELL! 👩‍💻My dear followers, This is my opinion on the EURJPY next move: The asset is approaching an important pivot point 165.54 Bias - Bearish — Safe Stop Loss - 165.99 Goal - 164.75  #EURJPY 💹Time Frame : 8H (signal) 🍀;164.75
EURGBP Massive Short! SELL! 👩‍💻My dear subscribers, EURGBP looks like it will make a good move, and here are the details: The market is trading on 0.8600 pivot level. Bias - Bearish — My Stop Loss - 0.8615 Target - 0.8576  #EURGBP 💹Time Frame : 12H (signal) 🍀;0.8576
NZDCAD Buyers In Panic! SELL! 👩‍💻My dear subscribers, My technical analysis for NZDCAD is below: The price is coiling around a solid key level - 0.8131 Bias - Bearish Goal - 0.8117  #NZDCAD 💹Time Frame : 1H (forecast) 🍀;0.8117
GBPCHF The Target Is DOWN! SELL! 👩‍💻My dear friends, Please, find my technical outlook for GBPCHF below: The instrument tests an important psychological level 1.1365 Bias - Bearish Target - 1.1307  #GBPCHF 💹Time Frame : 5H (forecast) 🍀;1.1307
EURUSD Will Collapse! SELL! 👩‍💻My dear friends, My technical analysis for EURUSD is below: The market is trading on 1.0687 pivot level. Bias - Bearish  Target - 1.0649 Recommended Stop Loss - 1.0710  #EURUSD 💹Time Frame : 8H (signal) 🍀;1.0649
GBPAUD The Target Is UP! BUY! 👩‍💻My dear friends, Please, find my technical outlook for GBPAUD below: The price is coiling around a solid key level - 1.9152 Bias - Bullish  Goal - 1.9230 Safe Stop Loss - 1.9101  #GBPAUD 💹Time Frame : 12H (signal) 🍀;1.9230
NZDUSD Expected Growth! BUY! 👩‍💻My dear followers, This is my opinion on the NZDUSD next move: The asset is approaching an important pivot point 0.5925 Bias - Bullish Goal - 0.5937  #NZDUSD 💹Time Frame : 1H (forecast) 🍀;0.5937
NZDJPY Set To Fall! SELL! 👩‍💻My dear subscribers, NZDJPY looks like it will make a good move, and here are the details: The market is trading on 92.386 pivot level. Bias - Bearish Target - 91.646  #NZDJPY 💹Time Frame : 5H (forecast) 🍀;91.646
GOLD Technical Analysis! BUY! 👩‍💻My dear subscribers, This is my opinion on the GOLD next move: The instrument tests an important psychological level 2340.9 Bias - Bullish  Target - 2369.0 My Stop Loss - 2325.2  #GOLD 💹Time Frame : 8H (signal) 🍀;2369.0
GBPJPY My Opinion! SELL! 👩‍💻My dear friends, GBPJPY looks like it will make a good move, and here are the details: The market is trading on 194.29 pivot level. Bias - Bearish — Goal - 193.13 Recommended Stop Loss - 195.01  #GBPJPY 💹Time Frame : 12H (signal) 🍀;193.13
EURUSD Will Explode! BUY! 👩‍💻My dear friends, My technical analysis for EURUSD is below: The market is trading on 1.0694 pivot level. Bias - Bullish Target - 1.0712  #EURUSD 💹Time Frame : 1H (forecast) 🍀;1.0712
EURAUD Set To Grow! BUY! 👩‍💻My dear friends, Please, find my technical outlook for EURAUD below: The price is coiling around a solid key level - 1.6354 Bias -Bullish Goal - 1.6451  #EURAUD 💹Time Frame : 5H (forecast) 🍀;1.6451
GBPCHF What Next? SELL! 👩‍💻My dear followers, I analysed this chart on GBPCHF and concluded the following: The market is trading on 1.1394 pivot level. Bias - Bearish  Target - 1.1339 Safe Stop Loss - 1.1430  #GBPCHF 💹Time Frame : 8H (signal) 🍀;1.1339
USDCAD My Opinion! BUY! 👩‍💻My dear subscribers, My technical analysis for USDCAD is below: The price is coiling around a solid key level - 1.3685 Bias - Bullish  Goal - 1.3754 My Stop Loss - 1.3635  #USDCAD 💹Time Frame : 12H (signal) —— Join My Premium Channel NOW 💜 🐈 My VIP Bot -  😇 Contact - AnabelContact;1.3754
SPY Trading Opportunity! SELL! 👩‍💻My dear subscribers, This is my opinion on the SPY next move: The instrument tests an important psychological level 508.23 Bias - Bearish Target - 504.66  #SPY 💹Time Frame : 1H (forecast) 🍀;504.66
EURGBP What Next? BUY! 👩‍💻My dear friends, EURGBP looks like it will make a good move, and here are the details: The market is trading on 0.8549 pivot level. Bias - Bullish Goal - 0.8585  #EURGBP 💹Time Frame : 5H (forecast) 🍀;0.8585
GBPUSD A Fall Expected! SELL! 👩‍💻My dear friends, Please, find my technical outlook for GBPUSD below: The instrument tests an important psychological level 1.2488 Bias - Bearish  Target - 1.2407 Recommended Stop Loss - 1.2538  #GBPUSD 💹Time Frame : 8H (signal) 🍀;1.2407
SILVER Trading Opportunity! BUY! 👩‍💻My dear followers, This is my opinion on the SILVER next move: The asset is approaching an important pivot point 27.222 Bias - Bullish  Safe Stop Loss -26.487 Goal - 28.310  #SILVER 💹Time Frame : 12H (signal) 🍀;28.310
APPLE Technical Analysis! SELL! 👩‍💻My dear followers, I analysed this chart on APPLE and concluded the following: The market is trading on 169.28 pivot level. Bias - Bearish Target - 167.62  #APPLE 💹Time Frame : 1H (forecast) 🍀;167.62
QQQ Under Pressure! SELL! 👩‍💻My dear subscribers, My technical analysis for QQQ is below: The price is coiling around a solid key level - 431.06 Bias - Bearish Goal - 423.50  #QQQ 💹Time Frame : 4H (forecast) 🍀;423.50
AUDUSD Massive Short! SELL! 👩‍💻My dear subscribers, AUDUSD looks like it will make a good move, and here are the details: The market is trading on 0.6530 pivot level. Bias - Bearish — My Stop Loss - 0.6564 Target - 0.6476  #AUDUSD 💹Time Frame : 8H (signal) 🍀;0.6476
EURUSD Buyers In Panic! SELL! 👩‍💻My dear friends, My technical analysis for EURUSD is below: The market is trading on 1.0690 pivot level. Bias - Bearish — Target - 1.0630 Recommended Stop Loss - 1.0732  #EURUSD 💹Time Frame : 12H (signal) —— Get Exclusive Intraday VIP Signals 💜 Join Via My VIP Bot -  💙;1.0630
GBPCAD The Target Is DOWN! SELL! 👩‍💻My dear friends, Please, find my technical outlook for GBPCAD below: The instrument tests an important psychological level 1.7108 Bias - Bearish Target - 1.7092  #GBPCAD 💹Time Frame : 1H (forecast) 🍀;1.7092
NZDCAD Will Collapse! SELL! 👩‍💻My dear followers, This is my opinion on the NZDCAD next move: The asset is approaching an important pivot point 0.8150 Bias - Bearish Goal - 0.8126  #NZDCAD 💹Time Frame : 5H (forecast) 🍀;0.8126
EURNZD On The Rise! BUY! 👩‍💻My dear friends, Please, find my technical outlook for EURNZD below: The price is coiling around a solid key level - 1.7943 Bias - Bullish — Goal - 1.7991 Safe Stop Loss - 1.7910  #EURNZD 💹Time Frame : 8H (signal) 🍀;1.7991
SILVER Expected Growth! BUY! 👩‍💻My dear subscribers, This is my opinion on the SILVER next move: The instrument tests an important psychological level 27.231 Bias - Bullish — Target - 27.907 My Stop Loss - 26.808  #SILVER 💹Time Frame : 12H (signal) 🍀;27.907
EURUSD Set To Fall! SELL! 👩‍💻My dear subscribers, EURUSD looks like it will make a good move, and here are the details: The market is trading on 1.0720 pivot level. Bias - Bearish Target - 1.0707  #EURUSD 💹Time Frame : 1H (forecast) 🍀;1.0707
EURCAD My Opinion! SELL! 👩‍💻My dear friends, My technical analysis for EURCAD is below: The market is trading on 1.4677 pivot level. Bias - Bearish Target - 1.4644  #EURCAD 💹Time Frame : 5H (forecast) 🍀;1.4644
GBPNZD What Next? SELL! 👩‍💻My dear friends, GBPNZD looks like it will make a good move, and here are the details: The market is trading on 2.1090 pivot level. Bias - Bearish — Goal - 2.1018 Recommended Stop Loss - 2.1138  #GBPNZD 💹Time Frame : 8H (signal) 🍀;2.1018
GBPUSD Trading Opportunity! SELL! 👩‍💻My dear followers, I analysed this chart on GBPUSD and concluded the following: The market is trading on 1.2545 pivot level. Bias - Bearish  Target - 1.2463 Safe Stop Loss - 1.2592  #GBPUSD 💹Time Frame : 12H (signal) —— Get Exclusive VIP Signals 💗 With Entry, Stop, Target 💗 Join Via My VIP Bot -  💙 Contact - AnabelContact;1.2463
EURGBP Massive Short! SELL! 👩‍💻My dear friends, Please, find my technical outlook for EURGBP below: The price is coiling around a solid key level - 0.8553 Bias - Bearish Goal - 0.8545  #EURGBP 💹Time Frame : 1H (forecast) 🍀;0.8545
GOLD Technical Analysis! BUY! 👩‍💻My dear subscribers, This is my opinion on the GOLD next move: The instrument tests an important psychological level 2301.9 Bias - Bullish Target - 2331.5  #GOLD 💹Time Frame : 6H (forecast) 🍀;2331.5
NZDUSD Sellers In Panic! BUY! 👩‍💻My dear subscribers, My technical analysis for NZDUSD is below: The price is coiling around a solid key level - 0.5904 Bias - Bullish  Goal - 0.5947 My Stop Loss - 0.5876  #NZDUSD 💹Time Frame : 8H (signal) 🍀;0.5947
EURCHF The Target Is DOWN! SELL! 👩‍💻My dear friends, Please, find my technical outlook for EURCHF below: The instrument tests an important psychological level 0.9819 Bias - Bearish —— Target - 0.9778 Recommended Stop Loss - 0.9846  #EURCHF 💹Time Frame : 12H (signal) 🍀;0.9778
USDCHF The Target Is UP! BUY! 👩‍💻My dear friends, USDCHF looks like it will make a good move, and here are the details: The market is trading on 0.9126 pivot level. Bias - Bullish Goal - 0.9161  #USDCHF 💹Time Frame : 1H (forecast) 🍀;0.9161
CADCHF Will Explode! BUY! 👩‍💻My dear followers, I analysed this chart on CADCHF and concluded the following: The market is trading on 0.6656 pivot level. Bias - Bullish Target - 0.6673  #CADCHF 💹Time Frame : 5H (forecast) 🍀;0.6673
EURCAD A Fall Expected! SELL! 👩‍💻My dear followers, This is my opinion on the EURCAD next move: The asset is approaching an important pivot point 1.4653 Bias - Bearish —— Safe Stop Loss - 1.4675 Goal - 1.4619  #EURCAD 💹Time Frame : 8H (signal) 🍀;1.4619
EURUSD Technical Analysis! SELL! 👩‍💻My dear subscribers, EURUSD looks like it will make a good move, and here are the details: The market is trading on 1.0686 pivot level. Bias - Bearish —— My Stop Loss - 1.0707 Target - 1.0654  #EURUSD 💹Time Frame : 12H (signal) —— 💟 Get More Signals 💟 With Higher Accuracy 💛 Join VIP Group Now 💛;1.0654
NZDCAD Trading Opportunity! SELL! 👩‍💻My dear subscribers, My technical analysis for NZDCAD is below: The price is coiling around a solid key level - 0.8170 Bias - Bearish Goal - 0.8149  #NZDCAD 💹Time Frame : 1H (forecast) 🍀;0.8149
EURJPY Set To Grow! BUY! 👩‍💻My dear followers, This is my opinion on the EURJPY next move: The asset is approaching an important pivot point 164.62 Bias - Bullish Goal - 166.50  #EURJPY 💹Time Frame : 5H (forecast) 🍀;166.50
AUDUSD Under Pressure! SELL! 👩‍💻My dear friends, My technical analysis for AUDUSD is below: The market is trading on 0.6581 pivot level. Bias - Bearish  Target - 0.6528 Recommended Stop Loss - 0.6616  #AUDUSD 💹Time Frame : 8H (signal) 🍀;0.6528
SILVER My Opinion! BUY! 👩‍💻My dear friends, Please, find my technical outlook for SILVER below: The price is coiling around a solid key level - 26.465 Bias - Bullish  Goal - 27.488 Safe Stop Loss - 25.807  #SILVER 💹Time Frame : 12H (signal) 🍀;27.488
QQQ Buyers In Panic! SELL! 👩‍💻My dear friends, Please, find my technical outlook for QQQ below: The instrument tests an important psychological level 435.48 Bias - Bearish Target - 429.45  #QQQ 💹Time Frame : 1H (forecast) 🍀;429.45
EURUSD Will Collapse! SELL! 👩‍💻My dear followers, This is my opinion on the EURUSD next move: The asset is approaching an important pivot point 1.0758 Bias - Bearish Goal - 1.0709  #EURUSD 💹Time Frame : 5H (forecast) 🍀;1.0709
TESLA Set To Fall! SELL! 👩‍💻My dear subscribers, This is my opinion on the TESLA next move: The instrument tests an important psychological level 181.20 Bias - Bearish — Target - 167.46 My Stop Loss - 190.37  #TESLA 💹Time Frame : 8H (signal) 🍀;167.46
SPY Under Pressure! SELL! 👩‍💻My dear friends, My technical analysis for SPY is below: The market is trading on 511.28 pivot level. Bias - Bearish Target - 507.15  #SPY 💹Time Frame : 5H (forecast) 🍀;507.15
GOLD Trading Opportunity! BUY! 👩‍💻My dear followers, I analysed this chart on GOLD and concluded the following: The market is trading on 2301.8 pivot level. Bias - Bullish — Target - 2331.0 Safe Stop Loss - 2280.8  #GOLD 💹Time Frame : 8H (signal) 🍀;2331.0
USDCHF On The Rise! BUY! 👩‍💻My dear subscribers, My technical analysis for USDCHF is below: The price is coiling around a solid key level - 0.9045 Bias - Bullish  Goal - 0.9101 My Stop Loss - 0.9012  #USDCHF 💹Time Frame : 12H (signal) —— Join My Premium Channel NOW 💜 🐈 My VIP Bot -  😇 Contact - AnabelContact;0.9101
EURGBP Expected Growth! BUY! 👩‍💻My dear friends, My technical analysis for EURGBPis below: The market is trading on 0.8566 pivot level. Bias - Bullish Target - 0.8574  #EURGBP 💹Time Frame : 1H (forecast) 🍀;0.8574
GBPNZD Technical Analysis! BUY! 👩‍💻My dear friends, Please, find my technical outlook for GBPNZD below: The price is coiling around a solid key level - 2.0890 Bias - Bullish Goal - 2.1001  #GBPNZD 💹Time Frame : 5H (forecast) 🍀;2.1001
NZDUSD What Next? SELL! 👩‍💻My dear friends, Please, find my technical outlook for NZDUSD below: The instrument tests an important psychological level 0.6026 Bias - Bearish —— Target - 0.5982 Recommended Stop Loss - 0.6053  #NZDUSD 💹Time Frame : 8H (signal) 🍀;0.5982
EURUSD Trading Opportunity! SELL! 👩‍💻My dear followers, This is my opinion on the EURUSD next move: The asset is approaching an important pivot point 1.0784 Bias - Bearish — Safe Stop Loss - 1.0825 Goal - 1.0726  #EURUSD 💹Time Frame : 12H (signal) 🍀;1.0726
GOLD Set To Fall! SELL! 👩‍💻My dear subscribers, This is my opinion on the GOLD next move: The instrument tests an important psychological level 2319.1 Bias - Bearish Target - 2310.8  #GOLD 💹Time Frame : 3H (forecast) 🍀;2310.8
NZDCHF My Opinion! SELL! 👩‍💻My dear friends, NZDCHF looks like it will make a good move, and here are the details: The market is trading on 0.5449 pivot level. Bias - Bearish Goal - 0.5434  #NZDCHF 💹Time Frame : 5H (forecast) 🍀;0.5434
AUDCAD Will Collapse! SELL! 👩‍💻My dear friends, My technical analysis for AUDCAD is below: The market is trading on 0.9058 pivot level. Bias - Bearish — Target - 0.8998 Recommended Stop Loss - 0.9098  #AUDCAD 💹Time Frame : 8H (signal) 🍀;0.8998
AUDUSD What Next? SELL! 👩‍💻My dear friends, Please, find my technical outlook for AUDUSD below: The price is coiling around a solid key level - 0.6618 Bias - Bearish —— Goal - 0.6550 Safe Stop Loss - 0.6662  #AUDUSD 💹Time Frame : 12H (signal) —— Get Exclusive Intraday VIP Signals 💜 Join Via My VIP Bot -  💙;0.6550
EURUSD Massive Long! BUY! 👩‍💻My dear followers, I analysed this chart on EURUSD and concluded the following: The market is trading on 1.0745 pivot level. Bias - Bullish Target - 1.0761  #EURUSD 💹Time Frame : 1H (forecast) 🍀;1.0761
GBPUSD Sellers In Panic! BUY! 👩‍💻My dear subscribers, My technical analysis for GBPUSD is below: The price is coiling around a solid key level - 1.2479 Bias - Bullish Goal - 1.2515  #GBPUSD 💹Time Frame : 5H (forecast) 🍀;1.2515
AUDNZD The Target Is UP! BUY! 👩‍💻My dear subscribers, This is my opinion on the AUDNZD next move: The instrument tests an important psychological level 1.0959 Bias - Bullish  Target - 1.0996 My Stop Loss - 1.0936  #AUDNZD 💹Time Frame : 8H (signal) 🍀;1.0996
GBPNZD Will Explode! BUY! 👩‍💻My dear friends, GBPNZD looks like it will make a good move, and here are the details: The market is trading on 2.0832 pivot level. Bias - Bullish — Goal - 2.0938 Recommended Stop Loss - 2.0763  #GBPNZD 💹Time Frame : 12H (signal) 🍀;2.0938
GOLD Under Pressure! SELL! 👩‍💻My dear friends, Please, find my technical outlook for GOLDbelow: The instrument tests an important psychological level 2336.5 Bias - Bearish Target - 2327.3  #GOLD 💹Time Frame : 1H (forecast) 🍀;2327.3
EURJPY Massive Short! SELL! 👩‍💻My dear followers, This is my opinion on the EURJPY next move: The asset is approaching an important pivot point 167.64 Bias - Bearish Goal - 165.91  #EURJPY 💹Time Frame : 5H (forecast) 🍀;165.91
GBPCHF Set To Grow! BUY! 👩‍💻My dear followers, I analysed this chart on GBPCHF and concluded the following: The market is trading on 1.1342 pivot level. Bias - Bullish — Target - 1.1397 Safe Stop Loss - 1.1308  #GBPCHF 💹Time Frame : 8H (signal) 🍀;1.1397
EURGBP Buyers In Panic! SELL! 👩‍💻My dear subscribers, My technical analysis for EURGBP is below: The price is coiling around a solid key level - 0.8613 Bias - Bearish  Goal - 0.8586 My Stop Loss - 0.8627  #EURGBP 💹Time Frame : 12H (signal) —— Get Exclusive VIP Signals 💗 With Entry, Stop, Target 💗 Join Via My VIP Bot -  💙 Contact - AnabelContact;0.8586
USDJPY The Target Is DOWN! SELL! 👩‍💻My dear subscribers, USDPJPY looks like it will make a good move, and here are the details: The market is trading on 155.69 pivot level. Bias - Bearish Target - 155.55  #USDJPY 💹Time Frame : 1H (forecast) 🍀;155.55
EURCHF Will Collapse! SELL! 👩‍💻My dear friends, My technical analysis for EURCHF is below: The market is trading on 0.9773 pivot level. Bias - Bearish Target - 0.9754  #EURCHF 💹Time Frame : 5H (forecast) 🍀 \;0.9754
AUDJPY Set To Fall! SELL! 👩‍💻My dear friends, Please, find my technical outlook for AUDJPY below: The instrument tests an important psychological level 102.96 Bias - Bearish — Target - 101.79 Recommended Stop Loss - 103.68  #AUDJPY 💹Time Frame : 8H (signal) 🍀;101.79
EURUSD My Opinion! SELL! 👩‍💻My dear followers, This is my opinion on the EURUSD next move: The asset is approaching an important pivot point 1.0772. Bias - Bearish — Safe Stop Loss - 1.0812 Goal - 1.0717  #EURUSD 💹Time Frame : 12H (signal) 🍀;1.0717
TESLA Massive Long! BUY! 👩‍💻My dear friends, Please, find my technical outlook for TESLA below: The price is coiling around a solid key level - 168.47 Bias - Bullish Goal - 177.77  #TESLA 💹Time Frame : 2H (forecast) 🍀;177.77
QQQ What Next? SELL 👩‍💻My dear subscribers, This is my opinion on the QQQ next move: The instrument tests an important psychological level 442.04 Bias - Bearish Target - 433.35  #QQQ 💹Time Frame : 5H (forecast) 🍀;433.35
GOLD A Fall Expected! SELL! 👩‍💻My dear friends, My technical analysis for GOLD is below: The market is trading on 2360.5 pivot level. Bias - Bearish — Target - 2335.4 Recommended Stop Loss - 2376.9  #GOLD 💹Time Frame : 12H (signal) —— 💟 Get More Signals 💟 With Higher Accuracy 💛 Join VIP Group Now 💛;2335.4
SPY Technical Analysis! SELL! 👩‍💻My dear followers, I analysed this chart on SPY and concluded the following: The market is trading on 520.83 pivot level. Bias - Bearish Target - 512.34  #SPY 💹Time Frame : 5H (forecast) 🍀;512.34
EURUSD Under Pressure! SELL! 👩‍💻My dear friends, Please, find my technical outlook for EURUSD below: The price is coiling around a solid key level - 1.0767 Bias - Bearish  Goal - 1.0710 Safe Stop Loss - 1.0802  #EURUSD 💹Time Frame : 12H (signal) 🍀;1.0710
GOLD Trading Opportunity! BUY! 👩‍💻My dear subscribers, My technical analysis for GOLD is below: The price is coiling around a solid key level - 2343.6 Bias - Bullish Goal - 2356.2  #GOLD 💹Time Frame : 1H (forecast) 🍀;2356.2
AUDUSD Massive Short! SELL! 👩‍💻My dear friends, Please, find my technical outlook for AUDUSD below: The instrument tests an important psychological level 0.6615 Bias - Bearish Target - 0.6573  #AUDUSD 💹Time Frame : 5H (forecast) 🍀;0.6573
NZDJPY Buyers In Panic! SELL! 👩‍💻My dear subscribers, This is my opinion on the NZDJPY next move: The instrument tests an important psychological level 93.929 Bias - Bearish — Target - 93.016 My Stop Loss - 94.500  #NZDJPY 💹Time Frame : 8H (signal) 🍀;93.016
EURCAD The Target Is DOWN! SELL! 👩‍💻My dear friends, EURCAD looks like it will make a good move, and here are the details: The market is trading on 1.4767 pivot level. Bias - Bearish — Goal - 1.4715 Recommended Stop Loss - 1.4800  #EURCAD 💹Time Frame : 12H (signal) 🍀;1.4715
USDCAD On The Rise! BUY! 👩‍💻My dear followers, This is my opinion on the USDCAD next move: The asset is approaching an important pivot point 1.3639 Bias - Bullish Goal - 1.3657  #USDCAD 💹Time Frame : 1H (forecast) 🍀;1.3657
EURUSD Will Collapse! SELL! 👩‍💻My dear subscribers, EURUSD looks like it will make a good move, and here are the details: The market is trading on 1.0815 pivot level. Bias - Bearish Target - 1.0767  #EURUSD 💹Time Frame : 5H (forecast) 🍀;1.0767
EURCHF Set To Fall! SELL! 👩‍💻My dear followers, I analysed this chart on EURCHF and concluded the following: The market is trading on 0.9797 pivot level. Bias - Bearish — Target - 0.9758 Safe Stop Loss - 0.9822  #EURCHF 💹Time Frame : 8H (signal) 🍀;0.9758
USDJPY My Opinion! SELL! 👩‍💻My dear subscribers, My technical analysis for USDJPY is below: The price is coiling around a solid key level - 156.41 Bias - Bearish —— Goal - 154.93 My Stop Loss - 157.44  #USDJPY 💹Time Frame : 12H (signal) 🍀;154.93
#GBPJPY Expected Growth! BUY! 👩‍💻My dear subscribers, GBPJPY looks like it will make a good move, and here are the details: The market is trading on 196.53 pivot level. Bias - Bullish Target - 196.87  #GBPJPY 💹Time Frame : 1H (forecast) 🍀;196.87
USDCHF Technical Analysis! BUY! 👩‍💻My dear friends, My technical analysis for USDCHF is below: The market is trading on 0.9051 pivot level. Bias - Bullish Target - 0.9074  #USDCHF 💹Time Frame : 5H (forecast) 🍀;0.9074
GBPUSD What Next? SELL! 👩‍💻My dear friends, Please, find my technical outlook for GBPUSD below: The instrument tests an important psychological level 1.2641 Bias - Bearish — Target - 1.2580 Recommended Stop Loss - 1.2678  #GBPUSD 💹Time Frame : 8H (signal) 🍀;1.2580
GOLD Trading Opportunity! SELL! 👩‍💻My dear followers, This is my opinion on the GOLD next move: The asset is approaching an important pivot point 2375.0 Bias - Bearish — Safe Stop Loss - 2393.9 Goal - 2346.4  #GOLD 💹Time Frame : 12H (signal) —— Join My Premium Channel NOW 💜 🐈 My VIP Bot -  😇 Contact - AnabelContact;2346.4
AUDCAD Massive Long! BUY! 👩‍💻My dear friends, Please, find my technical outlook for AUDCAD below: The price is coiling around a solid key level - 0.9082 Bias - Bullish Goal - 0.9099  #AUDCAD 💹Time Frame : 1H (forecast) 🍀;0.9099
EURUSD A Fall Expected! SELL! 👩‍💻My dear subscribers, This is my opinion on the EURUSD next move: The instrument tests an important psychological level 1.0859 Bias - Bearish Target - 1.0814  #EURUSD 💹Time Frame : 5H (forecast) 🍀;1.0814
EURNZD Sellers In Panic! BUY! 👩‍💻My dear subscribers, EURNZD looks like it will make a good move, and here are the details: The market is trading on 1.7770 pivot level. Bias - Bullish —— My Stop Loss - 1.7708 Target - 1.7875  #EURNZD 💹Time Frame : 8H (signal) 🍀;1.7875
NZDUSD Set To Fall! SELL! 👩‍💻My dear friends, My technical analysis for NZDUSD is below: The market is trading on 0.6115 pivot level. Bias - Bearish — Target - 0.6042 Recommended Stop Loss - 0.6164  #NZDUSD 💹Time Frame : 12H (signal) 🍀;0.6042
AUDCHF Under Pressure! SELL! 👩‍💻My dear friends, AUDCHF looks like it will make a good move, and here are the details: The market is trading on 0.6066 pivot level. Bias -Bearish Goal - 0.6048  #AUDCHF 💹Time Frame : 1H (forecast) 🍀;0.6048
AUDNZD Set To Grow! BUY! 👩‍💻My dear followers, I analysed this chart on AUDNZD and concluded the following: The market is trading on 1.0909 pivot level. Bias - Bullish Target - 1.0946  #AUDNZD 💹Time Frame : 5H (forecast) 🍀;1.0946
EURGBP My Opinion! BUY! 👩‍💻My dear friends, Please, find my technical outlook for EURGBP below: The price is coiling around a solid key level - 0.8563 Bias - Bullish — Goal - 0.8585 Safe Stop Loss - 0.8550  #EURGBP 💹Time Frame : 8H (signal) 🍀;0.8585
GOLD Massive Short! SELL! 👩‍💻My dear subscribers, This is my opinion on the GOLD next move: The instrument tests an important psychological level 2413.6 Bias - Bearish  Target - 2376.8 My Stop Loss - 2438.5  #GOLD 💹Time Frame : 12H (signal) —— Get Exclusive Intraday VIP Signals 💜 Join Via My VIP Bot -  💙;2376.8
EURUSD Will Collapse! SELL! 👩‍💻My dear friends, EURUSD looks like it will make a good move, and here are the details: The market is trading on 1.0867 pivot level. Bias - Bearish — Goal - 1.0806 Recommended Stop Loss - 1.0900  #EURUSD 💹Time Frame : 8H (signal) 🍀;1.0806
QQQ Set To Fall! SELL! 👩‍💻My dear followers, I analysed this chart on QQQ and concluded the following: The market is trading on 451.77 pivot level. Bias - Bearish — Target - 440.08 Safe Stop Loss - 458.64  #QQQ 💹Time Frame : 12H (signal) 🍀;440.08
TESLA My Opinion! SELL! 👩‍💻My dear followers, This is my opinion on the TESLA next move: The asset is approaching an important pivot point 177.57 Bias - Bearish Goal - 174.77  #TESLA 💹Time Frame : 1H (forecast) 🍀;174.77
SPY What Next? SELL! 👩‍💻My dear subscribers, SPY looks like it will make a good move, and here are the details: The market is trading on 529.43 pivot level. Bias - Bearish Target - 519.19  #SPY 💹Time Frame : 5H (forecast) 🍀;519.19
GOLD Trading Opportunity! SELL! 👩‍💻My dear subscribers, My technical analysis for GOLD is below: The price is coiling around a solid key level - 2414.7 Bias - Bearish  Goal - 2381.7 My Stop Loss - 2437.5  #GOLD 💹Time Frame : 8H (signal) 🍀;2381.7
EURUSD Will Explode! BUY! 👩‍💻My dear friends, Please, find my technical outlook for EURUSD below: The instrument tests an important psychological level 1.0863 Bias - Bullish Target - 1.0870  #EURUSD 💹Time Frame : 1H (forecast) 🍀;1.0870
GBPAUD Technical Analysis! SELL! 👩‍💻My dear followers, This is my opinion on the GBPAUD next move: The asset is approaching an important pivot point 1.9037 Bias - Bearish Goal - 1.8999  #GBPAUD 💹Time Frame : 5H (forecast) 🍀;1.8999
EURCAD Under Pressure! SELL! 👩‍💻My dear followers, This is my opinion on the EURCAD next move: The asset is approaching an important pivot point 1.4778 Bias - Bearish  Safe Stop Loss - 1.4804 Goal - 1.4737  #EURCAD 💹Time Frame : 8H (signal) 🍀;1.4737
USDCAD What Next? BUY! 👩‍💻My dear subscribers, USDCAD looks like it will make a good move, and here are the details: The market is trading on 1.3606 pivot level. Bias - Bullish  My Stop Loss - 1.3566 Target - 1.3670  #USDCAD 💹Time Frame : 12H (signal) 🍀;1.3670
NZDCHF Trading Opportunity! BUY! 👩‍💻My dear subscribers, NZDCHF looks like it will make a good move, and here are the details: The market is trading on 0.5548 pivot level. Bias - Bullish Target - 0.5559  #NZDCHF 💹Time Frame : 1H (forecast) 🍀;0.5559
USDCHF Massive Short! SELL! 👩‍💻My dear friends, My technical analysis for USDCHF is below: The market is trading on .0.9097 pivot level. Bias - Bearish Target -0.9067  #USDCHF 💹Time Frame : 5H (forecast) 🍀;0.9067
EURGBP On The Rise! BUY! 👩‍💻My dear friends, My technical analysis for EURGBP is below: The market is trading on 0.8543 pivot level. Bias -Bullish  Target - 0.8564 Recommended Stop Loss - 0.8528  #EURGBP 💹Time Frame : 8H (signal) 🍀;0.8564
GOLD Buyers In Panic! SELL! 👩‍💻My dear friends, Please, find my technical outlook for GOLD below: The price is coiling around a solid key level - 2422.9 Bias - Bearish — Goal - 2378.6 Safe Stop Loss -2451.4 — 💐 #GOLD 💹Time Frame : 12H (signal) —— 💟 Get More Signals 💟 With Higher Accuracy 💛 Join VIP Group Now 💛;2378.6
EURUSD Expected Growth! BUY! 👩‍💻My dear subscribers, My technical analysis for EURUSD is below: The price is coiling around a solid key level - 1.0833 Bias - Bullish Goal - 1.0849  #EURUSD 💹Time Frame : 1H (forecast) 🍀;1.0849
AUDUSD Technical Analysis! BUY! 👩‍💻My dear friends, Please, find my technical outlook for EUR/USD below: The instrument tests an important psychological level 0.6650 Bias - Bullish Target - 0.6675  #AUDUSD 💹Time Frame : 5H (forecast) 🍀;0.6675
EURNZD Massive Long! BUY! 👩‍💻My dear subscribers, This is my opinion on the EURNZD next move: The instrument tests an important psychological level 1.7709 Bias - Bullish —— Target - 1.7821 My Stop Loss - 1.7645  #EURNZD 💹Time Frame : 8H (signal) 🍀;1.7821
USDJPY The Target Is DOWN! SELL! 👩‍💻My dear friends, USDJPY looks like it will make a good move, and here are the details: The market is trading on 156.41 pivot level. Bias - Bearish  Goal - 155.17 Recommended Stop Loss - 157.21  #USDJPY 💹Time Frame : 12H (signal) 🍀;155.17
NZDUSD Sellers In Panic! BUY! 👩‍💻My dear followers, This is my opinion on the NZDUSD next move: The asset is approaching an important pivot point 0.6111 Bias - Bullish Goal - 0.6119  #NZDUSD 💹Time Frame : 1H (forecast) 🍀;0.6119
GOLD The Target Is UP! BUY! 👩‍💻My dear friends, Please, find my technical outlook for GOLD below: The price is coiling around a solid key level - 2358.2 Bias - Bullish Goal - 2402.4  #GOLD 💹Time Frame : 5H (forecast) 🍀;2402.4
USDCAD Will Collapse! SELL! 👩‍💻My dear followers, I analysed this chart on USDCAD and concluded the following: The market is trading on 1.3685 pivot level. Bias - Bearish —— Target - 1.3638 Safe Stop Loss - 1.3718  #USDCAD 💹Time Frame : 8H (signal) 🍀;1.3638
USDCHF Set To Fall! SELL! 👩‍💻My dear subscribers, My technical analysis for USDCHF is below: The price is coiling around a solid key level - 0.9142 Bias - Bearish —— Goal - 0.9095 My Stop Loss - 0.9171  #USDCHF 💹Time Frame : 12H (signal) 🍀;0.9095
EURUSD My Opinion! SELL! 👩‍💻My dear subscribers, EURUSD looks like it will make a good move, and here are the details: The market is trading on 1.0851 pivot level. Bias - Bearish Target - 1.0832  #EURUSD 💹Time Frame : 1H (forecast) 🍀;1.0832
EURJPY What Next? SELL! 👩‍💻My dear subscribers, This is my opinion on the EURJPY next move: The instrument tests an important psychological level 170.41 Bias - Bearish Target - 168.97  #EURJPY 💹Time Frame : 5H (forecast) 🍀;168.97
EURAUD Trading Opportunity! SELL! 👩‍💻My dear friends, Please, find my technical outlook for EURAUD below: The instrument tests an important psychological level 1.6392 Bias - Bearish — Target - 1.6330 Recommended Stop Loss - 1.6437  #EURAUD 💹Time Frame : 8H (signal) 🍀;1.6330
AUDUSD A Fall Expected! SELL! 👩‍💻My dear followers, This is my opinion on the AUDUSD next move: The asset is approaching an important pivot point 0.6620 Bias - Bearish — Safe Stop Loss - 0.6669 Goal - 0.6551  #AUDUSD 💹Time Frame : 12H (signal) 🍀;0.6551
GOLD My Opinion! BUY! 👩‍💻My dear followers, I analysed this chart on GOLD and concluded the following: The market is trading on 2334.0 pivot level. Bias - Bullish Target - 2372.3  #GOLD 💹Time Frame : 5H (forecast) 🍀;2372.3
SPY Under Pressure! SELL! 👩‍💻My dear subscribers, SPY looks like it will make a good move, and here are the details: The market is trading on 529.51  pivot level. Bias - Bearish  My Stop Loss - 536.17 Target -519.29  #SPY 💹Time Frame : 8H (signal) 🍀;519.29
EURNZD What Next? BUY! 👩‍💻My dear friends, My technical analysis for EURNZD is below: The market is trading on 1.7713 pivot level. Bias - Bullish  Target - 1.7827 Recommended Stop Loss - 1.7636  #EURNZD 💹Time Frame : 12H (signal) 🍀;1.7827
EURUSD Massive Short! SELL! 👩‍💻My dear subscribers, My technical analysis for EURUSD is below: The price is coiling around a solid key level - 1.0845 Bias - Bearish Goal - 1.0828  #EURUSD 💹Time Frame : 1H (forecast) 🍀;1.0828
APPLE Buyers In Panic! SELL! 👩‍💻My dear friends, Please, find my technical outlook for APPLE below: The price is coiling around a solid key level - 190.04 Bias - Bearish — Goal - 183.08 Safe Stop Loss - 194.57  #APPLE 💹Time Frame : 8H (signal) 🍀;183.08
QQQ Will Collapse! SELL! 👩‍💻My dear subscribers, This is my opinion on the QQQ next move: The instrument tests an important psychological level 458.03 Bias - Bearish — Target - 442.80 My Stop Loss - 467.33  #QQQ 💹Time Frame : 12H (signal) —— Join My Premium Channel NOW 💜 🐈 My VIP Bot -  😇 Contact - AnabelContact;442.80
EURAUD On The Rise! BUY! 👩‍💻My dear followers, This is my opinion on the EURAUD next move: The asset is approaching an important pivot point 1.6302 Bias - Bullish Goal - 1.6339  #EURAUD 💹Time Frame : 1H (forecast) 🍀;1.6339
NZDUSD Set To Fall! SELL! 👩‍💻My dear subscribers, NZDUSD looks like it will make a good move, and here are the details: The market is trading on 0.6149 pivot level. Bias - Bearish Target - 0.6110  #NZDUSD 💹Time Frame : 5H (forecast) 🍀;0.6110
GOLD Technical Analysis! BUY! 👩‍💻My dear friends, GOLD looks like it will make a good move, and here are the details: The market is trading on 2352.2 pivot level. Bias - Bullish —— Goal - 2384.1 Recommended Stop Loss - 2328.8  #GOLD 💹Time Frame : 8H (signal) 🍀;2384.1
CADCHF My Opinion! SELL! 👩‍💻My dear followers, I analysed this chart on CADCHF and concluded the following: The market is trading on 0.6700 pivot level. Bias - Bearish —— Target - 0.6664 Safe Stop Loss - 0.6723  #CADCHF 💹Time Frame : 12H (signal) 🍀;0.6664
USDJPY Massive Long! BUY! 👩‍💻My dear friends, My technical analysis for USDJPY is below: The market is trading on 156.67 pivot level. Bias - Bullish Target - 156.78  #USDJPY 💹Time Frame : 1H (forecast) 🍀;156.78
EURUSD What Next? SELL! 👩‍💻My dear friends, Please, find my technical outlook for EURUSD below: The price is coiling around a solid key level - 1.0871 Bias - Bearish Goal - 1.0846  #EURUSD 💹Time Frame : 5H (forecast) 🍀;1.0846
CADJPY Trading Opportunity! SELL! 👩‍💻My dear subscribers, My technical analysis for CADJPY is below: The price is coiling around a solid key level - 114.97 Bias - Bearish — Goal - 114.10 My Stop Loss - 115.51  #CADJPY 💹Time Frame : 9H (signal) 🍀;114.10
EURNZD Sellers In Panic! BUY! 👩‍💻My dear friends, Please, find my technical outlook for EURNZD below: The instrument tests an important psychological level 1.7657 Bias - Bullish —— Target - 1.7750 Recommended Stop Loss - 1.7597  #EURNZD 💹Time Frame : 12H (signal) —— Get Exclusive Intraday VIP Signals 💜 Join Via My VIP Bot -  💙;1.7750
GOLD The Target Is UP! BUY! 👩‍💻My dear subscribers, This is my opinion on the GOLD next move: The instrument tests an important psychological level 2344.0 Bias - Bullish Target - 2351.1  #GOLD 💹Time Frame : 1H (forecast) 🍀;2351.1
AUDCHF Will Explode! BUY! 👩‍💻My dear friends, AUDCHF looks like it will make a good move, and here are the details: The market is trading on 0.6042 pivot level. Bias - Bullish Goal - 0.6061  #AUDCHF 💹Time Frame : 5H (forecast) 🍀;0.6061
CHFJPY A Fall Expected! SELL! 👩‍💻My dear followers, This is my opinion on the CHFJPY next move: The asset is approaching an important pivot point 172.41 Bias - Bearish —— Safe Stop Loss - 173.02 Goal - 171.51  #CHFJPY 💹Time Frame : 8H (signal) 🍀;171.51
AUDNZD Set To Grow! BUY! 👩‍💻My dear subscribers, AUDNZD looks like it will make a good move, and here are the details: The market is trading on 1.0812 pivot level. Bias - Bullish — My Stop Loss - 1.0778 Target - 1.0871  #AUDNZD 💹Time Frame : 12H (signal) 🍀;1.0871
EURUSD Technical Analysis! SELL! 👩‍💻My dear followers, I analysed this chart on EURUSD and concluded the following: The market is trading on 1.0836 pivot level. Bias - Bearish Target - 1.0808  #EURUSD 💹Time Frame : 1H (forecast) 🍀;1.0808
EURJPY My Opinion! BUY! 👩‍💻My dear subscribers, My technical analysis for EURJPY is below: The price is coiling around a solid key level - 169.80 Bias - Bullish Goal - 170.35  #EURJPY 💹Time Frame : 5H (forecast) 🍀;170.35
GBPCHF What Next? BUY! 👩‍💻My dear friends, My technical analysis for GBPCHF is below: The market is trading on 1.1509 pivot level. Bias - Bullish — Target - 1.1593 Recommended Stop Loss - 1.1454  #GBPCHF 💹Time Frame : 8H (signal) 🍀;1.1593
USDCAD Under Pressure! SELL! 👩‍💻My dear friends, Please, find my technical outlook for USDCAD below: The price is coiling around a solid key level - 1.3668 Bias - Bearish — Goal - 1.3631 Safe Stop Loss - 1.3695  #USDCAD 💹Time Frame : 12H (signal) —— Get Exclusive VIP Signals 💗 With Entry, Stop, Target 💗 Join Via My VIP Bot -  💙 Contact - AnabelContact;1.3631
GOLD Trading Opportunity! BUY! 👩‍💻My dear friends, Please, find my technical outlook for GOLD below: The instrument tests an important psychological level 2342.7 Bias - Bullish Target - 2348.5  #GOLD 💹Time Frame : 1H (forecast) 🍀;2348.5
EURAUD On The Rise! BUY! 👩‍💻My dear followers, This is my opinion on the EURAUD next move: The asset is approaching an important pivot point 1.6320 Bias - Bullish Goal - 1.6346  #EURAUD 💹Time Frame : 5H (forecast) 🍀;1.6346
GBPNZD Expected Growth! BUY 👩‍💻My dear subscribers, This is my opinion on the GBPNZD next move: The instrument tests an important psychological level 2.0729 Bias - Bullish Target - 2.0788 My Stop Loss - 2.0687  #GBPNZD 💹Time Frame : 8H (signal) 🍀;2.0788
AUDCHF Technical Analysis! BUY! 👩‍💻My dear friends, AUDCHF looks like it will make a good move, and here are the details: The market is trading on 0.5990 pivot level. Bias - Bullish  Goal - 0.6031 Recommended Stop Loss - 0.5966  #AUDCHF 💹Time Frame : 12H (signal) 🍀;0.6031
EURUSD Massive Short! SELL! 👩‍💻My dear subscribers, EURUSD looks like it will make a good move, and here are the details: The market is trading on 1.0847 pivot level. Bias - Bearish Target - 1.0828  #EURUSD 💹Time Frame : 2H (forecast) 🍀;1.0828
GBPCAD Will Explode! BUY! 👩‍💻My dear friends, My technical analysis for GBPCAD is below: The market is trading on 1.7355 pivot level. Bias - Bullish Target - 1.7393  #GBPCAD 💹Time Frame : 5H (forecast) 🍀;1.7393
APPLE Buyers In Panic! SELL! 👩‍💻My dear followers, I analysed this chart on APPLE and concluded the following: The market is trading on 192.38 pivot level. Bias - Bearish — Target - 184.58 Safe Stop Loss - 197.26  #APPLE 💹Time Frame : 8H (signal) 🍀;184.58
QQQ Trading Opportunity! BUY! 👩‍💻My dear friends, Please, find my technical outlook for QQQ below: The price is coiling around a solid key level - 451.74 Bias - Bullish Goal - 455.42  #QQQ 💹Time Frame : 3H (forecast) 🍀;455.42
SILVER On The Rise! BUY! 👩‍💻My dear subscribers, This is my opinion on the SILVER next move: The instrument tests an important psychological level 30.4065 Bias - Bullish Target - 31.0378  #SILVER 💹Time Frame : 5H (forecast) 🍀;31.0378
AUDJPY The Target Is DOWN! SELL! 👩‍💻My dear friends, Please, find my technical outlook for AUDJPY below: The instrument tests an important psychological level 104.61 Bias - Bearish — Target - 103.93 Recommended Stop Loss - 105.04  #AUDJPY 💹Time Frame : 8H (signal) 🍀;103.93
EURUSD Will Collapse! SELL! 👩‍💻My dear friends, EURUSD looks like it will make a good move, and here are the details: The market is trading on 1.0851 pivot level. Bias - Bearish Goal - 1.0830  #EURUSD 💹Time Frame : 3H (forecast) 🍀;1.0830
GBPAUD Expected Growth! BUY! 👩‍💻My dear followers, I analysed this chart on GBPAUD and concluded the following: The market is trading on 1.9104 pivot level. Bias - Bullish Target - 1.9173  #GBPAUD 💹Time Frame : 5H (forecast) 🍀;1.9173
NZDUSD Set To Fall! SELL! 👩‍💻My dear subscribers, NZDUSD looks like it will make a good move, and here are the details: The market is trading on 0.6188 pivot level. Bias - Bearish — My Stop Loss - 0.6221 Target - 0.6139  #NZDUSD 💹Time Frame : 8H (signal) 🍀;0.6139
GBPCHF Technical Analysis! BUY! 👩‍💻My dear friends, My technical analysis for GBPCHF is below: The market is trading on 1.1450 pivot level. Bias - Bullish  Target - 1.1527 Recommended Stop Loss - 1.1400  #GBPCHF 💹Time Frame : 12H (signal) —— Join My Premium Channel NOW 💜 🐈 My VIP Bot -  😇 Contact - AnabelContact;1.1527
GOLD Massive Long! BUY! 👩‍💻My dear subscribers, My technical analysis for GOLD is below: The price is coiling around a solid key level - 2329.4 Bias - Bullish Goal - 2341.4  #GOLD 💹Time Frame : 1H (forecast) 🍀;2341.4
GBPCAD My Opinion! SELL! 👩‍💻My dear friends, Please, find my technical outlook for GBPCAD below: The instrument tests an important psychological level 1.7453 Bias - Bearish Target - 1.7409  #GBPCAD 💹Time Frame : 5H (forecast) 🍀;1.7409
EURCAD What Next? SELL! 👩‍💻My dear friends, Please, find my technical outlook for EURCAD below: The price is coiling around a solid key level - 1.4860 Bias - Bearish — Goal - 1.4822 Safe Stop Loss - 1.4888  #EURCAD 💹Time Frame : 8H (signal) 🍀;1.4822
USDJPY Sellers In Panic! BUY! 👩‍💻My dear subscribers, This is my opinion on the USDJPY next move: The instrument tests an important psychological level 155.11 Bias - Bullish  Target - 156.43 My Stop Loss - 154.22  #USDJPY 💹Time Frame : 12H (signal) 🍀;156.43
EURUSD The Target Is UP! BUY! 👩‍💻My dear followers, This is my opinion on the EURUSD next move: The asset is approaching an important pivot point 1.0875 Bias - Bullish Goal - 1.0888  #EURUSD 💹Time Frame : 1H (forecast) 🍀;1.0888
NZDUSD Trading Opportunity! SELL! 👩‍💻My dear subscribers, NZDUSD looks like it will make a good move, and here are the details: The market is trading on 0.6186 pivot level. Bias - Bearish Target - 0.6151  #NZDUSD 💹Time Frame : 5H (forecast) 🍀;0.6151
GBPNZD Will Explode! BUY! 👩‍💻My dear friends, GBPNZD looks like it will make a good move, and here are the details: The market is trading on 2.0668 pivot level. Bias - Bullish — Goal - 2.0727 Recommended Stop Loss - 2.0631  #GBPNZD 💹Time Frame : 8H (signal) 🍀;2.0727
NZDCHF Set To Grow! BUY! 👩‍💻My dear followers, I analysed this chart on NZDCHF and concluded the following: The market is trading on 0.5520 pivot level. Bias - Bullish — Target - 0.5563 Safe Stop Loss - 0.5491  #NZDCHF 💹Time Frame : 12H (signal) —— Get Exclusive Intraday VIP Signals 💜 Join Via My VIP Bot -  💙;0.5563
GBPCHF My Opinion! BUY! 👩‍💻My dear friends, My technical analysis for GBPCHF is below: The market is trading on 1.1388 pivot level. Bias - Bullish Target - 1.1410  #GBPCHF 💹Time Frame : 1H (forecast) 🍀;1.1410
GOLD A Fall Expected! SELL! 👩‍💻My dear friends, Please, find my technical outlook for GOLD below: The price is coiling around a solid key level - 2361.2 Bias - Bearish Goal - 2345.5  #GOLD 💹Time Frame : 5H (forecast) 🍀;2345.5
EURNZD What Next? BUY! 👩‍💻My dear subscribers, My technical analysis for EURNZD is below: The price is coiling around a solid key level - 1.7579 Bias - Bullish — Goal - 1.7659 My Stop Loss - 1.7533  #EURNZD 💹Time Frame : 8H (signal) 🍀;1.7659
CADJPY Trading Opportunity! BUY! 👩‍💻My dear friends, Please, find my technical outlook for CADJPY below: The instrument tests an important psychological level 114.06 Bias - Bullish  Target - 114.90 Recommended Stop Loss - 113.49  #CADJPY 💹Time Frame : 12H (signal) 🍀;114.90
EURUSD On The Rise! BUY! 👩‍💻My dear subscribers, This is my opinion on the EURUSD next move: The instrument tests an important psychological level 1.0824 Bias -Bullish Target - 1.0864  #EURUSD 💹Time Frame : 2H (forecast) 🍀;1.0864
EURAUD Technical Analysis! SELL! 👩‍💻My dear friends, EURAUD looks like it will make a good move, and here are the details: The market is trading on 1.6399 pivot level. Bias - Bearish Goal - 1.6355  #EURAUD 💹Time Frame : 5H (forecast) 🍀;1.6355
GBPAUD Under Pressure! SELL! 👩‍💻My dear followers, This is my opinion on the GBPAUD next move: The asset is approaching an important pivot point 1.9288 Bias - Bearish — Safe Stop Loss - 1.9348 Goal - 1.9190  #GBPAUD 💹Time Frame : 8H (signal) 🍀;1.9190
EURCAD Massive Short! SELL! 👩‍💻My dear subscribers, EURCAD looks like it will make a good move, and here are the details: The market is trading on 1.4851 pivot level. Bias - Bearish  My Stop Loss - 1.4884 Target - 1.4805  #EURCAD 💹Time Frame : 12H (signal) 🍀;1.4805
SPY Buyers In Panic! SELL! 👩‍💻My dear followers, I analysed this chart on SPY and concluded the following: The market is trading on 533.97 pivot level. Bias - Bearish Target - 528.25  #SPY 💹Time Frame : 3H (forecast) 🍀;528.25
GOLD Massive Long! BUY! 👩‍💻My dear friends, My technical analysis for GOLD is below: The market is trading on 2294.0 pivot level. Bias - Bullish  Target - 2331.3 Recommended Stop Loss - 2271.6  #GOLD 💹Time Frame : 8H (signal) 🍀;2331.3
APPLE Will Collapse! SELL! 👩‍💻My dear friends, Please, find my technical outlook for APPLE below: The price is coiling around a solid key level - 196.91 Bias - Bearish  Goal - 188.16 Safe Stop Loss - 201.94  #APPLE 💹Time Frame : 12H (signal) 🍀;188.16
QQQ Set To Fall! SELL! 👩‍💻My dear subscribers, This is my opinion on the QQQ next move: The instrument tests an important psychological level 462.97 Bias - Bearish  Target - 450.36 My Stop Loss - 470.53  #QQQ 💹Time Frame : 8H (signal) 🍀;450.36
EURUSD Will Explode! BUY! 👩‍💻My dear friends, EURUSD looks like it will make a good move, and here are the details: The market is trading on 1.0797 pivot level. Bias - Bullish — Goal - 1.0844 Recommended Stop Loss - 1.0767  #EURUSD 💹Time Frame : 12H (signal) 🍀;1.0844
CADCHF My Opinion! BUY! 👩‍💻My dear subscribers, CADCHF looks like it will make a good move, and here are the details: The market is trading on 0.6511 pivot level. Bias - Bullish Target - 0.6516  #CADCHF 💹Time Frame : 1H (forecast) 🍀;0.6516
GBPNZD Technical Analysis! SELL! 👩‍💻My dear friends, My technical analysis for GBPNZD is below: The market is trading on 2.0807 pivot level. Bias - Bearish Target - 2.0732  #GBPNZD 💹Time Frame : 5H (forecast) 🍀;2.0732
GBPUSD What Next? BUY! 👩‍💻My dear followers, I analysed this chart on GBPUSD and concluded the following: The market is trading on 1.2718 pivot level. Bias - Bullish — Target - 1.2765 Safe Stop Loss - 1.2685  #GBPUSD 💹Time Frame : 8H (signal) 🍀;1.2765
GOLD Trading Opportunity! BUY! 👩‍💻My dear subscribers, My technical analysis for GOLD is below: The price is coiling around a solid key level - 2304.0 Bias - Bullish  Goal - 2338.4 My Stop Loss - 2279.4  #GOLD 💹Time Frame : 12H (signal) —— Get Exclusive VIP Signals 💗 With Entry, Stop, Target 💗 Join Via My VIP Bot -  💙 Contact - AnabelContact;2338.4
GBPAUD My Opinion! SELL! 👩‍💻My dear friends, Please, find my technical outlook for GBPAUD below: The price is coiling around a solid key level - 1.9323 Bias - Bearish Goal - 1.9277  #GBPAUD 💹Time Frame : 1H (forecast) 🍀;1.9277
EURUSD On The Rise! BUY! 👩‍💻 My dear subscribers, This is my opinion on the EURUSD next move: The instrument tests an important psychological level 1.0728 Bias - Bullish Target - 1.0789  #EURUSD 💹Time Frame : 5H (forecast) 🍀;1.0789
EURAUD Expected Growth! BUY! 👩‍💻My dear friends, Please, find my technical outlook for EURAUD below: The instrument tests an important psychological level 1.6274 Bias - Bullish  Target - 1.6322 Recommended Stop Loss - 1.6240  #EURAUD 💹Time Frame : 8H (signal) 🍀;1.6322
AUDUSD Technical Analysis! BUY! 👩‍💻My dear followers, This is my opinion on the AUDUSD next move: The asset is approaching an important pivot point 0.6594 Bias - Bullish — Safe Stop Loss - 0.6571 Goal - 0.6626  #AUDUSD 💹Time Frame : 12H (signal) 🍀;0.6626
AUDCHF Massive Long! BUY! 👩‍💻My dear friends, AUDCHF looks like it will make a good move, and here are the details: The market is trading on 0.5922 pivot level. Bias - Bullish Goal - 0.5931  #AUDCHF 💹Time Frame : 1H (forecast) 🍀;0.5931
GBPJPY What Next? SELL! 👩‍💻My dear followers, I analysed this chart on GBPJPY and concluded the following: The market is trading on 200.54 pivot level. Bias - Bearish Target - 199.75  #GBPJPY 💹Time Frame : 5H (forecast) 🍀;199.75
USDJPY Sellers In Panic! BUY! 👩‍💻My dear subscribers, USDJPY looks like it will make a good move, and here are the details: The market is trading on 156.05 pivot level. Bias - Bullish — My Stop Loss - 155.69 Target - 156.61  #USDJPY 💹Time Frame : 8H (signal) 🍀;156.61
SILVER The Target Is UP! BUY! 👩‍💻My dear friends, My technical analysis for SILVER is below: The market is trading on 30.142 pivot level. Bias - Bullish — Target - 31.243 Recommended Stop Loss - 29.439  #SILVER 💹Time Frame : 12H (signal) —— 💟 Get More Signals 💟 With Higher Accuracy 💛 Join VIP Group Now 💛;31.243
EURUSD Trading Opportunity! SELL! 👩‍💻My dear subscribers, My technical analysis for EURUSD is below: The price is coiling around a solid key level - 1.0803 Bias - Bearish Goal - 1.0770  #EURUSD 💹Time Frame : 4H (forecast) 🍀;1.0770
NZDCHF A Fall Expected! SELL! 👩‍💻My dear friends, Please, find my technical outlook for NZDCHF below: The instrument tests an important psychological level 0.5534 Bias - Bearish Target - 0.5506  #NZDCHF 💹Time Frame : 5H (forecast) 🍀;0.5506
AUDJPY Technical Analysis! SELL! 👩‍💻My dear friends, Please, find my technical outlook for AUDJPY below: The price is coiling around a solid key level - 104.52 Bias - Bearish — Goal - 104.09 Safe Stop Loss - 104.85  #AUDJPY 💹Time Frame : 8H (signal) 🍀;104.09
EURAUD Will Explode! BUY! 👩‍💻My dear subscribers, This is my opinion on the EURAUD next move: The instrument tests an important psychological level 1.6243 Bias - Bullish  Target - 1.6298 My Stop Loss - 1.6210  #EURAUD 💹Time Frame : 12H (signal) 🍀;1.6298
GOLD Under Pressure! SELL! 👩‍💻My dear followers, This is my opinion on the GOLD next move: The asset is approaching an important pivot point 2329.3 Bias - Bearish Goal - 2316.8  #GOLD 💹Time Frame : 1H (forecast) 🍀;2316.8
USDCHF Set To Grow! BUY! 👩‍💻My dear subscribers, USDCHF looks like it will make a good move, and here are the details: The market is trading on 0.8931 pivot level. Bias - Bullish Target - 0.8958  #USDCHF 💹Time Frame : 4H (forecast) 🍀;0.8958
GBPUSD My Opinion! BUY! 👩‍💻My dear friends, GBPUSD looks like it will make a good move, and here are the details: The market is trading on 1.2712 pivot level. Bias - Bullish  Goal - 1.2761 Recommended Stop Loss - 1.2676  #GBPUSD 💹Time Frame : 8H (signal) 🍀;1.2761
USDCAD Massive Short! SELL! 👩‍💻My dear followers, I analysed this chart on USDCAD and concluded the following: The market is trading on 1.3755 pivot level. Bias - Bearish  Target - 1.3706 Safe Stop Loss - 1.3787  #USDCAD 💹Time Frame : 12H (signal) —— Join My Premium Channel NOW 💜 🐈 My VIP Bot -  😇 Contact - AnabelContact;1.3706
EURUSD Trading Opportunity! BUY! 👩‍💻My dear friends, Please, find my technical outlook for EURUSD below: The price is coiling around a solid key level - 1.0702 Bias - Bullish Goal - 1.0773  #EURUSD 💹Time Frame : 6H (forecast) 🍀;1.0773
NZDCHF On The Rise! BUY! 👩‍💻My dear friends, Please, find my technical outlook for NZDCHF below: The instrument tests an important psychological level 0.5459 Bias - Bullish — Target - 0.5514 Recommended Stop Loss - 0.5427  #NZDCHF 💹Time Frame : 12H (signal) 🍀;0.5514
GOLD The Target Is DOWN! SELL! 👩‍💻My dear subscribers, This is my opinion on the GOLD next move: The instrument tests an important psychological level 2332.6 Bias - Bearish Target - 2320.4  #GOLD 💹Time Frame : 1H (forecast) 🍀;2320.4
QQQ Will Collapse! SELL! 👩‍💻My dear friends, QQQ looks like it will make a good move, and here are the details: The market is trading on 479.18 pivot level. Bias - Bearish Goal - 463.82  #QQQ 💹Time Frame : 5H (forecast) 🍀;463.82
SPY Set To Fall! SELL! 👩‍💻My dear followers, This is my opinion on the SPY next move: The asset is approaching an important pivot point 542.74 Bias - Bearish —— Safe Stop Loss - 549.46 Goal - 530.66  #SPY 💹Time Frame : 8H (signal) 🍀;530.66
AUDNZD My Opinion! SELL! 👩‍💻My dear followers, I analysed this chart on AUDNZD and concluded the following: The market is trading on 1.0783 pivot level. Bias - Bearish Target - 1.0776  #AUDNZD 💹Time Frame : 1H (forecast) 🍀;1.0776
CADJPY What Next SELL! 👩‍💻My dear subscribers, My technical analysis for CADJPY is below: The price is coiling around a solid key level - 114.80 Bias - Bearish Goal - 114.37  #CADJPY 💹Time Frame : 5H (forecast) 🍀;114.37
AUDUSD Technical Analysis! BUY! 👩‍💻My dear friends, My technical analysis for AUDUSD is below: The market is trading on 0.6592 pivot level. Bias - Bullish  Target - 0.6624 Recommended Stop Loss - 0.6573  #AUDUSD 💹Time Frame : 8H (signal) 🍀;0.6624
EURUSD Massive Long! BUY! 👩‍💻My dear friends, Please, find my technical outlook for EURUSD below: The price is coiling around a solid key level - 1.0715 Bias - Bullish — Goal - 1.0774 Safe Stop Loss - 1.0678  #EURUSD 💹Time Frame : 12H (signal) 🍀;1.0774
GOLD Sellers In Panic! BUY 👩‍💻My dear friends, Please, find my technical outlook for GOLD below: The instrument tests an important psychological level 2311.4 Bias - Bullish Target - 2319.5  #GOLD 💹Time Frame : 1H (forecast) 🍀;2319.5
GBPNZD Trading Opportunity! SELL! 👩‍💻My dear followers, This is my opinion on the GBPNZD next move: The asset is approaching an important pivot point 2.0775 Bias - Bearish Goal - 2.0715  #GBPNZD 💹Time Frame : 5H (forecast) 🍀;2.0715
NZDUSD The Target Is UP! BUY! 👩‍💻My dear subscribers, This is my opinion on the NZDUSD next move: The instrument tests an important psychological level 0.6106 Bias - Bullish — Target - 0.6137 My Stop Loss - 0.6087  #NZDUSD 💹Time Frame : 8H (signal) 🍀;0.6137
GBPUSD Will Explode! BUY! 👩‍💻My dear friends, GBPUSD looks like it will make a good move, and here are the details: The market is trading on 1.2685 pivot level. Bias - Bullish  Goal - 1.2763 Recommended Stop Loss - 1.2637  #NZDUSD 💹Time Frame : 12H (signal) —— Get Exclusive Intraday VIP Signals 💜 Join Via My VIP Bot -  💙;1.2763
EURUSD A Fall Expected! SELL! 👩‍💻My dear subscribers, EURUSD looks like it will make a good move, and here are the details: The market is trading on 1.0744 pivot level. Bias - Bearish Target - 1.0714  #EURUSD 💹Time Frame : 1H (forecast) 🍀;1.0714
USDCAD Set To Grow! BUY! 👩‍💻My dear friends, My technical analysis for USDCAD is below: The market is trading on 1.3709 pivot level. Bias - Bullish Target - 1.3738  #USDCAD 💹Time Frame : 5H (forecast) 🍀;1.3738
EURJPY Technical Analysis! SELL! 👩‍💻My dear followers, I analysed this chart on EURJPY and concluded the following: The market is trading on 169.60 pivot level. Bias - Bearish — Target - 169.04 Safe Stop Loss - 169.91  #EURJPY 💹Time Frame : 8H (signal) 🍀;169.04
AUDUSD Under Pressure! SELL! 👩‍💻My dear subscribers, My technical analysis for AUDUSD is below: The price is coiling around a solid key level - 0.6671 Bias - Bearish  Goal - 0.6639 My Stop Loss - 0.6693  #AUDUSD 💹Time Frame : 12H (signal) 🍀;0.6639
GBPNZD My Opinion! BUY! 👩‍💻My dear friends, Please, find my technical outlook for GBPNZD below: The price is coiling around a solid key level - 2.0693 Bias - Bullish Goal - 2.0726  #GBPNZD 💹Time Frame : 1H (forecast) 🍀;2.0726
GBPJPY Massive Short! SELL! 👩‍💻My dear subscribers, This is my opinion on the GBPJPY next move: The instrument tests an important psychological level 201.26 Bias - Bearish Target - 200.41  #GBPJPY 💹Time Frame : 5H (forecast) 🍀;200.41
GBPAUD What Next? BUY! 👩‍💻My dear friends, Please, find my technical outlook for GBPAUD below: The instrument tests an important psychological level 1.9018 Bias - Bullish — Target - 1.9110 Recommended Stop Loss - 1.8959  #GBPAUD 💹Time Frame : 8H (signal) 🍀;1.9110
GOLD Buyers In Panic! SELL! 👩‍💻My dear followers, This is my opinion on the GOLD next move: The asset is approaching an important pivot point 2362.2 Bias - Bearish — Safe Stop Loss - 2382.0 Goal - 2329.2  #GOLD 💹Time Frame : 12H (signal) 🍀;2329.2
EURNZD Trading Opportunity! BUY! 👩‍💻My dear friends, EURNZD looks like it will make a good move, and here are the details: The market is trading on 1.7429 pivot level. Bias - Bullish Goal - 1.7466  #EURNZD 💹Time Frame : 1H (forecast) 🍀;1.7466
USDCHF The Target Is DOWN! SELL! 👩‍💻My dear followers, I analysed this chart on USDCHF and concluded the following: The market is trading on 0.8927 pivot level. Bias - Bearish Target - 0.8883  #EURNZD 💹Time Frame : 1H (forecast) 🍀;0.8883
EURUSD On The Rise!  BUY! 👩‍💻My dear subscribers, EURUSD looks like it will make a good move, and here are the details: The market is trading on 1.0692 pivot level. Bias - Bullish — My Stop Loss - 1.0659 Target - 1.0742  #EURUSD 💹Time Frame : 8H (signal) 🍀;1.0742
AUDNZD Will Collapse! SELL! 👩‍💻My dear friends, My technical analysis for AUDNZD is below: The market is trading on 1.0868 pivot level. Bias - Bearish —— Target - 1.0798 Recommended Stop Loss - 1.0916  #AUDNZD 💹Time Frame : 12H (signal) 🍀;1.0798
SILVER Expected Growth! BUY! 👩‍💻My dear subscribers, My technical analysis for SILVER is below: The price is coiling around a solid key level - 29.549 Bias - Bullish Goal - 30.012  #SILVER 💹Time Frame : 1H (forecast) 🍀;30.012
SPY Set To Fall! SELL! 👩‍💻My dear friends, My technical analysis for SPY is below: The market is trading on 544.13 pivot level. Bias - Bearish — Target - 533.26 Recommended Stop Loss - 550.98  #SPY 💹Time Frame : 8H (signal) 🍀;533.26
EURUSD Sellers In Panic! BUY! 👩‍💻My dear followers, This is my opinion on the EURUSD next move: The asset is approaching an important pivot point 1.0691 Bias - Bullish Goal - 1.0715  #EURUSD 💹Time Frame : 3H (forecast) 🍀;1.0715
TESLA My Opinion! SELL! 👩‍💻My dear subscribers, TESLA looks like it will make a good move, and here are the details: The market is trading on 182.99 pivot level. Bias - Bearish Target - 178.20  #TESLA 💹Time Frame : 5H (forecast) 🍀;178.20
QQQ What Next? SELL! 👩‍💻My dear subscribers, This is my opinion on the QQQ next move: The instrument tests an important psychological level 480.05 Bias - Bearish — Target - 463.65 My Stop Loss - 489.72  #QQQ 💹Time Frame : 8H (signal) 🍀;463.65
SILVER The Target Is UP! BUY! 👩‍💻My dear friends, My technical analysis for SILVER is below: The market is trading on 29.624 pivot level. Bias - Bullish Target - 30.104  #SILVER 💹Time Frame : 2H (forecast) 🍀;30.104
NZDCHF A Fall Expected! SELL! 👩‍💻My dear friends, Please, find my technical outlook for NZDCHF below: The price is coiling around a solid key level - 0.5478 Bias - Bearish Goal - 0.5444  #NZDCHF 💹Time Frame : 5H (forecast) 🍀;0.5444
GBPCAD Will Explode! BUY! 👩‍💻My dear followers, I analysed this chart on GBPCAD and concluded the following: The market is trading on 1.7330 pivot level. Bias - Bullish  Target - 1.7400 Safe Stop Loss - 1.7296  #GBPCAD 💹Time Frame : 8H (signal) 🍀;1.7400
USDCAD Set To Grow! BUY! 👩‍💻My dear subscribers, My technical analysis for USDCAD is below: The price is coiling around a solid key level - 1.3662 Bias - Bullish  Goal - 1.3702 My Stop Loss - 1.3638  #USDCAD 💹Time Frame : 12H (signal) —— Get Exclusive VIP Signals 💗 With Entry, Stop, Target 💗 Join Via My VIP Bot -  💙 Contact - AnabelContact;1.3702
EURUSD My Opinion! BUY! 👩‍💻My dear subscribers, This is my opinion on the EURUSD next move: The instrument tests an important psychological level 1.0708 Bias - Bullish Target - 1.0727  #EURUSD 💹Time Frame : 1H (forecast) 🍀;1.0727
GBPCHF Technical Analysis! SELL! 👩‍💻My dear friends, GBPCHF looks like it will make a good move, and here are the details: The market is trading on 1.1338 pivot level. Bias - Bearish Goal - 1.1287  #GBPCHF 💹Time Frame : 5H (forecast) 🍀;1.1287
AUDCAD What Next? BUY! 👩‍💻My dear friends, Please, find my technical outlook for AUDCAD below: The instrument tests an important psychological level 0.9068 Bias - Bullish — Target - 0.9095 Recommended Stop Loss - 0.9051  #AUDCAD 💹Time Frame : 8H (signal) 🍀;0.9095
NZDCAD Trading Opportunity! BUY! 👩‍💻My dear followers, This is my opinion on the NZDCAD next move: The asset is approaching an important pivot point 0.8349 Bias - Bullish — Safe Stop Loss - 0.8309 Goal - 0.8408  #NZDCAD 💹Time Frame : 12H (signal) 🍀;0.8408
GOLD On The Rise! BUY! 👩‍💻My dear followers, I analysed this chart on GOLD and concluded the following: The market is trading on 2296.6 pivot level. Bias - Bullish Target - 2314.3  #GOLD 💹Time Frame : 2H (forecast) 🍀;2314.3
EURNZD Under Pressure! SELL! 👩‍💻My dear subscribers, My technical analysis for EURNZD is below: The price is coiling around a solid key level - 1.7552 Bias - Bearish Goal - 1.7503  #EURNZD 💹Time Frame : 5H (forecast) 🍀;1.7503
USDCHF Massive Short! SELL! 👩‍💻My dear subscribers, USDCHF looks like it will make a good move, and here are the details: The market is trading on 0.8969 pivot level. Bias - Bearish — My Stop Loss - 0.8998 Target - 0.8925  #USDCHF 💹Time Frame : 8H (signal) 🍀;0.8925
GBPUSD Expected Growth! BUY! 👩‍💻My dear friends, My technical analysis for GBPUSD is below: The market is trading on 1.2639 pivot level. Bias - Bullish — Target - 1.2691 Recommended Stop Loss - 1.2607  #GBPUSD 💹Time Frame : 12H (signal) 🍀;1.2691
EURUSD Buyers In Panic! SELL! 👩‍💻My dear friends, Please, find my technical outlook for EURUSD below: The instrument tests an important psychological level 1.0717 Bias - Bearish Target - 1.0700  #EURUSD 💹Time Frame : 1H (forecast) 🍀;1.0700
EURGBP The Target Is DOWN! SELL! 👩‍💻My dear followers, This is my opinion on the EURGBP next move: The asset is approaching an important pivot point 0.8465 Bias - Bearish Goal - 0.8451  #EURGBP 💹Time Frame : 5H (forecast) 🍀;0.8451
GBPCHF Will Collapse! SELL! 👩‍💻My dear friends, Please, find my technical outlook for GBPCHF below: The price is coiling around a solid key level - 1.1352 Bias - Bearish  Goal - 1.1294 Safe Stop Loss - 1.1387  #GBPCHF 💹Time Frame : 8H (signal) 🍀;1.1294
NZDUSD Technical Analysis! BUY! 👩‍💻My dear subscribers, This is my opinion on the NZDUSD next move: The instrument tests an important psychological level 0.6096 Bias - Bullish — Target - 0.6123 My Stop Loss - 0.6078  #NZDUSD 💹Time Frame : 12H (signal) 🍀;0.6123
AUDUSD Set To Fall! SELL! 👩‍💻My dear subscribers, AUDUSD looks like it will make a good move, and here are the details: The market is trading on 0.6657 pivot level. Bias - Bearish Target - 0.6643  #AUDUSD 💹Time Frame : 1H (forecast) 🍀;0.6643
GOLD My Opinion! SELL! 👩‍💻My dear friends, My technical analysis for GOLD is below: The market is trading on 2334.2 pivot level. Bias - Bearish Target - 2319.5  #GOLD 💹Time Frame : 5H (forecast) 🍀;2319.5
AUDCHF What Next? SELL! 👩‍💻My dear friends, AUDCHF looks like it will make a good move, and here are the details: The market is trading on 0.5993 pivot level. Bias - Bearish — Goal - 0.5952 Recommended Stop Loss - 0.6018  #AUDCHF 💹Time Frame : 8H (signal) 🍀;0.5952
GBPNZD Trading Opportunity! SELL! 👩‍💻My dear followers, I analysed this chart on GBPNZD and concluded the following: The market is trading on 2.0774 pivot level. Bias - Bearish  Target - 2.0726 Safe Stop Loss - 2.0808  #GBPNZD 💹Time Frame : 12H (signal) —— 💟 Get More Signals 💟 With Higher Accuracy 💛 Join VIP Group Now 💛;2.0726
EURUSD A Fall Expected! SELL! 👩‍💻My dear friends, Please, find my technical outlook for EURUSD below: The price is coiling around a solid key level - 1.0710 Bias - Bearish Goal - 1.0693  #EURUSD 💹Time Frame : 3H (forecast) 🍀;1.0693
GBPAUD Massive Long! BUY! 👩‍💻My dear subscribers, This is my opinion on the GBPAUD next move: The instrument tests an important psychological level 1.8949 Bias - Bullish Target - 1.9044  #GBPAUD 💹Time Frame : 5H (forecast) 🍀;1.9044
NZDCAD Sellers In Panic! BUY! 👩‍💻My dear subscribers, My technical analysis for NZDCAD is below: The price is coiling around a solid key level - 0.8327 Bias - Bullish — Goal - 0.8366 My Stop Loss - 0.8301  #NZDCAD 💹Time Frame : 8H (signal) 🍀;0.8366
SILVER Under Pressure! SELL! 👩‍💻My dear friends, SILVER looks like it will make a good move, and here are the details: The market is trading on 29.143 pivot level. Bias - Bearish Goal - 28.955  #SILVER 💹Time Frame : 2H (forecast) 🍀;28.955
TESLA Massive Short! SELL! 👩‍💻My dear followers, I analysed this chart on TESLA and concluded the following: The market is trading on 198.00 pivot level. Bias - Bearish Target - 188.96  #TESLA 💹Time Frame : 5H (forecast) 🍀;188.96
GBPCAD My Opinion! BUY! 👩‍💻My dear followers, This is my opinion on the GBPCAD next move: The asset is approaching an important pivot point 1.7288 Bias - Bullish —— Safe Stop Loss - 1.7240 Goal - 1.7359  #GBPCAD 💹Time Frame : 12H (signal) —— Join My Premium Channel NOW 💜 🐈 My VIP Bot -  😇 Contact - AnabelContact;1.7359
AUDCAD Buyers In Panic! SELL! 👩‍💻My dear subscribers, My technical analysis for AUDCAD is below: The price is coiling around a solid key level - 0.9134 Bias - Bearish Goal - 0.9124  #AUDCAD 💹Time Frame : 1H (forecast) 🍀;0.9124
NZDCHF The Target Is DOWN! SELL! 👩‍💻My dear friends, Please, find my technical outlook for NZDCHF below: The instrument tests an important psychological level 0.5485 Bias - Bearish Target - 0.5463  #NZDCHF 💹Time Frame : 5H (forecast) 🍀;0.5463
EURUSD Will Collapse! SELL! 👩‍💻My dear subscribers, EURUSD looks like it will make a good move, and here are the details: The market is trading on 1.0732 pivot level. Bias - Bearish — My Stop Loss - 1.0754 Target - 1.0700  #EURUSD 💹Time Frame : 7H (signal) 🍀;1.0700
GBPCHF Set To Fall! SELL! 👩‍💻My dear friends, My technical analysis for GBPCHF is below: The market is trading on 1.1429 pivot level. Bias - Bearish  Target - 1.1338 Recommended Stop Loss - 1.1490  #GBPCHF 💹Time Frame : 12H (signal) 🍀;1.1338
SILVER My Opinion! SELL! 👩‍💻 My dear followers, This is my opinion on the SILVER next move: The asset is approaching an important pivot point 29.409 Bias - Bearish Goal - 29.022  #SILVER 💹Time Frame : 4H (forecast)  🍀;29.022
USDCAD What Next? SELL! 👩‍💻My dear subscribers, USDCAD looks like it will make a good move, and here are the details: The market is trading on 1.3704 pivot level. Bias - Bearish Target - 1.3680  #USDCAD 💹Time Frame : 6H (forecast) 🍀;1.3680
AUDCHF Trading Opportunity! SELL! 👩‍💻My dear friends, Please, find my technical outlook for AUDCHF below: The price is coiling around a solid key level - 0.6018 Bias - Bearish — Goal - 0.5979 Safe Stop Loss - 0.6040  #AUDCHF 💹Time Frame : 8H (signal) 🍀;0.5979
NZDUSD Massive Long! BUY! 👩‍💻My dear subscribers, This is my opinion on the NZDUSD next move: The instrument tests an important psychological level 0.6071 Bias -Bullish — Target - 0.6109 My Stop Loss - 0.6047  #NZDUSD 💹Time Frame : 12H (signal) —— Join My Premium Channel NOW 💜 🐈 My VIP Bot -  😇 Contact - AnabelContact;0.6109
EURUSD A Fall Expected! SELL! 👩‍💻My dear friends, My technical analysis for EURUSD is below: The market is trading on 1.0785 pivot level. Bias - Bearish Target - 1.0762  #EURUSD 💹Time Frame : 1H (forecast) 🍀;1.0762
GBPAUD Technical Analysis! SELL! 👩‍💻My dear friends, Please, find my technical outlook for GBPAUD below: The price is coiling around a solid key level - 1.9027 Bias - Bearish Goal - 1.9002  #GBPAUD 💹Time Frame : 5H (forecast) 🍀;1.9002
AUDUSD Under Pressure! SELL! 👩‍💻My dear friends, AUDUSD looks like it will make a good move, and here are the details: The market is trading on 0.6722 pivot level. Bias - Bearish  Goal - 0.6685 Recommended Stop Loss - 0.6746  #AUDUSD 💹Time Frame : 8H (signal) 🍀;0.6685
GBPUSD Massive Short! SELL! 👩‍💻My dear followers, I analysed this chart on GBPUSD and concluded the following: The market is trading on 1.2768 pivot level. Bias - Bearish — Target - 1.2724 Safe Stop Loss - 1.2793  #GBPUSD 💹Time Frame : 12H (signal) 🍀;1.2724
GBPCAD What Next? BUY! 👩‍💻My dear subscribers, This is my opinion on the GBPCAD next move: The instrument tests an important psychological level 1.7363 Bias - Bullish Target - 1.7374  #GBPCAD 💹Time Frame : 1H (forecast) 🍀;1.7374
GOLD Buyers In Panic! SELL! 👩‍💻My dear followers, I analysed this chart on GOLD and concluded the following: The market is trading on 2361.5 pivot level. Bias - Bearish Target - 2339.9  #GOLD 💹Time Frame : 5H (forecast) 🍀;2339.9
EURAUD Trading Opportunity! BUY! 👩‍💻My dear subscribers, My technical analysis for EURAUD is below: The price is coiling around a solid key level - 1.6068 Bias - Bullish — Goal - 1.6152 My Stop Loss - 1.6014  #EURAUD 💹Time Frame : 8H (signal) 🍀;1.6152
USDCAD On The Rise! BUY! 👩‍💻My dear friends, Please, find my technical outlook for USDCAD below: The instrument tests an important psychological level 1.3618 Bias - Bullish — Target - 1.3657 Recommended Stop Loss - 1.3596  #USDCAD 💹Time Frame : 12H (signal) 🍀;1.3657
AUDJPY Expected Growth! BUY! 👩‍💻My dear subscribers, My technical analysis for AUDJPY is below: The price is coiling around a solid key level - 108.32 Bias - Bullish Goal - 108.41  #AUDJPY 💹Time Frame : 1H (forecast) 🍀;108.41
USDCHF Technical Analysis! BUY! 👩‍💻My dear friends, USDCHF looks like it will make a good move, and here are the details: The market is trading on 0.8988 pivot level. Bias - Bullish Goal - 0.9014  #USDCHF 💹Time Frame : 5H (forecast) 🍀;0.9014
NZDUSD The Target Is DOWN! SELL! 👩‍💻My dear followers, This is my opinion on the NZDUSD next move: The asset is approaching an important pivot point 0.6121 Bias - Bearish — Safe Stop Loss - 0.6140 Goal - 0.6093  #NZDUSD 💹Time Frame : 8H (signal) 🍀;0.6093
EURUSD Will Collapse! SELL! 👩‍💻My dear subscribers, EURUSD looks like it will make a good move, and here are the details: The market is trading on 1.0822 pivot level. Bias - Bearish — My Stop Loss - 1.0854 Target - 1.0768  #EURUSD 💹Time Frame : 12H (signal) 🍀;1.0768
CHFJPY Set To Fall! SELL! 👩‍💻My dear followers, This is my opinion on the CHFJPY next move: The asset is approaching an important pivot point 179.39 Bias - Bearish Goal - 178.94  #CHFJPY 💹Time Frame : 5H (forecast) 🍀;178.94
EURGBP The Target Is UP! BUY! 👩‍💻My dear friends, My technical analysis for EURGBP is below: The market is trading on 0.8459 pivot level. Bias - Bullish  Target - 0.8476 Recommended Stop Loss - 0.8448  #EURGBP 💹Time Frame : 8H (signal) 🍀;0.8476
SILVER My Opinion! SELL! 👩‍💻My dear friends, Please, find my technical outlook for SILVER below: The price is coiling around a solid key level - 31.223 Bias - Bearish  Goal - 30.522 Safe Stop Loss - 31.696  #SILVER 💹Time Frame : 12H (signal) —— Get Exclusive Intraday VIP Signals 💜 Join Via My VIP Bot -  💙;30.522
SPY What Next? SELL! 👩‍💻My dear friends, My technical analysis for SPY is below: The market is trading on 554.68 pivot level. Bias - Bearish Target - 546.76  #SPY 💹Time Frame : 5H (forecast) 🍀;546.76
USDCHF Set To Grow! BUY! 👩‍💻My dear subscribers, This is my opinion on the USDCHF next move: The instrument tests an important psychological level 0.8952 Bias - Bullish  Target - 0.8998 My Stop Loss - 0.8923  #USDCHF 💹Time Frame : 8H (signal) 🍀;0.8998
#EURUSD Trading Opportunity! SELL! 👩‍💻My dear friends, EURUSD looks like it will make a good move, and here are the details: The market is trading on 1.0839 pivot level. Bias - Bearish — Goal - 1.0788 Recommended Stop Loss - 1.0877  #EURUSD 💹Time Frame : 12H (signal) 🍀;1.0788
EURGBP My Opinion! BUY! 👩‍💻My dear friends, Please, find my technical outlook for EURGBP below: The price is coiling around a solid key level - 0.8440 Bias - Bullish Goal - 0.8451  #EURGBP 💹Time Frame : 1H (forecast) 🍀;0.8451
EURCAD A Fall Expected! SELL! 👩‍💻My dear subscribers, This is my opinion on the EURCAD next move: The instrument tests an important psychological level 1.4776 Bias - Bearish Target - 1.4729  #EURCAD 💹Time Frame : 5H (forecast)  🍀;1.4729
GOLD Technical Analysis! SELL! 👩‍💻My dear followers, I analysed this chart on GOLD and concluded the following: The market is trading on 2374.5 pivot level. Bias - Bearish — Target - 2348.8 Safe Stop Loss - 2389.8  #GOLD 💹Time Frame : 8H (signal) 🍀;2348.8
GBPCAD Under Pressure! SELL! 👩‍💻My dear subscribers, My technical analysis for GBPCAD is below: The price is coiling around a solid key level - 1.7486 Bias - Bearish  Goal - 1.7406 My Stop Loss - 1.7536  #GBPCAD 💹Time Frame : 12H (signal) —— Get Exclusive VIP Signals 💗 With Entry, Stop, Target 💗 Join Via My VIP Bot -  💙 Contact - AnabelContact;1.7406
GBPJPY Massive Short! SELL! 👩‍💻My dear friends, GBPJPY looks like it will make a good move, and here are the details: The market is trading on 206.37 pivot level. Bias - Bearish Goal - 206.07  #GBPJPY 💹Time Frame : 1H (forecast)  🍀;206.07
CHFJPY Buyers In Panic! SELL! 👩‍💻My dear followers, I analysed this chart on CHFJPY and concluded the following: The market is trading on 179.60 pivot level. Bias - Bearish Target - 179.11  #CHFJPY 💹Time Frame : 5H (forecast)  🍀;179.11
AUDCAD The Target Is DOWN! SELL! 👩‍💻My dear friends, Please, find my technical outlook for AUDCAD below: The instrument tests an important psychological level 0.9181 Bias - Bearish  Target - 0.9147 Recommended Stop Loss - 0.9204  #AUDCAD 💹Time Frame : 8H (signal) 🍀;0.9147
EURUSD Will Collapse! SELL! 👩‍💻My dear followers, This is my opinion on the EURUSD next move: The asset is approaching an important pivot point 1.0806 Bias - Bearish — Safe Stop Loss - 1.0836 Goal - 1.0759  #EURUSD 💹Time Frame : 12H (signal) 🍀;1.0759
GOLD Set To Fall! SELL! 👩‍💻My dear subscribers, My technical analysis for GOLD is below: The price is coiling around a solid key level - 2380.0 Bias - Bearish Goal - 2370.4  #GOLD 💹Time Frame : 1H (forecast)  🍀;2370.4
NZDJPY What Next? BUY! 👩‍💻My dear friends, Please, find my technical outlook for NZDJPY below: The instrument tests an important psychological level 98.272 Bias - Bullish Target - 98.598  #NZDJPY 💹Time Frame : 5H (forecast)  🍀;98.598
EURNZD My Opinion! SELL! 👩‍💻My dear friends, Please, find my technical outlook for EURNZD below: The price is coiling around a solid key level - 1.7780 Bias - Bearish — Goal - 1.7684 Safe Stop Loss - 1.7838  #EURNZD 💹Time Frame : 8H (signal) 🍀;1.7684
NZDUSD Expected Growth! BUY! 👩‍💻My dear subscribers, This is my opinion on the NZDUSD next move: The instrument tests an important psychological level 0.6087 Bias - Bullish  Target - 0.6116 My Stop Loss - 0.6069  #NZDUSD 💹Time Frame : 12H (signal) —— 💟 Get More Signals 💟 With Higher Accuracy 💛 Join VIP Group Now 💛;0.6116
EURCAD Technical Analysis! SELL! 👩‍💻My dear followers, This is my opinion on the EURCAD next move: The asset is approaching an important pivot point 1.4821 Bias - Bearish Goal - 1.4783  #EURCAD 💹Time Frame : 3H (forecast)  🍀;1.4783
GBPAUD Under Pressure! SELL! 👩‍💻My dear subscribers, GBPAUD looks like it will make a good move, and here are the details: The market is trading on 1.9038 pivot level. Bias - Bearish Target - 1.9001  #GBPAUD 💹Time Frame : 5H (forecast)  🍀;1.9001
USDCAD Trading Opportunity! BUY! 👩‍💻My dear friends, USDCAD looks like it will make a good move, and here are the details: The market is trading on 1.3598 pivot level. Bias - Bullish — Goal - 1.3642 Recommended Stop Loss - 1.3572  #USDCAD 💹Time Frame : 8H (signal) 🍀;1.3642
EURUSD Massive Short! SELL! 👩‍💻My dear followers, I analysed this chart on EURUSD and concluded the following: The market is trading on 1.0887 pivot level. Bias - Bearish — Target - 1.0827 Safe Stop Loss - 1.0925  #EURUSD 💹Time Frame : 12H (signal) 🍀;1.0827
EURCHF Buyers In Panic! SELL! 👩‍💻My dear friends, My technical analysis for EURCHF is below: The market is trading on 0.9754 pivot level. Bias - Bearish Target - 0.9740  #EURCHF 💹Time Frame : 1H (forecast)  🍀;0.9740
USDJPY On The Rise! BUY! 👩‍💻My dear friends, Please, find my technical outlook for USDJPY below: The price is coiling around a solid key level - 158.97 Bias - Bullish Goal - 160.06  #USDJPY 💹Time Frame : 6H (forecast)  🍀;160.06
CHFJPY Technical Analysis! BUY! 👩‍💻My dear friends, Please, find my technical outlook for CHFJPY below: The price is coiling around a solid key level - 177.58 Bias - Bullish  Goal - 178.35 Safe Stop Loss - 177.07  #CHFJPY 💹Time Frame : 8H (signal) 🍀;178.35
GOLD The Target Is DOWN! SELL! 👩‍💻My dear subscribers, This is my opinion on the GOLD next move: The instrument tests an important psychological level 2401.8 Bias - Bearish  Target - 2367.2 My Stop Loss - 2425.4  #GOLD 💹Time Frame : 12H (signal) —— Join My Premium Channel NOW 💜 🐈 My VIP Bot -  😇 Contact - AnabelContact;2367.2
SPY Will Collapse! SELL! 👩‍💻My dear friends, SPY looks like it will make a good move, and here are the details: The market is trading on 559.90 pivot level. Bias - Bearish Goal - 550.43  #SPY 💹Time Frame : 5H (forecast)  🍀;550.43
USDCHF Sellers In Panic! BUY! 👩‍💻My dear friends, USDCHF looks like it will make a good move, and here are the details: The market is trading on 0.8943 pivot level. Bias - Bullish  Goal - 0.8985 Recommended Stop Loss - 0.8918  #USDCHF 💹Time Frame : 8H (signal) 🍀;0.8985
EURUSD Set To Fall! SELL! 👩‍💻My dear followers, I analysed this chart on EURUSD and concluded the following: The market is trading on 1.0906 pivot level. Bias - Bearish — Target - 0.0851 Safe Stop Loss - 1.0940  #EURUSD 💹Time Frame : 12H (signal) 🍀;0.0851
APPLE What Next? SELL! 👩‍💻My dear subscribers, My technical analysis for APPLE is below: The price is coiling around a solid key level - 230.56 Bias - Bearish Goal - 220.14  #APPLE 💹Time Frame : 5H (forecast)  🍀;220.14
GOLD A Fall Expected! SELL! 👩‍💻My dear friends, My technical analysis for GOLD is below: The market is trading on 2410.9 pivot level. Bias - Bearish  Target - 2377.8 Recommended Stop Loss -2433.7  #GOLD 💹Time Frame : 12H (signal) —— Get Exclusive Intraday VIP Signals 💜 Join Via My VIP Bot -  💙;2377.8
AUDUSD Technical Analysis! SELL! 👩‍💻My dear friends, Please, find my technical outlook for AUDUSD below: The instrument tests an important psychological level 0.6782 Bias - Bearish Target - 0.6772  #AUDUSD 💹Time Frame : 1H (forecast)  🍀;0.6772
CADCHF The Target Is UP! BUY! 👩‍💻My dear followers, This is my opinion on the CADCHF next move: The asset is approaching an important pivot point 0.6552 Bias - Bullish Goal - 0.6579  #CADCHF 💹Time Frame : 5H (forecast)  🍀;0.6579
NZDCHF Will Explode! BUY! 👩‍💻My dear friends, Please, find my technical outlook for NZDCHF below: The price is coiling around a solid key level - 0.5447 Bias - Bullish  Goal - 0.5476 Safe Stop Loss - 0.5428  #NZDCHF 💹Time Frame : 8H (signal) 🍀;0.5476
EURUSD Under Pressure! SELL! 👩‍💻My dear subscribers, This is my opinion on the EURUSD next move: The instrument tests an important psychological level 1.0917 Bias - Bearish — Target - 1.0848 My Stop Loss - 1.0954  #EURUSD 💹Time Frame : 12H (signal) 🍀;1.0848
NZDCAD Set To Grow! BUY! 👩‍💻My dear subscribers, NZDCAD looks like it will make a good move, and here are the details: The market is trading on 0.8290 pivot level. Bias - Bullish Target - 0.8304  #NZDCAD 💹Time Frame : 1H (forecast)  🍀;0.8304
EURAUD Massive Short! SELL! 👩‍💻My dear friends, My technical analysis for EURAUD is below: The market is trading on 1.6161 pivot level. Bias - Bearish Target - 1.6116  #EURAUD 💹Time Frame : 5H (forecast)  🍀;1.6116
GOLD Buyers In Panic! SELL! 👩‍💻My dear friends, GOLD looks like it will make a good move, and here are the details: The market is trading on 2440.3 pivot level. Bias - Bearish  Goal - 2402.4 Recommended Stop Loss - 2460.0  #GOLD 💹Time Frame : 8H (signal) 🍀;2402.4
USDJPY My Opinion! BUY! 👩‍💻My dear followers, I analysed this chart on USDJPY and concluded the following: The market is trading on 158.41 pivot level. Bias - Bullish  Target - 160.07 Safe Stop Loss - 157.42  #USDJPY 💹Time Frame : 12H (signal) 🍀 💹Time Frame : 8H (signal) 🍀;160.07
AUDUSD Will Collapse! SELL! 👩‍💻My dear subscribers, This is my opinion on the AUDUSD next move: The instrument tests an important psychological level 0.6740 Bias - Bearish Target - 0.6730  #AUDUSD 💹Time Frame : 1H (forecast)  🍀;0.6730
AUDCHF The Target Is DOWN! SELL! 👩‍💻My dear friends, Please, find my technical outlook for AUDCHF below: The price is coiling around a solid key level - 0.5989 Bias - Bearish Goal - 0.6013  #AUDCHF 💹Time Frame : 5H (forecast)  🍀;0.6013
NZDCHF What Next? BUY! 👩‍💻My dear subscribers, My technical analysis for NZDCHF is below: The price is coiling around a solid key level - 0.5400 Bias - Bullish  Goal - 0.5426 My Stop Loss - 0.5385  #NZDCHF 💹Time Frame : 8H (signal) 🍀;0.5426
EURGBP Trading Opportunity! BUY! 👩‍💻My dear friends, Please, find my technical outlook for EURGBP below: The instrument tests an important psychological level 0.8393 Bias - Bullish  Target - 0.8420 Recommended Stop Loss - 0.8373  #EURGBP 💹Time Frame : 12H (signal) 🍀;0.8420
CHFJPY Set To Fall! SELL! 👩‍💻My dear friends, CHFJPY looks like it will make a good move, and here are the details: The market is trading on 176.97 pivot level. Bias - Bearish Goal - 176.67  #CHFJPY 💹Time Frame : 1H (forecast) 🍀;176.67
GBPJPY On The Rise! BUY! 👩‍💻My dear followers, I analysed this chart on GBPJPY and concluded the following: The market is trading on 203.13 pivot level. Bias - Bullish Target - 204.54  #GBPJPY 💹Time Frame : 5H (forecast) 🍀;204.54
SILVER Expected Growth! BUY! 👩‍💻My dear followers, This is my opinion on the SILVER next move: The asset is approaching an important pivot point 30.422 Bias - Bullish — Safe Stop Loss - 30.079 Goal - 30.9039  #SILVER 💹Time Frame : 8H (signal) 🍀;30.9039
USDCAD My Opinion! SELL! 👩‍💻My dear subscribers, USDCAD looks like it will make a good move, and here are the details: The market is trading on 1.3677 pivot level. Bias - Bearish — My Stop Loss - 1.3702 Target - 1.3642  #USDCAD 💹Time Frame : 12H (signal) 🍀;1.3642
EURUSD Technical Analysis! BUY! 👩‍💻My dear subscribers, My technical analysis for EURUSD is below: The price is coiling around a solid key level - 1.0890 Bias - Bullish Goal - 1.0907  #EURUSD 💹Time Frame : 1H (forecast)  🍀;1.0907
NZDCAD Massive Long! BUY! 👩‍💻My dear friends, Please, find my technical outlook for NZDCAD below: The instrument tests an important psychological level 0.8260 Bias - Bullish Target - 0.8294  #NZDCAD 💹Time Frame : 5H (forecast)  🍀;0.8294
AUDCAD Sellers In Panic! BUY! 👩‍💻My dear friends, My technical analysis for AUDCAD is below: The market is trading on 0.9181 pivot level. Bias - Bullish — Target - 0.9215 Recommended Stop Loss - 0.9161  #AUDCAD 💹Time Frame : 8H (signal) 🍀;0.9215
USDCHF The Target Is UP! BUY! 👩‍💻My dear friends, Please, find my technical outlook for USDCHF below: The price is coiling around a solid key level - 0.8897 Bias - Bullish  Goal -0.8946 Safe Stop Loss - 0.8865  #USDCHF 💹Time Frame : 12H (signal) 🍀;0.8946
GOLD Will Explode! BUY! 👩‍💻My dear subscribers, GOLD looks like it will make a good move, and here are the details: The market is trading on 2400.8 pivot level. Bias - Bullish Target - 2439.1  #GOLD 💹Time Frame : 5H (forecast)  🍀;2439.1
EURAUD Trading Opportunity! SELL! 👩‍💻My dear subscribers, This is my opinion on the EURAUD next move: The instrument tests an important psychological level 1.6268 Bias - Bearish  Target - 1.6194 My Stop Loss - 1.6317  #EURAUD 💹Time Frame : 8H (signal) 🍀;1.6194
EURUSD Set To Grow! BUY! 👩‍💻My dear subscribers, EURUSD looks like it will make a good move, and here are the details: The market is trading on 1.0881 pivot level. Bias - Bullish Target - 1.0905  #EURUSD 💹Time Frame : 1H (forecast)  🍀;1.0905
QQQ My Opinion! BUY! 👩‍💻My dear friends, My technical analysis for QQQ is below: The market is trading on 475.22 pivot level. Bias - Bullish Target - 487.32  #QQQ 💹Time Frame : 5H (forecast)  🍀;487.32
GBPCAD Technical Analysis! SELL! 👩‍💻My dear subscribers, My technical analysis for GBPCAD is below: The price is coiling around a solid key level - 1.7720 Bias - Bearish —— Goal - 1.7613 My Stop Loss - 1.7797  #GBPCAD 💹Time Frame : 12H (signal) 🍀;1.7613
GBPCHF Under Pressure! SELL! 👩‍💻My dear friends, Please, find my technical outlook for GBPCHF below: The price is coiling around a solid key level - 1.1483 Bias - Bearish Goal - 1.1478  #GBPCHF 💹Time Frame : 1H (forecast)  🍀;1.1478
GOLD Trading Opportunity! BUY! 👩‍💻My dear subscribers, This is my opinion on the GOLD next move: The instrument tests an important psychological level 2392.3 Bias - Bullish Target - 2427.2  #GOLD 💹Time Frame : 5H (forecast)  🍀;2427.2
USDCAD Massive Short! SELL! 👩‍💻My dear subscribers, My technical analysis for USDCAD is below: The price is coiling around a solid key level - 1.3765 Bias - Bearish  Goal - 1.3723 My Stop Loss - 1.3791  #USDCAD 💹Time Frame : 8H (signal) 🍀;1.3723
AUDUSD On The Rise! BUY! 👩‍💻My dear friends, Please, find my technical outlook for AUDUSD below: The instrument tests an important psychological level 0.6639 Bias - Bullish —— Target - 0.6691 Recommended Stop Loss - 0.6610  #AUDUSD 💹Time Frame : 12H (signal) 🍀;0.6691
EURUSD Expected Growth! BUY! 👩‍💻My dear friends, EURUSD looks like it will make a good move, and here are the details: The market is trading on 1.0868 pivot level. Bias -Bullish Goal - 1.0876  #EURUSD 💹Time Frame : 1H (forecast)  🍀;1.0876
NZDUSD Technical Analysis! BUY! 👩‍💻My dear followers, I analysed this chart on NZDUSD and concluded the following: The market is trading on 0.5963 pivot level. Bias - Bullish Target - 0.6026  #NZDUSD 💹Time Frame : 5H (forecast)  🍀;0.6026
AUDCAD Massive Long! BUY! 👩‍💻My dear followers, This is my opinion on the AUDCAD next move: The asset is approaching an important pivot point 0.9115 Bias - Bullish  Safe Stop Loss - 0.9087 Goal - 0.9159  #AUDCAD 💹Time Frame : 8H (signal) 🍀;0.9159
EURCAD Buyers In Panic! SELL! 👩‍💻My dear subscribers, EURCAD looks like it will make a good move, and here are the details: The market is trading on 1.4943 pivot level. Bias - Bearish —— My Stop Loss - 1.5018 Target - 1.4844  #EURCAD 💹Time Frame : 12H (signal) 🍀;1.4844
USDCHF Sellers In Panic! BUY! 👩‍💻My dear subscribers, My technical analysis for USDCHF is below: The price is coiling around a solid key level - 0.8874 Bias - Bullish Goal - 0.8891  #USDCHF 💹Time Frame : 1H (forecast)  🍀;0.8891
GBPUSD The Target Is UP! BUY! 👩‍💻My dear friends, Please, find my technical outlook for GBPUSD below: The instrument tests an important psychological level 1.2905 Bias - Bullish Target - 1.2956  #GBPUSD 💹Time Frame : 5H (forecast)  🍀;1.2956
GBPCHF Will Explode! BUY! 👩‍💻My dear friends, My technical analysis for GBPCHF is below: The market is trading on 1.1446 pivot level. Bias - Bullish — Target - 1.1530 Recommended Stop Loss - 1.1401  #GBPCHF 💹Time Frame : 8H (signal) 🍀;1.1530
EURGBP The Target Is DOWN! SELL! 👩‍💻My dear followers, This is my opinion on the EURGBP next move: The asset is approaching an important pivot point 0.8428 Bias - Bearish Goal - 0.8418  #EURGBP 💹Time Frame : 1H (forecast)  🍀;0.8418
EURCHF My Opinion! BUY! 👩‍💻My dear subscribers, EURCHF looks like it will make a good move, and here are the details: The market is trading on 0.9534 pivot level. Bias - Bullish Target - 0.9607  #EURCHF 💹Time Frame : 6H (forecast)  🍀;0.9607
EURUSD What Next? BUY! 👩‍💻My dear subscribers, This is my opinion on the EURUSD next move: The instrument tests an important psychological level 1.0849 Bias - Bullish  Target - 1.0897 My Stop Loss - 1.0818  #EURUSD 💹Time Frame : 8H (signal) 🍀;1.0897
AUDNZD Trading Opportunity! BUY! 👩‍💻My dear friends, AUDNZD looks like it will make a good move, and here are the details: The market is trading on 1.1054 pivot level. Bias -Bullish — Goal - 1.1102 Recommended Stop Loss - 1.1023  #AUDNZD 💹Time Frame : 12H (signal) —— Get Exclusive VIP Signals 💗 With Entry, Stop, Target 💗 Join Via My VIP Bot -  💙 Contact - AnabelContact;1.1102
GOLD Will Collapse! SELL! 👩‍💻My dear friends, My technical analysis for GOLD is below: The market is trading on 2385.3 pivot level. Bias - Bearish Target - 2368.6  #GOLD 💹Time Frame : 1H (forecast)  🍀;2368.6
GBPUSD On The Rise! BUY! 👩‍💻My dear friends, Please, find my technical outlook for GBPUSD below: The price is coiling around a solid key level - 1.2852 Bias - Bullish Goal - 1.2918  #GBPUSD 💹Time Frame : 5H (forecast)  🍀;1.2918
AUDUSD Expected Growth! BUY! 👩‍💻My dear followers, I analysed this chart on AUDUSD and concluded the following: The market is trading on 0.6558 pivot level. Bias - Bullish  Target - 0.6615 Safe Stop Loss - 0.6523  #AUDUSD 💹Time Frame : 8H (signal) 🍀;0.6615
EURGBP Set To Fall! SELL! 👩‍💻My dear subscribers, My technical analysis for EURGBP is below: The price is coiling around a solid key level - 0.8444 Bias - Bearish — Goal - 0.8419 My Stop Loss - 0.8462  #EURGBP 💹Time Frame : 12H (signal) 🍀;0.8419
EURUSD My Opinion! SELL! 👩‍💻My dear subscribers, This is my opinion on the EURUSD next move: The instrument tests an important psychological level 1.0854 Bias - Bearish Target - 1.0844  #EURUSD 💹Time Frame : 2H (forecast)  🍀;1.0844
QQQ Massive Long! BUY! 👩‍💻My dear followers, This is my opinion on the QQQ next move: The asset is approaching an important pivot point 463.00 Bias - Bullish — Safe Stop Loss - 454.70 Goal - 475.34  #QQQ 💹Time Frame : 12H (signal) 🍀;475.34
TESLA The Target Is UP! BUY! 👩‍💻My dear subscribers, My technical analysis for TESLA is below: The price is coiling around a solid key level - 219.92 Bias - Bullish Goal - 241.88  #TESLA 💹Time Frame : 5H (forecast)  🍀;241.88
SPY Will Explode! BUY! 👩‍💻My dear subscribers, SPY looks like it will make a good move, and here are the details: The market is trading on 544.40 pivot level. Bias - Bullish — My Stop Loss - 538.41 Target - 553.83  #SPY 💹Time Frame : 8H (signal)  🍀;553.83
GOLD Set To Grow! BUY! 👩‍💻My dear friends, My technical analysis for GOLD is below: The market is trading on 2387.0 pivot level. Bias - Bullish — Target - 2424.8 Recommended Stop Loss - 2364.3  #GOLD 💹Time Frame : 12H (signal) — Get Exclusive VIP Signals 💗 With Entry, Stop, Target 💗 Join Via My VIP Bot -  💙 Contact - AnabelContact;2424.8
USDJPY What Next? SELL! 👩‍💻My dear friends, Please, find my technical outlook for USDJPY below: The instrument tests an important psychological level 154.16 Bias - Bearish Target - 153.68  #USDJPY 💹Time Frame : 1H (forecast)  🍀;153.68
AUDNZD Trading Opportunity! SELL! 👩‍💻My dear followers, This is my opinion on the AUDNZD next move: The asset is approaching an important pivot point 1.1142 Bias - Bearish Goal - 1.1115  #AUDNZD 💹Time Frame : 5H (forecast)  🍀;1.1115
EURUSD Technical Analysis! BUY! 👩‍💻My dear friends, Please, find my technical outlook for EURUSD below: The price is coiling around a solid key level - 1.0817 Bias - Bullish — Goal - 1.0863 Safe Stop Loss - 1.0786  #EURUSD 💹Time Frame : 8H (signal) 🍀;1.0863
GBPCHF My Opinion! BUY! 👩‍💻My dear subscribers, This is my opinion on the GBPCHF next move: The instrument tests an important psychological level 1.1387 Bias - Bullish  Target - 1.1476 My Stop Loss - 1.1317  #GBPCHF 💹Time Frame : 12H (signal) 🍀;1.1476
USDJPY A Fall Expected! SELL! 👩‍💻My dear subscribers, USDJPY looks like it will make a good move, and here are the details: The market is trading on 154.41 pivot level. Bias - Bearish Target - 154.19  #USDJPY 💹Time Frame : 1H (forecast)  🍀;154.19
GBPUSD Massive Long! BUY! 👩‍💻My dear friends, My technical analysis for GBPUSD is below: The market is trading on 1.2827 pivot level. Bias - Bullish Target - 1.2881  #GBPUSD 💹Time Frame : 5H (forecast)  🍀;1.2881
EURCHF Sellers In Panic! BUY! 👩‍💻My dear friends, EURCHF looks like it will make a good move, and here are the details: The market is trading on 0.9568 pivot level. Bias - Bullish  Goal - 0.9618 Recommended Stop Loss - 0.9540  #EURCHF 💹Time Frame : 8H (signal) 🍀;0.9618
SILVER The Target Is UP! BUY! 👩‍💻My dear followers, I analysed this chart on SILVER and concluded the following: The market is trading on 27.917 pivot level. Bias - Bullish  Target - 28.864 Safe Stop Loss - 27.252  #SILVER 💹Time Frame : 12H (signal) —— 💟 Get More Signals 💟 With Higher Accuracy 💛 Join VIP Group Now 💛;28.864
EURUSD Technical Analysis! SELL! 👩‍💻My dear friends, Please, find my technical outlook for EURUSD below: The price is coiling around a solid key level - 1.0844 Bias - Bearish Goal - 1.0829  #EURUSD 💹Time Frame : 2H (forecast)  🍀;1.0829
USDCHF Will Explode! BUY! 👩‍💻My dear subscribers, This is my opinion on the EUR/USD next move: The instrument tests an important psychological level 0.8775 Bias - Bullish Target - 0.8827  #USDCHF 💹Time Frame : 5H (forecast)  🍀;0.8827
EURGBP Under Pressure! SELL! 👩‍💻My dear subscribers, My technical analysis for EURGBP is below: The price is coiling around a solid key level - 0.8443 Bias - Bearish  Goal - 0.8423 My Stop Loss - 0.8458  #EURGBP 💹Time Frame : 8H (signal) 🍀;0.8423
GBPUSD Will Explode! BUY! 👩‍💻My dear friends, Please, find my technical outlook for GBPUSD below: The instrument tests an important psychological level 1.2844 Bias - Bullish — Target - 1.2919 Recommended Stop Loss - 1.2792  #GBPUSD 💹Time Frame : 12H (signal) 🍀;1.2919
AUDUSD Massive Short! SELL! 👩‍💻My dear friends, AUDUSD looks like it will make a good move, and here are the details: The market is trading on 0.6549 pivot level. Bias - Bearish Goal - 0.6534  #AUDUSD 💹Time Frame : 1H (forecast)  🍀;0.6534
GOLD Buyers In Panic! SELL! 👩‍💻My dear followers, I analysed this chart on GOLD and concluded the following: The market is trading on 2453.5 pivot level. Bias - Bearish Target - 2421.1  #GOLD 💹Time Frame : 5H (forecast)  🍀;2421.1
GBPCAD Technical Analysis! BUY! 👩‍💻My dear followers, This is my opinion on the GBPCAD next move: The asset is approaching an important pivot point 1.7713 Bias - Bullish —— Safe Stop Loss - 1.7645 Goal - 1.7812  #GBPCAD 💹Time Frame : 9H (signal) 🍀;1.7812
AUDNZD Set To Grow! BUY! 👩‍💻My dear subscribers, AUDNZD looks like it will make a good move, and here are the details: The market is trading on 1.0960 pivot level. Bias - Bullish — My Stop Loss - 1.0905 Target - 1.1054  #AUDNZD 💹Time Frame : 11H (signal) 🍀;1.1054
USDJPY Massive Long! BUY! 👩‍💻My dear subscribers, My technical analysis for USDJPY is below: The price is coiling around a solid key level - 147.33 Bias - Bullish Goal - 148.65  #USDJPY 💹Time Frame : 1H (forecast)  🍀;148.65
GBPNZD Sellers In Panic! BUY! 👩‍💻My dear friends, Please, find my technical outlook for GBPNZD below: The instrument tests an important psychological level 2.1461. Bias - Bullish Target - 2.1629  #GBPNZD 💹Time Frame : 5H (forecast)  🍀;2.1629
EURUSD What Next? SELL 👩‍💻My dear friends, My technical analysis for EURUSD is below: The market is trading on 1.0912 pivot level. Bias - Bearish  Target - 1.0879 Recommended Stop Loss - 1.0936  #EURUSD 💹Time Frame : 8H (signal) 🍀;1.0879
NZDCAD Trading Opportunity! SELL! 👩‍💻My dear friends, Please, find my technical outlook for NZDCAD below: The price is coiling around a solid key level - 0.8271 Bias - Bearish — Goal - 0.8205 Safe Stop Loss - 0.8319  #NZDCAD 💹Time Frame : 12H (signal) 🍀;0.8205
TESLA What Next? BUY! 👩‍💻My dear friends, My technical analysis for TESLA is below: The market is trading on 207.61 pivot level. Bias - Bullish Target - 216.75  #TESLA 💹Time Frame : 1H (forecast)  🍀;216.75
QQQ Trading Opportunity! BUY! 👩‍💻My dear friends, Please, find my technical outlook for QQQ below: The price is coiling around a solid key level - 448.71 Bias - Bullish Goal - 464.38  #QQQ 💹Time Frame : 5H (forecast)  🍀;464.38
EURUSD Technical Analysis! SELL! 👩‍💻My dear followers, I analysed this chart on EURUSD and concluded the following: The market is trading on 1.0908 pivot level. Bias - Bearish  Target - 1.0872 Safe Stop Loss - 1.0932  #EURUSD 💹Time Frame : 8H (signal) 🍀;1.0872
SPY On The Rise! BUY! 👩‍💻My dear subscribers, My technical analysis for SPY is below: The price is coiling around a solid key level - 532.98 Bias - Bullish  Goal - 543.88 My Stop Loss - 526.43  #SPY 💹Time Frame : 12H (signal) 🍀;543.88
EURAUD Under Pressure! SELL! 👩‍💻My dear subscribers, This is my opinion on the EURAUD next move: The instrument tests an important psychological level 1.6877 Bias - Bearish Target - 1.6745  #EURAUD 💹Time Frame : 2H (forecast)  🍀;1.6745
GOLD Expected Growth! BUY! 👩‍💻My dear friends, GOLD looks like it will make a good move, and here are the details: The market is trading on 2390.5 pivot level. Bias - Bullish Goal - 2420.2  #GOLD 💹Time Frame : 5H (forecast)  🍀;2420.2
EURNZD Massive Short! SELL! 👩‍💻My dear friends, Please, find my technical outlook for EURNZD below: The instrument tests an important psychological level 1.8503 Bias - Bearish  Target - 1.8346 Recommended Stop Loss - 1.8623  #EURNZD 💹Time Frame : 7H (signal) 🍀;1.8346
AUDUSD Technical Analysis! BUY! 👩‍💻My dear followers, This is my opinion on the AUDUSD next move: The asset is approaching an important pivot point 0.6482 Bias - Bullish  Safe Stop Loss - 0.6433 Goal - 0.6564  #AUDUSD 💹Time Frame : 12H (signal) 🍀;0.6564
GBPAUD Massive Long! BUY 👩‍💻My dear friends, GBPAUD looks like it will make a good move, and here are the details: The market is trading on 1.9595 pivot level. Bias - Bullish Goal - 1.9694  #GBPAUD 💹Time Frame : 2H (forecast)  🍀;1.9694
NZDUSD Sellers In Panic! BUY! 👩‍💻My dear followers, I analysed this chart on NZDUSD and concluded the following: The market is trading on 0.5917 pivot level. Bias - Bullish Target - 0.5953  #NZDUSD 💹Time Frame : 5H (forecast)  🍀;0.5953
EURUSD Buyers In Panic! SELL! 👩‍💻My dear subscribers, EURUSD looks like it will make a good move, and here are the details: The market is trading on 1.0913 pivot level. Bias - Bearish —— My Stop Loss - 1.0940 Target - 1.0867  #EURUSD 💹Time Frame : 8H (signal) 🍀;1.0867
GBPCAD My Opinion! BUY! 👩‍💻My dear friends, My technical analysis for GBPCAD is below: The market is trading on 1.7539 pivot level. Bias - Bullish  Target - 1.7656 Recommended Stop Loss - 1.7463  #GBPCAD 💹Time Frame : 12H (signal) —— Get Exclusive Intraday VIP Signals 💜 Join Via My VIP Bot -  💙;1.7656
GOLD The Target Is DOWN! SELL! 👩‍💻My dear subscribers, My technical analysis for GOLD is below: The price is coiling around a solid key level - 2401.8 Bias - Bearish Goal - 2392.1  #GOLD 💹Time Frame : 1H (forecast)  🍀;2392.1
USDCAD What Next? BUY! 👩‍💻My dear friends, Please, find my technical outlook for USDCAD below: The instrument tests an important psychological level 1.3738 Bias - Bullish Target - 1.3787  #USDCAD 💹Time Frame : 5H (forecast)  🍀;1.3787
NZDCAD Will Collapse! SELL! 👩‍💻My dear friends, Please, find my technical outlook for NZDCAD below: The price is coiling around a solid key level - 0.8260 Bias - Bearish  Goal - 0.8215 Safe Stop Loss - 0.8292  #NZDCAD 💹Time Frame : 8H (signal) 🍀;0.8215
GBPUSD Trading Opportunity! BUY! 👩‍💻My dear subscribers, This is my opinion on the GBPUSD next move: The instrument tests an important psychological level 1.2709 Bias - Bullish — Target - 1.2813 My Stop Loss - 1.2647  #GBPUSD 💹Time Frame : 12H (signal) 🍀;1.2813
EURUSD On The Rise! BUY! 👩‍💻My dear followers, This is my opinion on the EURUSD next move: The asset is approaching an important pivot point 1.0893 Bias - Bullish Goal - 1.0913  #EURUSD 💹Time Frame : 1H (forecast)  🍀;1.0913
EURCHF Set To Fall! SELL! 👩‍💻My dear subscribers, EURCHF looks like it will make a good move, and here are the details: The market is trading on 0.9432 pivot level. Bias - Bearish Target - 0.9352  #EURCHF 💹Time Frame : 5H (forecast)  🍀;0.9352
GBPNZD Expected Growth! BUY! 👩‍💻My dear friends, GBPNZD looks like it will make a good move, and here are the details: The market is trading on 2.1199 pivot level. Bias - Bullish — Goal - 2.1378 Recommended Stop Loss - 2.1097  #GBPNZD 💹Time Frame : 8H (signal) 🍀;2.1378
NZDUSD My Opinion! SELL! 👩‍💻My dear followers, I analysed this chart on NZDUSD and concluded the following: The market is trading on 0.6000 pivot level. Bias - Bearish — Target - 0.5932 Safe Stop Loss - 0.6047  #NZDUSD 💹Time Frame : 12H (signal) —— Get Exclusive VIP Signals 💗 With Entry, Stop, Target 💗 Join Via My VIP Bot -  💙 Contact - AnabelContact;0.5932
USDJPY Technical Analysis! BUY! 👩‍💻My dear friends, My technical analysis for USDJPY is below: The market is trading on 146.57 pivot level. Bias - Bullish Target - 147.09  #USDJPY 💹Time Frame : 1H (forecast)  🍀;147.09
GOLD What Next? SELL! 👩‍💻My dear friends, Please, find my technical outlook for GOLD below: The price is coiling around a solid key level - 2430.7 Bias - Bearish Goal - 2409.7  #GOLD 💹Time Frame : 5H (forecast)  🍀;2409.7
NZDCAD Trading Opportunity! SELL! 👩‍💻My dear subscribers, My technical analysis for NZDCAD is below: The price is coiling around a solid key level - 0.8259 Bias - Bearish — Goal - 0.8214 My Stop Loss - 0.8288  #NZDCAD 💹Time Frame : 8H (signal) 🍀;0.8214
GBPAUD Massive Long! BUY! 👩‍💻My dear friends, Please, find my technical outlook for GBPAUD below: The instrument tests an important psychological level 1.9388 Bias -Bullish — Target - 1.9585 Recommended Stop Loss - 1.9274  #GBPAUD 💹Time Frame : 12H (signal) 🍀;1.9585
SPY The Target Is UP! BUY! 👩‍💻My dear followers, This is my opinion on the SPY next move: The asset is approaching an important pivot point 532.91 Bias - Bullish — Safe Stop Loss - 524.76 Goal - 546.16  #SPY 💹Time Frame : 8H (signal) 🍀;546.16
EURUSD Under Pressure! SELL! 👩‍💻My dear subscribers, EURUSD looks like it will make a good move, and here are the details: The market is trading on 1.0914 pivot level. Bias - Bearish — My Stop Loss - 1.0950 Target - 1.0854  #EURUSD 💹Time Frame : 12H (signal) 🍀;1.0854
GOLD Massive Short! SELL! 👩‍💻My dear followers, I analysed this chart on GOLD and concluded the following: The market is trading on 2431.2 pivot level. Bias - Bearish Target - 2406.8  #GOLD 💹Time Frame : 4H (forecast)  🍀;2406.8
QQQ Set To Grow! BUY! 👩‍💻My dear friends, My technical analysis for QQQ is below: The market is trading on 450.55 pivot level. Bias - Bullish — Target - 467.96 Recommended Stop Loss - 440.00  #QQQ 💹Time Frame : 8H (signal) 🍀;467.96
APPLE My Opinion! BUY! 👩‍💻My dear friends, Please, find my technical outlook for APPLE below: The price is coiling around a solid key level - 216.29 Bias - Bullish  Goal - 225.73 Safe Stop Loss - 210.99  #APPLE 💹Time Frame : 12H (signal) —— 💟 Get More Signals 💟 With Higher Accuracy 💛 Join VIP Group Now 💛;225.73
EURAUD What Next? BUY! 👩‍💻My dear friends, Please, find my technical outlook for EURAUD below: The instrument tests an important psychological level 1.6561. Bias - Bullish Target - 1.6591  #EURAUD 💹Time Frame : 1H (forecast)  🍀;1.6591
GOLD The Target Is DOWN! SELL! 👩‍💻My dear followers, This is my opinion on the GOLD next move: The asset is approaching an important pivot point 2455.1 Bias - Bearish Goal - 2429.1  #GOLD 💹Time Frame : 5H (forecast)  🍀;2429.1
NZDCAD Will Collapse! SELL! 👩‍💻My dear friends, NZDCAD looks like it will make a good move, and here are the details: The market is trading on 0.8276 pivot level. Bias - Bearish  Goal - 0.8227 Recommended Stop Loss - 0.8304  #NZDCAD 💹Time Frame : 8H (signal) 🍀;0.8227
NZDUSD Set To Fall! SELL! 👩‍💻My dear followers, I analysed this chart on NZDUSD and concluded the following: The market is trading on 0.6025 pivot level. Bias - Bearish — Target - 0.5970 Safe Stop Loss - 0.6055  #NZDUSD 💹Time Frame : 12H (signal) 🍀;0.5970
EURUSD My Opinion! SELL! 👩‍💻My dear subscribers, EURUSD looks like it will make a good move, and here are the details: The market is trading on 1.0930 pivot level. Bias - Bearish Target - 1.0918  #EURUSD 💹Time Frame : 3H (forecast)  🍀;1.0918
GBPUSD Under Pressure! SELL! 👩‍💻My dear friends, My technical analysis for GBPUSD is below: The market is trading on 1.2786 pivot level. Bias - Bearish Target - 1.2739  #GBPUSD 💹Time Frame : 5H (forecast)  🍀;1.2739
AUDUSD Massive Short! SELL! 👩‍💻My dear subscribers, My technical analysis for AUDUSD is below: The price is coiling around a solid key level - 0.6602. Bias - Bearish —— Goal - 0.6537 My Stop Loss - 0.6643  #AUDUSD 💹Time Frame : 8H (signal) 🍀;0.6537
USDCAD Trading Opportunity! BUY! 👩‍💻My dear friends, Please, find my technical outlook for USDCAD below: The instrument tests an important psychological level 1.3728 Bias - Bullish — Target - 1.3787 Recommended Stop Loss - 1.3693  #AUDUSD 💹Time Frame : 12H (signal) —— Join My Premium Channel NOW 💜 🐈 My VIP Bot -  😇 Contact - AnabelContact;1.3787
USDCHF On The Rise! BUY! 👩‍💻My dear friends, Please, find my technical outlook for USDCHF below: The price is coiling around a solid key level - 0.8636 Bias - Bullish Goal - 0.8646  #USDCHF 💹Time Frame : 1H (forecast)  🍀;0.8646
GOLD Buyers In Panic! SELL! 👩‍💻My dear subscribers, This is my opinion on the GOLD next move: The instrument tests an important psychological level 2473.3 Bias - Bearish Target - 2443.5  #GOLD 💹Time Frame : 5H (forecast)  🍀;2443.5
EURCHF The Target Is DOWN! SELL! 👩‍💻My dear friends, EURCHF looks like it will make a good move, and here are the details: The market is trading on 0.9524 pivot level. Bias - Bearish —— Goal - 0.9422 Recommended Stop Loss - 0.9591  #EURCHF 💹Time Frame : 8H (signal) 🍀;0.9422
AUDCAD Will Collapse! SELL! 👩‍💻My dear followers, I analysed this chart on AUDCAD and concluded the following: The market is trading on 0.9082 pivot level. Bias - Bearish — Target - 0.9016 Safe Stop Loss - 0.9125  #AUDCAD 💹Time Frame : 12H (signal) 🍀;0.9016
EURUSD Expected Growth! BUY! 👩‍💻My dear friends, EURUSD looks like it will make a good move, and here are the details: The market is trading on 1.0977 pivot level. Bias - Bullish Goal - 1.1000  #EURUSD 💹Time Frame : 1H (forecast)  🍀;1.1000
GBPUSD Set To Fall! SELL! 👩‍💻My dear followers, I analysed this chart on GBPUSD and concluded the following: The market is trading on 1.2854 pivot level. Bias - Bearish Target - 1.2789  #GBPUSD 💹Time Frame : 5H (forecast)  🍀;1.2789
AUDNZD My Opinion! SELL! 👩‍💻My dear followers, This is my opinion on the AUDNZD next move: The asset is approaching an important pivot point 1.1032 Bias - Bearish — Safe Stop Loss - 1.1068 Goal - 1.0967  #AUDNZD 💹Time Frame : 8H (signal) 🍀;1.0967
USDCAD Technical Analysis! BUY! 👩‍💻My dear subscribers, USDCAD looks like it will make a good move, and here are the details: The market is trading on 1.3701 pivot level. Bias - Bullish  My Stop Loss - 1.3664 Target - 1.3758  #USDCAD 💹Time Frame : 12H (signal) —— Join My Premium Channel NOW 💜 🐈 My VIP Bot -  😇 Contact - AnabelContact;1.3758
USDJPY Massive Long! BUY! 👩‍💻My dear subscribers, My technical analysis for USDJPY is below: The price is coiling around a solid key level - 148.08 Bias - Bullish Goal - 148.63  #USDJPY 💹Time Frame : 1H (forecast)  🍀;148.63
GBPCAD Set To Fall! SELL! 👩‍💻My dear friends, Please, find my technical outlook for GBPCAD below: The instrument tests an important psychological level 1.7681 Bias - Bearish Target - 1.7603  #GBPCAD 💹Time Frame : 5H (forecast)  🍀;1.7603
EURGBP Sellers In Panic! BUY! 👩‍💻My dear friends, My technical analysis for EURGBP is below: The market is trading on 0.8525 pivot level. Bias - Bullish —— Target - 0.8569 Recommended Stop Loss - 0.8497  #EURGBP 💹Time Frame : 8H (signal) 🍀;0.8569
GOLD My Opinion! SELL! 👩‍💻My dear friends, Please, find my technical outlook for GOLD below: The price is coiling around a solid key level - 2486.9. Bias - Bearish —— Goal - 2452.6 Safe Stop Loss - 2508.9  #GOLD 💹Time Frame : 12H (signal) 🍀;2452.6
QQQ Under Pressure! SELL! 👩‍💻My dear followers, This is my opinion on the QQQ next move: The asset is approaching an important pivot point 475.02 Bias - Bearish Goal - 461.08  #QQQ 💹Time Frame : 1H (forecast)  🍀;461.08
EURUSD What Next? SELL! 👩‍💻My dear subscribers, EURUSD looks like it will make a good move, and here are the details: The market is trading on 1.1026 pivot level. Bias - Bearish Target - 1.0985  #EURUSD 💹Time Frame : 5H (forecast)  🍀;1.0985
NZDUSD Trading Opportunity! SELL! 👩‍💻My dear friends, NZDUSD looks like it will make a good move, and here are the details: The market is trading on 0.6048 pivot level. Bias - Bearish  Goal - 0.5993 Recommended Stop Loss - 0.6079  #NZDUSD 💹Time Frame : 12H (signal) 🍀;0.5993
SPY The Target Is DOWN! SELL! 👩‍💻My dear friends, Please, find my technical outlook for SPY below: The price is coiling around a solid key level - 554.26 Bias - Bearish Goal - 537.92  #SPY 💹Time Frame : 5H (forecast)  🍀;537.92
GOLD What Next? SELL! 👩‍💻My dear subscribers, My technical analysis for GOLD is below: The price is coiling around a solid key level - 2508.1 Bias - Bearish  Goal - 2464.6 My Stop Loss - 2533.5  #GOLD 💹Time Frame : 12H (signal) 🍀;2464.6
AUDNZD A Fall Expected! SELL! 👩‍💻My dear subscribers, This is my opinion on the AUDNZD next move: The instrument tests an important psychological level 1.1020 Bias - Bearish Target - 1.1010  #AUDNZD 💹Time Frame : 1H (forecast)  🍀;1.1010
CHFJPY Set To Grow! BUY! 👩‍💻My dear friends, CHFJPY looks like it will make a good move, and here are the details: The market is trading on 169.43 pivot level. Bias - Bullish Goal - 170.10  #CHFJPY 💹Time Frame : 5H (forecast)  🍀;170.10
EURUSD Technical Analysis! SELL! 👩‍💻My dear friends, Please, find my technical outlook for EURUSD below: The instrument tests an important psychological level 1.1069 Bias - Bearish — Target - 1.0984 Recommended Stop Loss - 1.1121  #EURUSD 💹Time Frame : 8H (signal) 🍀;1.0984
USDCAD My Opinion! BUY! 👩‍💻My dear followers, This is my opinion on the USDCAD next move: The asset is approaching an important pivot point 1.3645 Bias - Bullish  Safe Stop Loss - 1.3610 Goal - 1.3715  #USDCAD 💹Time Frame : 12H (signal) 🍀;1.3715
EURCHF What Next? BUY! 👩‍💻My dear followers, I analysed this chart on EUR/USD and concluded the following: The market is trading on 0.9532 pivot level. Bias - Bullish Target - 0.9544  #EURCHF 💹Time Frame : 1H (forecast)  🍀;0.9544
USDCHF On The Rise! BUY! 👩‍💻My dear subscribers, My technical analysis for USDCHF is below: The price is coiling around a solid key level - 0.8582 Bias - Bullish Goal - 0.8654  #USDCHF 💹Time Frame : 5H (forecast)  🍀;0.8654
GOLD Under Pressure! SELL! 👩‍💻My dear subscribers, GOLD looks like it will make a good move, and here are the details: The market is trading on 2525.6 pivot level. Bias - Bearish — My Stop Loss - 2549.7 Target - 2486.7  #GOLD 💹Time Frame : 8H (signal) 🍀;2486.7
EURAUD Expected Growth! BUY! 👩‍💻My dear friends, My technical analysis for EURAUD is below: The market is trading on 1.6471 pivot level. Bias - Bullish — Target - 1.6681 Recommended Stop Loss - 1.6347  #EURAUD 💹Time Frame : 12H (signal) —— Get Exclusive VIP Signals 💗 With Entry, Stop, Target 💗 Join Via My VIP Bot -  💙 Contact - AnabelContact;1.6681
EURGBP Technical Analysis! BUY! 👩‍💻My dear friends, Please, find my technical outlook for EURGBP below: The instrument tests an important psychological level 0.8516. Bias - Bullish Target - 0.8528  #EURGBP 💹Time Frame : 1H (forecast)  🍀;0.8528
USDJPY Massive Long! BUY! 👩‍💻My dear followers, This is my opinion on the USDJPY next move: The asset is approaching an important pivot point 145.64 Bias - Bullish Goal - 146.84  #USDJPY 💹Time Frame : 5H (forecast)  🍀;146.84
GBPCAD Buyers In Panic! SELL! 👩‍💻My dear friends, Please, find my technical outlook for GBPCAD below: The price is coiling around a solid key level - 1.7766 Bias - Bearish  Goal - 1.7670 Safe Stop Loss - 1.7832  #GBPCAD 💹Time Frame : 8H (signal) 🍀;1.7670
EURUSD The Target Is DOWN! SELL! 👩‍💻My dear subscribers, This is my opinion on the EURUSD next move: The instrument tests an important psychological level 1.1127 Bias - Bearish — Target - 1.1042 My Stop Loss - 1.1180  #EURUSD 💹Time Frame : 12H (signal) 🍀;1.1042
GOLD Sellers In Panic! BUY! 👩‍💻My dear subscribers, GOLD looks like it will make a good move, and here are the details: The market is trading on 2493.0 pivot level. Bias - Bullish Target - 2503.9  #GOLD 💹Time Frame : 1H (forecast)  🍀;2503.9
EURCHF The Target Is UP! BUY! 👩‍💻My dear friends, My technical analysis for EURCHF is below: The market is trading on 0.9476 pivot level. Bias - Bullish Target - 0.9626  #EURCHF 💹Time Frame : 5H (forecast)  🍀;0.9626
CHFJPY Set To Fall! SELL! 👩‍💻My dear friends, CHFJPY looks like it will make a good move, and here are the details: The market is trading on 171.70 pivot level. Bias - Bearish — Goal - 170.70 Recommended Stop Loss - 172.32  #CHFJPY 💹Time Frame : 8H (signal) 🍀;170.70
USDCAD Will Explode! BUY! 👩‍💻My dear followers, I analysed this chart on USDCAD and concluded the following: The market is trading on 1.3613 pivot level. Bias - Bullish —— Target - 1.3685 Safe Stop Loss - 1.3569  #USDCAD 💹Time Frame : 12H (signal) —— 💟 Get More Signals 💟 With Higher Accuracy 💛 Join VIP Group Now 💛;1.3685
AUDCHF A Fall Expected! SELL! 👩‍💻My dear friends, Please, find my technical outlook for AUDCHF below: The price is coiling around a solid key level - 0.5741 Bias - Bearish Goal - 0.5723  #AUDCHF 💹Time Frame : 1H (forecast)  🍀;0.5723
AUDNZD Set To Grow! BUY! 👩‍💻My dear subscribers, This is my opinion on the AUDNZD next move: The instrument tests an important psychological level 1.0921 Bias - Bullish Target - 1.0969  #AUDNZD 💹Time Frame : 5H (forecast)  🍀;1.0969
USDCHF My Opinion! BUY! 👩‍💻My dear subscribers, My technical analysis for USDCHF is below: The price is coiling around a solid key level - 0.8496 Bias - Bullish — Goal - 0.8597 My Stop Loss - 0.8437  #USDCHF 💹Time Frame : 8H (signal) 🍀;0.8597
EURUSD Technical Analysis! SELL! 👩‍💻My dear friends, Please, find my technical outlook for EURUSD below: The instrument tests an important psychological level 1.1182 Bias - Bearish — Target - 1.1094 Recommended Stop Loss - 1.1234  #EURUSD 💹Time Frame : 12H (signal) 🍀;1.1094
GOLD Under Pressure! SELL! 👩‍💻My dear friends, GOLD looks like it will make a good move, and here are the details: The market is trading on 2512.4 pivot level. Bias - Bearish Goal - 2500.9  #GOLD 💹Time Frame : 1H (forecast)  🍀;2500.9
QQQ Buyers In Panic! SELL! 👩‍💻My dear followers, This is my opinion on the QQQ next move: The asset is approaching an important pivot point 480.03 Bias - Bearish — Safe Stop Loss - 489.12 Goal - 465.88  #QQQ 💹Time Frame : 8H (signal) 🍀;465.88
APPLE The Target Is DOWN! SELL! 👩‍💻My dear subscribers, APPLE looks like it will make a good move, and here are the details: The market is trading on 226.81 pivot level. Bias - Bearish — My Stop Loss - 232.38 Target - 217.95  #APPLE 💹Time Frame : 12H (signal) 🍀;217.95
EURUSD Will Collapse! SELL! 👩‍💻My dear subscribers, My technical analysis for EURUSD is below: The price is coiling around a solid key level - 1.1189 Bias - Bearish Goal - 1.1139  #EURUSD 💹Time Frame : 1H (forecast)  🍀;1.1139
SPY My Opinion! SELL! 👩‍💻My dear friends, Please, find my technical outlook forSPY below: The price is coiling around a solid key level - 562.09 Bias - Bearish  Goal - 548.32 Safe Stop Loss - 570.95  #SPY 💹Time Frame : 12H (signal) 🍀;548.32
GOLD Will Collapse! SELL! 👩‍💻My dear subscribers, My technical analysis for GOLD is below: The price is coiling around a solid key level - 2515.7 Bias - Bearish Goal - 2498.3  #GOLD 💹Time Frame : 4H (forecast)  🍀;2498.3
EURJPY What Next? BUY! 👩‍💻My dear friends, Please, find my technical outlook for EURJPY below: The instrument tests an important psychological level 161.37 Bias - Bullish Target - 162.15  #EURJPY 💹Time Frame : 5H (forecast)  🍀;162.15
EURGBP Trading Opportunity! BUY! 👩‍💻My dear friends, My technical analysis for EURGBP is below: The market is trading on 0.8464 pivot level. Bias - Bullish — Target - 0.8509 Recommended Stop Loss - 0.8434  #EURGBP 💹Time Frame : 8H (signal) 🍀;0.8509
USDCAD On The Rise! BUY! 👩‍💻My dear friends, Please, find my technical outlook for USDCAD below: The price is coiling around a solid key level - 1.3472 Bias - Bullish — Goal - 1.3560 Safe Stop Loss - 1.3422  #USDCAD 💹Time Frame : 12H (signal) —— Join My Premium Channel NOW 💜 🐈 My VIP Bot -  😇 Contact - AnabelContact;1.3560
AUDNZD Expected Growth! BUY! 👩‍💻My dear friends, Please, find my technical outlook for AUDNZD below: The instrument tests an important psychological level 1.0899 Bias - Bullish Target - 1.0910 — 💐 #AUDNZD 💹Time Frame : 1H (forecast)  🍀;1.0910
EURNZD Technical Analysis! BUY! 👩‍💻My dear followers, This is my opinion on the EURNZD next move: The asset is approaching an important pivot point 1.7951 Bias - Bullish Goal - 1.8051 — 💐 #EURNZD 💹Time Frame : 5H (forecast)  🍀;1.8051
GBPAUD Set To Fall! SELL! 👩‍💻My dear subscribers, This is my opinion on the GBPAUD next move: The instrument tests an important psychological level 1.9507 Bias - Bearish — Target - 1.9407 My Stop Loss - 1.9561  #GBPAUD 💹Time Frame : 8H (signal) 🍀;1.9407
EURUSD Under Pressure! SELL! 👩‍💻My dear friends, EURUSD looks like it will make a good move, and here are the details: The market is trading on 1.1169 pivot level. Bias - Bearish  Goal - 1.1073 Recommended Stop Loss - 1.1227  #EURUSD 💹Time Frame : 12H (signal) 🍀;1.1073
GOLD Massive Long! BUY! 👩‍💻My dear subscribers, GOLD looks like it will make a good move, and here are the details: The market is trading on 2503.4 pivot level. Bias - Bullish Target - 2511.1  #GOLD 💹Time Frame : 1H (forecast)  🍀;2511.1
CHFJPY Set To Fall! SELL! 👩‍💻My dear friends, My technical analysis for CHFJPY is below: The market is trading on 171.56 pivot level. Bias - Bearish Target - 170.88  #CHFJPY 💹Time Frame : 5H (forecast)  🍀;170.88
EURCHF Sellers In Panic! BUY! 👩‍💻My dear followers, I analysed this chart on EURCHF and concluded the following: The market is trading on 0.9387 pivot level. Bias - Bullish — Target - 0.9450 Safe Stop Loss - 0.9351  #EURCHF 💹Time Frame : 8H (signal) 🍀;0.9450
USDCHF The Target Is UP! BUY! 👩‍💻My dear subscribers, My technical analysis for USDCHF is below: The price is coiling around a solid key level - 0.8435 Bias - Bullish  Goal - 0.8548 My Stop Loss - 0.8379  #USDCHF 💹Time Frame : 12H (signal) —— Get Exclusive Intraday VIP Signals 💜 Join Via My VIP Bot -  💙;0.8548
EURUSD Will Explode! BUY! 👩‍💻My dear friends, Please, find my technical outlook for EURUSD below: The price is coiling around a solid key level - 1.1092 Bias - Bullish Goal - 1.1122 — 💐 #EURUSD 💹Time Frame : 3H (forecast)  🍀;1.1122
AUDCAD My Opinion! SELL! 👩‍💻My dear subscribers, This is my opinion on the AUDCAD next move: The instrument tests an important psychological level 0.9170 Bias - Bearish Target - 0.9142 — 💐 #AUDCAD 💹Time Frame : 5H (forecast)  🍀;0.9142
EURJPY Set To Grow! BUY! 👩‍💻My dear friends, Please, find my technical outlook for EURJPY below: The instrument tests an important psychological level 160.93 Bias - Bullish — Target - 162.17 Recommended Stop Loss - 160.33  #EURJPY 💹Time Frame : 8H (signal) 🍀;162.17
EURGBP My Opinion! BUY! 👩‍💻My dear followers, This is my opinion on the EURGBP next move: The asset is approaching an important pivot point 0.8422 Bias - Bullish —— Safe Stop Loss - 0.8389 Goal - 0.8476  #EURGBP 💹Time Frame : 12H (signal) 🍀;0.8476
GBPAUD Trading Opportunity! BUY! 👩‍💻My dear followers, I analysed this chart on GBPAUD and concluded the following: The market is trading on 1.9388 pivot level. Bias - Bullish Target - 1.9440 — 💐 #GBPAUD 💹Time Frame : 5H (forecast)  🍀;1.9440
CADJPY Massive Short! SELL! 👩‍💻My dear subscribers, CADJPY looks like it will make a good move, and here are the details: The market is trading on 107.78 pivot level. Bias - Bearish —— My Stop Loss - 108.06 Target - 103.30  #CADJPY 💹Time Frame : 8H (signal) 🍀;103.30
NZDCAD Buyers In Panic! SELL! 👩‍💻My dear friends, My technical analysis for NZDCAD is below: The market is trading on 0.8437 pivot level. Bias - Bearish —— Target - 0.8354 Recommended Stop Loss - 0.8490  #NZDCAD 💹Time Frame : 12H (signal) —— Get Exclusive VIP Signals 💗 With Entry, Stop, Target 💗 Join Via My VIP Bot -  💙 Contact - AnabelContact;0.8354
SPY The Target Is DOWN! SELL! 👩‍💻My dear subscribers, My technical analysis for SPY is below: The price is coiling around a solid key level - 563.59 Bias - Bearish Goal - 561.46 — 💐 #SPY 💹Time Frame : 1H (forecast)  🍀;561.46
EURUSD Expected Growth! BUY! 👩‍💻My dear friends, Please, find my technical outlook for EURUSD below: The instrument tests an important psychological level 1.1045 Bias - Bullish Target - 1.1087 — 💐 #EURUSD 💹Time Frame : 5H (forecast)  🍀;1.1087
TESLA Will Collapse! SELL! 👩‍💻My dear followers, This is my opinion on the TESLA next move: The asset is approaching an important pivot point 214.25 Bias - Bearish Goal - 208.78 — 💐 #TESLA 💹Time Frame : 1H (forecast)  🍀;208.78
GOLD Massive Long! BUY! 👩‍💻My dear subscribers, GOLD looks like it will make a good move, and here are the details: The market is trading on 2503.4 pivot level. Bias - Bullish Target - 2513.3 — 💐 #GOLD 💹Time Frame : 5H (forecast)  🍀;2513.3
APPLE Set To Fall! SELL! 👩‍💻My dear subscribers, This is my opinion on the APPLE next move: The instrument tests an important psychological level 228.86 Bias - Bearish — Target - 219.98 My Stop Loss - 233.40  #APPLE 💹Time Frame : 12H (signal) —— 💟 Get More Signals 💟 With Higher Accuracy 💛 Join VIP Group Now 💛;219.98
EURUSD Fall Expected! SELL! 👩‍💻My dear friends, My technical analysis for EURUSD is below: The market is trading on 1.066 pivot level. Bias - Bearish Target - 1.1057 — 💐 #EURUSD 💹Time Frame : 1H (forecast)  🍀;1.1057
USDJPY My Opinion! SELL! 👩‍💻My dear friends, Please, find my technical outlook for USDJPY below: The price is coiling around a solid key level - 146.96 Bias - Bearish Goal - 145.93 — 💐 #USDJPY 💹Time Frame : 5H (forecast)  🍀;145.93
AUDCHF A Fall Expected! SELL! 👩‍💻My dear subscribers, My technical analysis for AUDCHF is below: The price is coiling around a solid key level - 0.5780 Bias - Bearish —— Goal - 0.5741 My Stop Loss - 0.5798  #AUDCHF 💹Time Frame : 8H (signal)  🍀;0.5741
EURNZD The Target Is UP! BUY! 👩‍💻My dear friends, Please, find my technical outlook for EURCHF below: The instrument tests an important psychological level 1.7764 Bias - Bullish  Target - 1.7955 Recommended Stop Loss - 1.7650  #EURNZD 💹Time Frame : 12H (signal)  🍀;1.7955
GBPCAD Trading Opportunity! SELL! 👩‍💻My dear subscribers, This is my opinion on the GBPCAD next move: The instrument tests an important psychological level 1.7763 Bias - Bearish Target - 1.7748 — 💐 #GBPCAD 💹Time Frame : 1H (forecast)  🍀;1.7748
NZDUSD Will Explode! BUY! 👩‍💻My dear friends, NZDUSD looks like it will make a good move, and here are the details: The market is trading on 0.6188 pivot level. Bias - Bullish Goal - 0.6238 — 💐 #NZDUSD 💹Time Frame : 5H (forecast)  🍀;0.6238
AUDUSD Set To Grow! BUY! 👩‍💻My dear followers, This is my opinion on the AUDUSD next move: The asset is approaching an important pivot point 0.6733 Bias - Bullish —— Safe Stop Loss - 0.6700 Goal - 0.6784  #AUDUSD 💹Time Frame : 8H (signal)  🍀;0.6784
SILVER My Opinion! BUY! 👩‍💻My dear subscribers, SILVER looks like it will make a good move, and here are the details: The market is trading on 28.352 pivot level. Bias - Bullish — My Stop Loss - 27.917 Target - 29.195  #SILVER 💹Time Frame : 12H (signal)  🍀;29.195
GBPUSD Massive Short! SELL! 👩‍💻My dear followers, I analysed this chart on GBPUSD and concluded the following: The market is trading on 1.3112 pivot level. Bias - Bearish Target - 1.3102 — 💐 #GBPUSD 💹Time Frame : 1H (forecast)  🍀;1.3102
EURAUD Buyers In Panic! SELL! 👩‍💻My dear subscribers, This is my opinion on the EURAUD next move: The instrument tests an important psychological level 1.6446 Bias - Bearish Target - 1.6367 — 💐 #EURAUD 💹Time Frame : 5H (forecast)  🍀;1.6367
EURUSD What Next? BUY 👩‍💻My dear friends, Please, find my technical outlook for EURUSD below: The price is coiling around a solid key level - 1.1048 Bias -Bullish — Goal - 1.1105 Safe Stop Loss - 1.1014  #EURUSD 💹Time Frame : 8H (signal)  🍀;1.1105
AUDJPY Trading Opportunity! BUY! 👩‍💻My dear subscribers, This is my opinion on the AUDJPY next move: The instrument tests an important psychological level 97.397 Bias - Bullish  Target - 98.106 My Stop Loss - 96.942 —— #AUDJPY 💹Time Frame : 12H (signal) —— 💟 Get More Signals 💟 With Higher Accuracy 💛 Join VIP Group Now 💛;98.106
AUDNZD On The Rise!  BUY! 👩‍💻My dear subscribers, My technical analysis for AUDNZD is below: The price is coiling around a solid key level - 1.0824 Bias - Bullish Goal - 1.0843 — 💐 #AUDNZD 💹Time Frame : 1H (forecast)  🍀;1.0843
GOLD The Target Is DOWN! SELL! 👩‍💻My dear friends, Please, find my technical outlook for GOLD below: The instrument tests an important psychological level 2515.7 Bias - Bearish Target - 2504.6 — 💐 #GOLD 💹Time Frame : 5H (forecast)  🍀;2504.6
NZDJPY Expected Growth! BUY! 👩‍💻My dear friends, NZDJPY looks like it will make a good move, and here are the details: The market is trading on 89.069 pivot level. Bias - Bullish  Goal - 89.884 Recommended Stop Loss - 88.645 — 💐 #NZDJPY 💹Time Frame : 8H (signal)  🍀;89.884
GBPAUD Will Collapse! SELL! 👩‍💻My dear followers, I analysed this chart on GBPAUD and concluded the following: The market is trading on 1.9560 pivot level. Bias - Bearish — Target - 1.9454 Safe Stop Loss - 1.9622 — 💐 #GBPAUD 💹Time Frame : 12H (signal)  🍀;1.9454
EURGBP Set To Fall! SELL! 👩‍💻My dear followers, This is my opinion on the EURGBP next move: The asset is approaching an important pivot point 0.8432 Bias - Bearish Goal - 0.8427 — 💐 #EURGBP 💹Time Frame : 1H (forecast)  🍀;0.8427
EURUSD My Opinion! SELL! 👩‍💻My dear subscribers, EURUSD looks like it will make a good move, and here are the details: The market is trading on 1.1107 pivot level. Bias - Bearish Target - 1.1072 — 💐 #EURUSD 💹Time Frame : 5H (forecast)  🍀;1.1072
AUDJPY Technical Analysis! BUY 👩‍💻My dear subscribers, My technical analysis for AUDJPY is below: The price is coiling around a solid key level - 96.329 Bias - Bullish  Goal - 97.259 My Stop Loss - 95.883  #AUDJPY 💹Time Frame : 8H (signal)  🍀;97.259
USDJPY Massive Long! BUY! 👩‍💻My dear friends, Please, find my technical outlook for USDJPY below: The instrument tests an important psychological level 143.08 Bias - Bullish —— Target - 144.78 Recommended Stop Loss - 142.08  #USDJPY 💹Time Frame : 12H (signal)  🍀;144.78
SILVER Sellers In Panic! BUY! 👩‍💻My dear friends, My technical analysis for SILVER is below: The market is trading on 27.937 pivot level. Bias - Bullish Target - 28.271  💐 #SILVER 💹Time Frame : 1H (forecast)  🍀;28.271
QQQ The Target Is UP! BUY! 👩‍💻My dear friends, Please, find my technical outlook for QQQ below: The price is coiling around a solid key level - 448.69 Bias - Bullish Goal - 463.68 — 💐 #QQQ 💹Time Frame : 5H (forecast)  🍀;463.68
EURCAD What Next? SELL! 👩‍💻My dear friends, Please, find my technical outlook for EURCAD below: The instrument tests an important psychological level 1.5035 Bias - Bearish  Target - 1.4976 Recommended Stop Loss - 1.5068  #EURCAD 💹Time Frame : 8H (signal)  🍀;1.4976
EURUSD Set To Grow! BUY! 👩‍💻My dear friends, Please, find my technical outlook for EURUSD below: The price is coiling around a solid key level - 1.1083 Bias - Bullish Goal - 1.1099 — 💐 #EURUSD 💹Time Frame : 1H (forecast)  🍀;1.1099
SPY My Opinion! BUY! 👩‍💻My dear subscribers, This is my opinion on the SPY next move: The instrument tests an important psychological level 540.43 Bias - Bullish Target - 552.17 — 💐 #SPY 💹Time Frame : 5H (forecast)  🍀;552.17
GBPCAD Trading Opportunity! BUY! 👩‍💻My dear friends, GBPCAD looks like it will make a good move, and here are the details: The market is trading on 1.7742 pivot level. Bias - Bullish Goal - 1.7768 — 💐 #GBPCAD 💹Time Frame : 1H (forecast)  🍀;1.7768
GBPAUD What Next? SELL! 👩‍💻My dear followers, I analysed this chart on GBPAUD and concluded the following: The market is trading on 1.9644 pivot level. Bias - Bearish Target - 1.9542 — 💐 #GBPAUD 💹Time Frame : 5H (forecast)  🍀;1.9542
USDCAD Under Pressure! SELL! 👩‍💻My dear subscribers, This is my opinion on the USDCAD next move: The instrument tests an important psychological level 1.3567 Bias - Bearish —— Target - 1.3501 My Stop Loss - 1.3607  #USDCAD 💹Time Frame : 8H (signal)  🍀;1.3501
SILVER On The Rise! BUY! 👩‍💻 My dear friends, SILVER looks like it will make a good move, and here are the details: The market is trading on 28.098pivot level. Bias - Bullish  Goal - 28.246 Recommended Stop Loss - 27.576  #SILVER 💹Time Frame : 12H (signal)  🍀;28.246
USDCHF On The Rise! BUY! 👩‍💻 My dear subscribers, My technical analysis for USDCHF is below: The price is coiling around a solid key level - 0.8467 Bias - Bullish Goal - 0.8486  #USDCHF 💹Time Frame :  1H (forecast)  🍀;0.8486
EURUSD Expected Growth! BUY! 👩‍💻 My dear friends, Please, find my technical outlook for EURUSD below: The instrument tests an important psychological level 1.1026 Bias - Bullish Target - 1.1059  #EURUSD 💹Time Frame :  5H (forecast)  🍀;1.1059
GBPCHF Technical Analysis! BUY! 👩‍💻 My dear followers, I analysed this chart on GBPCHF and concluded the following: The market is trading on 1.1057 pivot level. Bias - Bullish — Target - 1.1094 Safe Stop Loss - 1.1036  #GBPCHF 💹Time Frame : 8H (signal)  🍀;1.1094
EURAUD Trading Opportunity! SELL! 👩‍💻 My dear subscribers, My technical analysis for EURAUD is below: The price is coiling around a solid key level - 1.6584 Bias - Bearish  Goal - 1.6472 My Stop Loss - 1.6650  #EURAUD 💹Time Frame : 12H (signal)  🍀;1.6472
GOLD Massive Long! BUY! 👩‍💻 My dear followers, This is my opinion on the GOLD next move: The asset is approaching an important pivot point 2506.0 Bias - Bullish Goal - 2514.6  #GOLD 💹Time Frame :  1H (forecast)  🍀;2514.6
USDCHF A Fall Expected! SELL! 👩‍💻 My dear subscribers, USDCHF looks like it will make a good move, and here are the details: The market is trading on 0.8479 pivot level. Bias - Bearish Target - 0.8452  #USDCHF 💹Time Frame :  5H (forecast)  🍀;0.8452
NZDUSD Sellers In Panic! BUY! 👩‍💻 My dear friends, My technical analysis for NZDUSD is below: The market is trading on 0.6116 pivot level. Bias - Bullish  Target - 0.6189 Recommended Stop Loss - 0.6074  #NZDUSD 💹Time Frame : 8H (signal)  🍀;0.6189
GBPNZD Technical Analysis! SELL! 👩‍💻 My dear friends, Please, find my technical outlook for GBPNZD below: The price is coiling around a solid key level - 2.1281 Bias - Bearish  Goal - 2.1157 Safe Stop Loss - 2.1354  #GBPNZD 💹Time Frame : 12H (signal)  🍀;2.1157
EURUSD Massive Short! SELL! 👩‍💻 My dear friends, My technical analysis for EURUSD is below: The market is trading on 1.1035 pivot level. Bias - Bearish Target - 1.1024  #EURUSD 💹Time Frame :  1H (forecast)  🍀;1.1024
GBPCHF Buyers In Panic! SELL! 👩‍💻 My dear friends, Please, find my technical outlook for GBPCHF below: The price is coiling around a solid key level - 1.1147 Bias - Bearish Goal - 1.1099  #GBPCHF 💹Time Frame :  5H (forecast)  🍀;1.1099
EURGBP The Target Is DOWN! SELL! 👩‍💻 My dear subscribers, This is my opinion on the EURGBP next move: The instrument tests an important psychological level 0.8443 Bias - Bearish —— Target - 0.8433 My Stop Loss - 0.8451  #EURGBP 💹Time Frame : 8H (signal)  🍀;0.8433
USDCAD Will Collapse! SELL! 👩‍💻 My dear friends, USDCAD looks like it will make a good move, and here are the details: The market is trading on 1.3596 pivot level. Bias - Bearish  Goal - 1.3547 Recommended Stop Loss - 1.3624  #USDCAD 💹Time Frame : 12H (signal)  🍀;1.3547
GOLD Set To Fall! SELL! 👩‍💻 My dear friends, Please, find my technical outlook for GOLD below: The price is coiling around a solid key level - 2566.4 Bias - Bearish Goal - 2541.2  #GOLD 💹Time Frame :  1H (forecast)  🍀;2541.2
AUDCAD My Opinion! SELL! 👩‍💻 My dear subscribers, This is my opinion on the AUDCAD next move: The instrument tests an important psychological level 0.9100 Bias - Bearish Target - 0.9065  #AUDCAD 💹Time Frame :  5H (forecast)  🍀;0.9065
NZDJPY The Target Is UP! BUY! 👩‍💻 My dear followers, I analysed this chart on NZDJPY and concluded the following: The market is trading on 86.858 pivot level. Bias - Bullish — Target - 88.100 Safe Stop Loss - 86.123  #NZDJPY 💹Time Frame : 8H (signal)  🍀;88.100
GBPJPY Will Explode! BUY! 👩‍💻 My dear subscribers, My technical analysis for GBPJPY is below: The price is coiling around a solid key level - 184.85 Bias - Bullish — Goal - 187.48 My Stop Loss - 183.43  #GBPJPY 💹Time Frame : 12H (signal) —— Get Exclusive Intraday VIP Signals 💜 Join Via My VIP Bot -  💙;187.48
QQQ What Next? SELL! 👩‍💻 My dear subscribers, This is my opinion on the QQQ next move: The instrument tests an important psychological level 475.38 Bias - Bearish Target - 466.57  #QQQ 💹Time Frame :  2H (forecast)  🍀;466.57
EURUSD Trading Opportunity! SELL! 👩‍💻 My dear friends, EURUSD looks like it will make a good move, and here are the details: The market is trading on 1.1071 pivot level. Bias - Bearish Goal - 1.1046  #EURUSD 💹Time Frame :  5H (forecast)  🍀;1.1046
TESLA A Fall Expected! SELL! 👩‍💻 My dear friends, Please, find my technical outlook for TESLA below: The instrument tests an important psychological level 230.26 Bias - Bearish — Target - 214.86 Recommended Stop Loss - 239.60  #TESLA 💹Time Frame : 8H (signal)  🍀;214.86
SPY Under Pressure! SELL! 👩‍💻 My dear followers, I analysed this chart on SPY and concluded the following: The market is trading on 561.96 pivot level. Bias - Bearish Target - 556.18  #SPY 💹Time Frame :  1H (forecast)  🍀;556.18
GBPUSD Massive Short! SELL! 👩‍💻 My dear subscribers, My technical analysis for GBPUSD is below: The price is coiling around a solid key level - 1.3120 Bias - Bearish Goal - 1.3089  #GBPUSD 💹Time Frame :  5H (forecast)  🍀;1.3089
SILVER The Target Is DOWN! SELL! My dear friends, Please, find my technical outlook for SILVER below: The price is coiling around a solid key level - 30.720 Bias - Bearish  Goal - 29.587 Safe Stop Loss - 31.354  #SILVER 💹Time Frame : 12H (signal)  🍀;29.587
NZDUSD Will Collapse! SELL! 👩‍💻 My dear subscribers, My technical analysis for NZDUSD is below: The price is coiling around a solid key level - 0.6187 Bias - Bearish Goal - 0.6173  #NZDUSD 💹Time Frame :  1H (forecast)  🍀;0.6173
EURUSD Set To Fall! SELL! 👩‍💻 My dear friends, Please, find my technical outlook for EURUSD below: The instrument tests an important psychological level 1.1118 Bias - Bearish Target - 1.1087  #EURUSD 💹Time Frame :  5H (forecast)  🍀;1.1087
CADCHF On The Rise! BUY! My dear subscribers, This is my opinion on the CADCHF next move: The instrument tests an important psychological level 0.6217 Bias - Bullish — Target - 0.6242 My Stop Loss - 0.6204  #CADCHF 💹Time Frame : 8H (signal)  🍀;0.6242
EURJPY Expected Growth! BUY! 👩‍💻 My dear friends, EURJPY looks like it will make a good move, and here are the details: The market is trading on 156.39 pivot level. Bias - Bullish —— Goal - 158.45 Recommended Stop Loss - 155.23  #EURJPY 💹Time Frame : 12H (signal)  🍀;158.45
GOLD Technical Analysis! BUY! 👩‍💻 My dear subscribers, This is my opinion on the GOLD next move: The instrument tests an important psychological level 2576.2 Bias - Bullish Target - 2580.5  #GOLD 💹Time Frame :  1H (forecast)  🍀;2580.5
EURAUD Massive Long! BUY! 👩‍💻 My dear friends, EURAUD looks like it will make a good move, and here are the details: The market is trading on 1.6445 pivot level. Bias - Bullish Goal - 1.6507  #EURAUD 💹Time Frame :  5H (forecast)  🍀;1.6507
AUDCHF My Opinion! SELL! 👩‍💻 My dear followers, I analysed this chart on AUDCHF and concluded the following: The market is trading on 0.5723 pivot level. Bias - Bearish — Target - 0.5686 Safe Stop Loss - 0.5747  #AUDCHF 💹Time Frame : 8H (signal)  🍀;0.5686
GBPCHF What Next? SELL! 👩‍💻 My dear subscribers, My technical analysis for GBPCHF is below: The price is coiling around a solid key level - 1.1152 Bias - Bearish — Goal - 1.1115 My Stop Loss - 1.1178  #GBPCHF 💹Time Frame : 12H (signal)  🍀;1.1115
NZDCAD A Fall Expected! SELL! 👩‍💻 My dear subscribers, My technical analysis for NZDCAD is below: The price is coiling around a solid key level - 0.8452 Bias - Bearish Goal - 0.8434  #NZDCAD 💹Time Frame :  1H (forecast)  🍀;0.8434
EURNZD Sellers In Panic! BUY! 👩‍💻 My dear friends, Please, find my technical outlook for EURNZD below: The instrument tests an important psychological level 1.7892 Bias - Bullish Target - 1.7940  #EURNZD 💹Time Frame :  5H (forecast)  🍀;1.7940
EURUSD Technical Analysis! SELL! 👩‍💻 My dear followers, I analysed this chart on EURUSD and concluded the following: The market is trading on 1.1114 pivot level. Bias - Bearish — Target - 1.1076 Safe Stop Loss - 1.1139  #EURUSD 💹Time Frame : 8H (signal)  🍀;1.1076
USDCHF The Target Is UP! BUY! 👩‍💻 My dear subscribers, My technical analysis for USDCHF is below: The price is coiling around a solid key level - 0.8458 Bias - Bullish — Goal - 0.8526 My Stop Loss - 0.8412  #USDCHF 💹Time Frame : 12H (signal)  🍀;0.8526
GBPNZD Will Explode! BUY! 👩‍💻 My dear followers, This is my opinion on the GBPNZD next move: The asset is approaching an important pivot point 2.1172 Bias - Bullish Goal - 2.1229  #GBPNZD 💹Time Frame :  1H (forecast)  🍀;2.1229
USDJPY A Fall Expected! SELL! 👩‍💻 My dear subscribers, USDJPY looks like it will make a good move, and here are the details: The market is trading on 143.14 pivot level. Bias - Bearish Target - 141.56  #USDJPY 💹Time Frame :  5H (forecast)  🍀;141.56
EURGBP Massive Long! BUY! 👩‍💻 My dear friends, My technical analysis for EURGBP is below: The market is trading on 0.8393 pivot level. Bias - Bullish  Target - 0.8415 Recommended Stop Loss - 0.8382  #EURGBP 💹Time Frame : 8H (signal)  🍀;0.8415
GOLD My Opinion! SELL! 👩‍💻 My dear friends, Please, find my technical outlook for GOLD below: The price is coiling around a solid key level - 2583.0 Bias - Bearish —— Goal - 2549.8 Safe Stop Loss - 2601.9  #GOLD 💹Time Frame : 12H (signal)  🍀;2549.8
NZDCAD Sellers In Panic! BUY! 👩‍💻 My dear friends, My technical analysis for NZDCAD is below: The market is trading on 0.8446 pivot level. Bias - Bullish Target - 0.8460  #NZDCAD 💹Time Frame :  1H (forecast)  🍀;0.8460
USDCHF What Next? SELL! 👩‍💻My dear friends, Please, find my technical outlook for USDCHF below: The price is coiling around a solid key level - 0.8505 Bias - Bearish Goal - 0.8469  #USDCHF 💹Time Frame :  5H (forecast)  🍀;0.8469
EURUSD Trading Opportunity! SELL! 👩‍💻My dear subscribers, This is my opinion on the EURUSD next move: The instrument tests an important psychological level 1.1142 Bias - Bearish  Target - 1.1102 My Stop Loss - 1.1168  #EURUSD 💹Time Frame : 8H (signal)  🍀;1.1102
GBPUSD Under Pressure! SELL! 👩‍💻My dear friends, GBPUSD looks like it will make a good move, and here are the details: The market is trading on 1.3273 pivot level. Bias - Bearish  Goal - 1.3177 Recommended Stop Loss - 1.3331  #GBPUSD 💹Time Frame : 12H (signal)  🍀;1.3177
APPLE Massive Short! SELL! 👩‍💻 My dear subscribers, This is my opinion on the APPLE next move: The instrument tests an important psychological level 228.20 Bias - Bearish Target - 224.49  #APPLE 💹Time Frame :  4H (forecast)  🍀;224.49
SPY Buyers In Panic! SELL! 👩‍💻 My dear friends, SPY looks like it will make a good move, and here are the details: The market is trading on 568.10 pivot level. Bias - Bearish Goal - 557.14  #SPY 💹Time Frame :  5H (forecast)  🍀;557.14
QQQ The Target Is DOWN! SELL! 👩‍💻 My dear followers, I analysed this chart on QQQ and concluded the following: The market is trading on 482.42 pivot level. Bias - Bearish —— Target - 465.55 Safe Stop Loss - 492.36  #QQQ 💹Time Frame : 8H (signal)  🍀;465.55
SILVER Will Collapse! SELL! 👩‍💻 My dear subscribers, My technical analysis for SILVER is below: The price is coiling around a solid key level - 31.178 Bias - Bearish  Goal - 30.223 My Stop Loss - 31.736  #SILVER 💹Time Frame : 12H (signal) —— Get Exclusive Intraday VIP Signals 💜 Join Via My VIP Bot -  💙;30.223
TESLA My Opinion! SELL! 👩‍💻 My dear subscribers, My technical analysis for TESLA is below: The price is coiling around a solid key level - 238.28 Bias - Bearish Goal - 227.90 — 💐 #TESLA 💹Time Frame :  5H (forecast)  🍀;227.90
EURUSD What Next? SELL! 👩‍💻 My dear friends, Please, find my technical outlook for EURUSD below: The instrument tests an important psychological level 1.1160 Bias - Bearish  Target - 1.1121 Recommended Stop Loss - 1.1185  #EURUSD 💹Time Frame : 8H (signal)  🍀;1.1121
USDCHF The Target Is UP! BUY! 👩‍💻 My dear friends, Please, find my technical outlook for USDCHF below: The instrument tests an important psychological level 0.8480 Bias - Bullish Target - 0.8493  #USDCHF 💹Time Frame :  1H (forecast)  🍀;0.8493
CHFJPY A Fall Expected! SELL! 👩‍💻 My dear followers, This is my opinion on the CHFJPY next move: The asset is approaching an important pivot point 169.67 Bias - Bearish Goal - 168.40  #CHFJPY 💹Time Frame :  5H (forecast)  🍀;168.40
EURNZD Will Explode! BUY! 👩‍💻 My dear subscribers, EURNZD looks like it will make a good move, and here are the details: The market is trading on 1.7753 pivot level. Bias - Bullish  My Stop Loss - 1.7708 Target - 1.7825  #EURNZD 💹Time Frame : 8H (signal)  🍀;1.7825
SILVER Technical Analysis! SELL! 👩‍💻 My dear friends, My technical analysis for SILVER is below: The market is trading on 30.830 pivot level. Bias - Bearish  Target - 30.032 Recommended Stop Loss - 31.311  #SILVER 💹Time Frame : 12H (signal)  🍀;30.032
EURUSD Under Pressure! SELL! 👩‍💻 My dear subscribers, EURUSD looks like it will make a good move, and here are the details: The market is trading on 1.1133 pivot level. Bias - Bearish Target - 1.1120  #EURUSD 💹Time Frame :  1H (forecast)  🍀;1.1120
AUDNZD Set To Grow! BUY! 👩‍💻 My dear friends, My technical analysis for AUDNZD is below: The market is trading on 1.0870 pivot level. Bias - Bullish Target - 1.0906  #AUDNZD 💹Time Frame :  5H (forecast)  🍀;1.0906
EURCAD My Opinion! BUY! 👩‍💻 My dear friends, Please, find my technical outlook for EURCAD below: The price is coiling around a solid key level - 1.5040 Bias - Bullish —— Goal - 1.5092 Safe Stop Loss - 1.5006  #EURCAD 💹Time Frame : 8H (signal)  🍀;1.5092
USDJPY Massive Short! SELL! 👩‍💻 My dear subscribers, This is my opinion on the USDJPY next move: The instrument tests an important psychological level 143.56 Bias - Bearish  Target - 141.86 My Stop Loss - 144.52  #USDJPY 💹Time Frame : 12H (signal)  🍀;141.86
GOLD Buyers In Panic! SELL! 👩‍💻 My dear friends, Please, find my technical outlook for GOLD below: The price is coiling around a solid key level - 2660.3 Bias - Bearish Goal - 2650.4  #GOLD 💹Time Frame :  1H (forecast)  🍀;2650.4
EURCHF The Target Is DOWN! SELL! 👩‍💻 My dear subscribers, This is my opinion on the EURCHF next move: The instrument tests an important psychological level 0.9484 Bias - Bearish Target - 0.9453  #EURCHF 💹Time Frame :  5H (forecast)  🍀;0.9453
EURJPY Will Collapse! SELL! 👩‍💻 My dear friends, EURJPY looks like it will make a good move, and here are the details: The market is trading on 161.23 pivot level. Bias - Bearish  Goal - 159.59 Recommended Stop Loss - 162.09  #EURJPY 💹Time Frame : 8H (signal)  🍀;159.59
USDCAD On The Rise! BUY! 👩‍💻 My dear followers, I analysed this chart on USDCAD and concluded the following: The market is trading on 1.3462 pivot level. Bias - Bullish  Target - 1.3536 Safe Stop Loss - 1.3420  #USDCAD 💹Time Frame : 12H (signal) —— 💟 Get More Signals 💟 With Higher Accuracy 💛 Join VIP Group Now 💛;1.3536
EURUSD What Next? BUY! 👩‍💻 My dear friends, EURUSD looks like it will make a good move, and here are the details: The market is trading on 1.1153 pivot level. Bias - Bullish Goal - 1.1167  #EURUSD 💹Time Frame :  2H (forecast)  🍀;1.1167
CHFJPY Set To Fall! SELL! 👩‍💻 My dear subscribers, My technical analysis for CHFJPY is below: The price is coiling around a solid key level - 170.13 Bias - Bearish Goal - 169.05  #CHFJPY 💹Time Frame :  5H (forecast)  🍀;169.05
EURCAD Trading Opportunity! BUY! 👩‍💻 My dear subscribers, My technical analysis for EURCAD is below: The price is coiling around a solid key level - 1.5011 Bias - Bullish  Goal - 1.5071 My Stop Loss - 1.4980  #EURCAD 💹Time Frame : 8H (signal)  🍀;1.5071
GBPAUD Expected Growth! BUY! 👩‍💻 My dear friends, Please, find my technical outlook for GBPAUD below: The instrument tests an important psychological level 1.9416 Bias - Bullish  Target - 1.9517 Recommended Stop Loss - 1.9364  #GBPAUD 💹Time Frame : 12H (signal)  🍀;1.9517
GBPUSD My Opinion! SELL! 👩‍💻 My dear friends , Please, find my technical outlook for GBPUSD below: The instrument tests an important psychological level 1.3413 Bias - Bearish Target - 1.3389  #GBPUSD 💹Time Frame :  1H (forecast)  🍀;1.3389
CADCHF Technical Analysis! BUY! 👩‍💻 My dear followers, This is my opinion on the CADCHF next move: The asset is approaching an important pivot point 0.6241 Bias - Bullish Goal - 0.6264  #CADCHF 💹Time Frame :  5H (forecast)  🍀;0.6264
USDCHF Massive Long! BUY! 👩‍💻 My dear followers, This is my opinion on the USDCHF next move: The asset is approaching an important pivot point 0.8418 Bias -Bullish  Safe Stop Loss - 0.8399 Goal -0.8448  #USDCHF 💹Time Frame : 8H (signal)  🍀;0.8448
SILVER What Next? SELL! 👩‍💻 My dear subscribers, SILVER looks like it will make a good move, and here are the details: The market is trading on 32.019 pivot level. Bias - Bearish — My Stop Loss - 32.765 Target -30.844  #SILVER 💹Time Frame : 12H (signal)  🍀;30.844
NZDCHF Massive Long! BUY! 👩‍💻 My dear subscribers, NZDCHF looks like it will make a good move, and here are the details: The market is trading on 0.5321 pivot level. Bias - Bullish Target - 0.5333  #NZDCHF 💹Time Frame :  1H (forecast)  🍀;0.5333
QQQ A Fall Expected! SELL! 👩‍💻 My dear subscribers, This is my opinion on the QQQ next move: The instrument tests an important psychological level 486.76 Bias - Bearish  Target - 468.18 My Stop Loss - 497.10  #QQQ 💹Time Frame : 8H (signal)  🍀;468.18
EURUSD Technical Analysis! SELL! 👩‍💻 My dear friends, Please, find my technical outlook for EURUSD below: The price is coiling around a solid key level - 1.1159 Bias - Bearish  Goal - 1.1115 Safe Stop Loss - 1.1185  #EURUSD 💹Time Frame : 12H (signal)  🍀;1.1115
SILVER Sellers In Panic! BUY! 👩‍💻 My dear subscribers, My technical analysis for SILVER is below: The price is coiling around a solid key level - 31.627 Bias - Bullish Goal - 32.112  #SILVER 💹Time Frame :  3H (forecast)  🍀;32.112
EURJPY The Target Is UP! BUY! 👩‍💻 My dear subscribers, My technical analysis for EURJPY is below: The price is coiling around a solid key level - 158.70 Bias - Bullish Goal - 160.50  #EURJPY 💹Time Frame :  5H (forecast)  🍀;160.50
TESLA Under Pressure! SELL! 👩‍💻 My dear friends, TESLA looks like it will make a good move, and here are the details: The market is trading on 260.65 pivot level. Bias - Bearish —— Goal - 242.66 Recommended Stop Loss - 269.75  #TESLA 💹Time Frame : 8H (signal)  🍀;242.66
EURUSD Set To Grow! BUY! 👩‍💻 My dear friends, EURUSD looks like it will make a good move, and here are the details: The market is trading on 1.1161 pivot level. Bias - Bullish Goal - 1.1179  💐 #EURUSD 💹Time Frame :  4H (forecast)  🍀;1.1179
EURCAD A Fall Expected! SELL! 👩‍💻 My dear followers, I analysed this chart on EURCAD and concluded the following: The market is trading on 1.5064 pivot level. Bias - Bearish Target - 1.5040  #EURCAD 💹Time Frame :  5H (forecast)  🍀;1.5040
GBPAUD My Opinion! BUY! 👩‍💻 My dear subscribers, My technical analysis for GBPAUD is below: The price is coiling around a solid key level - 1.9318 Bias - Bullish —— Goal - 1.9420 My Stop Loss - 1.9263  #GBPAUD 💹Time Frame : 8H (signal)  🍀;1.9420
GOLD Buyers In Panic! SELL! 👩‍💻 My dear friends, Please, find my technical outlook for GOLD below: The price is coiling around a solid key level - 2662.8 Bias - Bearish Goal - 2653.5  #GOLD 💹Time Frame :  1H (forecast)  🍀;2653.5
AUDNZD The Target Is DOWN! SELL! 👩‍💻 My dear subscribers, This is my opinion on the AUDNZD next move: The instrument tests an important psychological level 1.0936 Bias - Bearish Target - 1.0915  #AUDNZD 💹Time Frame :  5H (forecast)  🍀;1.0915
EURCHF What Next? BUY! 👩‍💻 My dear followers, This is my opinion on the EURCHF next move: The asset is approaching an important pivot point 0.9358 Bias - Bullish  Safe Stop Loss - 0.9330 Goal - 0.9401  #EURCHF 💹Time Frame : 8H (signal)  🍀;0.9401
AUDUSD Will Collapse! SELL! 👩‍💻 My dear subscribers, AUDUSD looks like it will make a good move, and here are the details: The market is trading on 0.6886 pivot level. Bias - Bearish  My Stop Loss - 0.6919 Target - 0.6832  #AUDUSD 💹Time Frame : 12H (signal) —— Join My Premium Channel NOW 💜 🐈 My VIP Bot -  😇 Contact - AnabelContact;0.6832
GBPJPY Set To Fall! SELL! 👩‍💻 My dear subscribers, My technical analysis for GBPJPY is below: The price is coiling around a solid key level - 193.29 Bias - Bearish Goal - 192.20  #GBPJPY 💹Time Frame :  1H (forecast)  🍀;192.20
EURUSD Expected Growth! BUY! 👩‍💻 My dear friends, Please, find my technical outlook for EURUSD below: The instrument tests an important psychological level 1.1046 Bias -Bullish Target - 1.1089  #EURUSD 💹Time Frame :  5H (forecast)  🍀;1.1089
CHFJPY My Opinion! SELL! 👩‍💻 My dear friends, My technical analysis for CHFJPY is below: The market is trading on 171.73 pivot level. Bias - Bearish — Target - 170.25 Recommended Stop Loss - 172.54  #CHFJPY 💹Time Frame : 8H (signal)  🍀;170.25
USDJPY What Next? SELL! 👩‍💻 My dear friends, Please, find my technical outlook for USDJPY below: The price is coiling around a solid key level - 146.04 Bias - Bearish — Goal - 144.28 Safe Stop Loss - 146.97  #USDJPY 💹Time Frame : 12H (signal)  🍀;144.28
GOLD Technical Analysis! BUY! 👩‍💻 My dear followers, This is my opinion on the GOLD next move: The asset is approaching an important pivot point 2646.3 Bias - Bullish Goal - 2654.0  #GOLD 💹Time Frame :  1H (forecast)  🍀;2654.0
EURJPY Trading Opportunity! SELL! 👩‍💻 My dear subscribers, EURJPY looks like it will make a good move, and here are the details: The market is trading on 162.06 pivot level. Bias - Bearish Target - 160.79  #EURJPY 💹Time Frame :  5H (forecast)  🍀;160.79
GBPCHF Massive Long! BUY! 👩‍💻 My dear subscribers, This is my opinion on the GBPCHF next move: The instrument tests an important psychological level 1.1159 Bias - Bullish — Target - 1.1237 My Stop Loss - 1.1116  #GBPCHF 💹Time Frame : 8H (signal)  🍀;1.1237
GBPUSD Sellers In Panic! BUY! 👩‍💻 My dear friends, GBPUSD looks like it will make a good move, and here are the details: The market is trading on 1.3115 pivot level. Bias - Bullish  Goal - 1.3215 Recommended Stop Loss - 1.3057  #GBPUSD 💹Time Frame : 12H (signal)  🍀;1.3215
GBPAUD A Fall Expected! SELL! 👩‍💻 My dear friends, My technical analysis for GBPAUD is below: The market is trading on 1.9241 pivot level. Bias - Bearish Target - 1.9192 -— 💐 #GBPAUD 💹Time Frame :  1H (forecast)  🍀;1.9192
EURUSD The Target Is UP! BUY! 👩‍💻 My dear friends, Please, find my technical outlook for EURUSD below: The price is coiling around a solid key level - 1.1028 Bias - Bullish Goal - 1.1076 -— 💐 #EURUSD 💹Time Frame :  5H (forecast)  🍀;1.1076
NZDCHF Will Explode! BUY! 👩‍💻 My dear followers, I analysed this chart on NZDCHF and concluded the following: The market is trading on 0.5280 pivot level. Bias - Bullish  Target - 0.5323 Safe Stop Loss - 0.5254  #NZDCHF 💹Time Frame : 8H (signal)  🍀;0.5323
NZDUSD Set To Grow! BUY! 👩‍💻 My dear subscribers, My technical analysis for NZDUSD is below: The price is coiling around a solid key level - 0.6201 Bias - Bullish —— Goal - 0.6259 My Stop Loss - 0.6167  #NZDUSD 💹Time Frame : 12H (signal)  🍀;0.6259
SPY Will Collapse! SELL! 👩‍💻 My dear subscribers, My technical analysis for SPY is below: The price is coiling around a solid key level - 572.97 Bias - Bearish Goal - 570.79  #EURJPY 💹Time Frame :  1H (forecast)  🍀;570.79
SILVER Set To Fall! SELL! 👩‍💻 My dear friends, Please, find my technical outlook for SILVER below: The instrument tests an important psychological level 32.202 Bias - Bearish Target - 31.709  #SILVER 💹Time Frame : 5H (forecast)  🍀;31.709
AUDUSD What Next? BUY! 👩‍💻 My dear friends, My technical analysis for AUDUSD is below: The market is trading on 0.6791 pivot level. Bias - Bullish —— Target - 0.6854 Recommended Stop Loss - 0.6753  #AUDUSD 💹Time Frame : 8H (signal)  🍀;0.6854
GBPCAD On The Rise! BUY! 👩‍💻 My dear subscribers, This is my opinion on the GBPCAD next move: The instrument tests an important psychological level 1.7799 Bias - Bullish — Target - 1.7899 My Stop Loss - 1.7745  #GBPCAD 💹Time Frame : 8H (signal)  🍀;1.7899
EURUSD Expected Growth! BUY! 👩‍💻 My dear friends, EURUSD looks like it will make a good move, and here are the details: The market is trading on 1.0971 pivot level. Bias - Bullish  Goal - 1.1027 Recommended Stop Loss - 1.0935  #EURUSD 💹Time Frame : 12H (signal)  🍀;1.1027
GOLD Technical Analysis! BUY! 👩‍💻 My dear friends, My technical analysis for GOLD is below: The market is trading on 2645.3 pivot level. Bias - Bullish Target - 2650.9  #GOLD 💹Time Frame :  1H (forecast)  🍀;2650.9
USDCHF A Fall Expected! SELL! 👩‍💻 My dear friends, Please, find my technical outlook for USDCHF below: The price is coiling around a solid key level - 0.8548 Bias - Bearish Goal - 0.8510  #USDCHF 💹Time Frame :  5H (forecast)  🍀;0.8510
AUDCAD Massive Long! BUY! 👩‍💻 My dear followers, I analysed this chart on AUDCAD and concluded the following: The market is trading on 0.9203 pivot level. Bias - Bullish  Target - 0.9280 Safe Stop Loss - 0.9160  #AUDCAD 💹Time Frame : 8H (signal)  🍀;0.9280
GBPCHF Sellers In Panic! BUY! 👩‍💻 My dear subscribers, My technical analysis for GBPCHF is below: The price is coiling around a solid key level - 1.1189 Bias - Bullish  Goal - 1.1253 My Stop Loss - 1.1145  #GBPCHF 💹Time Frame : 12H (signal)  🍀;1.1253
EURUSD Technical Analysis! SELL! 👩‍💻 My dear subscribers, This is my opinion on the EURUSD next move: The instrument tests an important psychological level 1.0990 Bias - Bearish Target - 1.0979  #EURUSD 💹Time Frame :  1H (forecast)  🍀;1.0979
GBPNZD Under Pressure! SELL! 👩‍💻 My dear friends, GBPNZD looks like it will make a good move, and here are the details: The market is trading on 2.1411 pivot level. Bias - Bearish Goal - 2.1301  #GBPNZD 💹Time Frame :  5H (forecast)  🍀;2.1301
GBPUSD Set To Grow! BUY! 👩‍💻 My dear friends, Please, find my technical outlook for GBPUSD below: The instrument tests an important psychological level 1.3091 Bias - Bullish  Target - 1.3189 Recommended Stop Loss - 1.3036  #GBPUSD 💹Time Frame : 8H (signal)  🍀;1.3189
EURGBP Massive Short! SELL! 👩‍💻 My dear followers, This is my opinion on the EURGBP next move: The asset is approaching an important pivot point 0.8387 Bias - Bearish —— Safe Stop Loss - 0.8403 Goal - 0.8360  #EURGBP 💹Time Frame : 12H (signal)  🍀;0.8360
CADJPY Buyers In Panic! SELL! 👩‍💻 My dear followers, I analysed this chart on CADJPY and concluded the following: The market is trading on 109.01 pivot level. Bias - Bearish Target - 108.68  #CADJPY 💹Time Frame :  1H (forecast)  🍀;108.68
GOLD My Opinion! BUY! 👩‍💻 My dear subscribers, My technical analysis for GOLD is below: The price is coiling around a solid key level - 2613.3 Bias - Bullish Goal - 2634.6  #GOLD 💹Time Frame :  5H (forecast)  🍀;2634.6
GBPAUD The Target Is DOWN! SELL! 👩‍💻 My dear friends, Please, find my technical outlook for GBPAUD below: The instrument tests an important psychological level 1.9448 Bias - Bearish — Target - 1.9353 Recommended Stop Loss - 1.9507  #GBPAUD 💹Time Frame : 8H (signal)  🍀;1.9353
AUDUSD What Next? BUY! 👩‍💻 My dear followers, This is my opinion on the AUDUSD next move: The asset is approaching an important pivot point 0.6720 Bias - Bullish — Safe Stop Loss - 0.6683 Goal - 0.6782  #AUDUSD 💹Time Frame :12H (signal)  🍀;0.6782
GBPCHF Trading Opportunity! BUY! 👩‍💻 My dear friends, Please, find my technical outlook for GBPCHF below: The instrument tests an important psychological level 1.1214 Bias - Bullish Target - 1.1232  #GBPCHF 💹Time Frame :  1H (forecast)  🍀;1.1232
CADCHF On The Rise! BUY! 👩‍💻 My dear followers, This is my opinion on the CADCHF next move: The asset is approaching an important pivot point 0.6239 Bias - Bullish Goal - 0.6267  #CADCHF 💹Time Frame :  5H (forecast)  🍀;0.6267
EURAUD Will Collapse! SELL! 👩‍💻 My dear friends, My technical analysis for EURAUD is below: The market is trading on 1.6267 pivot level. Bias - Bearish —— Target - 1.6140 Recommended Stop Loss - 1.6325  #EURAUD 💹Time Frame : 8H (signal)  🍀;1.6140
EURUSD Expected Growth! BUY! 👩‍💻 My dear friends, Please, find my technical outlook for EURUSD below: The price is coiling around a solid key level - 1.0939 Bias - Bullish  Goal - 1.1014 Safe Stop Loss - 1.0902  #EURUSD 💹Time Frame :  12H (signal) —— Get Exclusive Intraday VIP Signals 💜 Join Via My VIP Bot -  💙;1.1014
GOLD Set To Fall! SELL! 👩‍💻 My dear subscribers, GOLD looks like it will make a good move, and here are the details: The market is trading on 2640.1 pivot level. Bias - Bearish Target - 2628.5  #GOLD 💹Time Frame :  1H (forecast)  🍀;2628.5
AUDCAD My Opinion! SELL! 👩‍💻 My dear friends, My technical analysis for AUDCAD is below: The market is trading on 0.9270 pivot level. Bias - Bearish Target - 0.9222  #AUDCAD 💹Time Frame :  5H (forecast)  🍀;0.9222
GBPCAD What Next? SELL! 👩‍💻 My dear subscribers, This is my opinion on the GBPCAD next move: The instrument tests an important psychological level 1.7981 Bias - Bearish — Target - 1.7908 My Stop Loss - 1.8029  #GBPCAD 💹Time Frame : 8H (signal)  🍀;1.7908
USDCHF Trading Opportunity! SELL! 👩‍💻 My dear friends, USDCHF looks like it will make a good move, and here are the details: The market is trading on 0.8576 pivot level. Bias - Bearish  Goal - 0.8530 Recommended Stop Loss - 0.8601  #USDCHF 💹Time Frame : 12H (signal)  🍀;0.8530
SPY A Fall Expected! SELL! 👩‍💻 My dear friends, Please, find my technical outlook for SPY below: The price is coiling around a solid key level - 579.57 Bias - Bearish Goal - 573.88  #EURJPY 💹Time Frame :  3H (forecast)  🍀;573.88
EURUSD Massive Long! BUY! 👩‍💻 My dear subscribers, My technical analysis for EURUSD is below: The price is coiling around a solid key level - 1.0935 Bias - Bullish — Goal - 1.1007 My Stop Loss - 1.0895  #EURUSD 💹Time Frame : 12H (signal) —— Get Exclusive VIP Signals 💗 With Entry, Stop, Target 💗 Join Via My VIP Bot -  💙 Contact - AnabelContact;1.1007
GOLD Under Pressure! SELL! 👩‍💻 My dear subscribers, This is my opinion on the GOLD next move: The instrument tests an important psychological level 2657.1 Bias - Bearish Target - 2641.6  #GOLD 💹Time Frame :  3H (forecast)  🍀;2641.6
TESLA The Target Is UP! BUY! 👩‍💻 My dear friends, TESLA looks like it will make a good move, and here are the details: The market is trading on 217.76 pivot level. Bias - Bullish Goal - 234.79  #TESLA 💹Time Frame :  5H (forecast)  🍀;234.79
CADCHF Will Explode! BUY! 👩‍💻 My dear friends, Please, find my technical outlook for CADCHF below: The instrument tests an important psychological level 0.6220 Bias - Bullish — Target - 0.6253 Recommended Stop Loss - 0.6204  #CADCHF 💹Time Frame : 8H (signal)  🍀;0.6253
EURUSD Set To Grow! BUY! 👩‍💻 My dear followers, I analysed this chart on EURUSD and concluded the following: The market is trading on 1.0913 pivot level. Bias - Bullish Target - 1.0926  #EURUSD 💹Time Frame :  1H (forecast)  🍀;1.0926
GBPCHF What Next? SELL! 👩‍💻 My dear subscribers, My technical analysis for GBPCHF is below: The price is coiling around a solid key level - 1.1270 Bias - Bearish Goal - 1.1215  #GBPCHF 💹Time Frame :  5H (forecast)  🍀;1.1215
EURCAD Trading Opportunity! SELL! 👩‍💻 My dear friends, My technical analysis for EURCAD is below: The market is trading on 1.5044 pivot level. Bias - Bearish — Target - 1.4975 Recommended Stop Loss - 1.5078  #EURCAD 💹Time Frame : 8H (signal)  🍀;1.4975
AUDUSD My Opinion! BUY! 👩‍💻 My dear friends, Please, find my technical outlook for AUDUSD below: The price is coiling around a solid key level - 0.6723 Bias - Bullish  Goal - 0.6787 Safe Stop Loss - 0.6684  #EURCAD 💹Time Frame : 8H (signal)  🍀;0.6787
USDJPY What Next? BUY! 👩‍💻 My dear friends, Please, find my technical outlook for USDJPY below: The instrument tests an important psychological level 149.19 Bias - Bullish Target - 149.54  #USDJPY 💹Time Frame :  1H (forecast)  🍀;149.54
GOLD Buyers In Panic! SELL! 👩‍💻 My dear followers, This is my opinion on the GOLD next move: The asset is approaching an important pivot point 2658.02 Bias - Bearish Goal - 2640.3  #GOLD 💹Time Frame :  5H (forecast)  🍀;2640.3
CADCHF Trading Opportunity! BUY! 👩‍💻 My dear subscribers, This is my opinion on the CADCHF next move: The instrument tests an important psychological level 0.6242 —— Target - 0.6268 My Stop Loss - 0.6229  #CADCHF 💹Time Frame : 8H (signal)  🍀;0.6268
GBPCAD The Target Is DOWN! SELL! 👩‍💻 My dear friends, GBPCAD looks like it will make a good move, and here are the details: The market is trading on 1.8067 pivot level. Bias - Bearish  Goal - 1.7965 Recommended Stop Loss - 1.8120  #GBPCAD 💹Time Frame : 12H (signal);1.7965
GBPUSD On The Rise! BUY! 👩‍💻 My dear subscribers, GBPUSD looks like it will make a good move, and here are the details: The market is trading on 1.3015 pivot level. Bias - Bullish Target - 1.3052  #GBPUSD 💹Time Frame :  2H (forecast)  🍀;1.3052
AUDCAD Expected Growth! BUY! 👩‍💻 My dear friends, My technical analysis for AUDCAD is below: The market is trading on 0.9187 pivot level. Bias - Bullish Target - 0.9226  #AUDCAD 💹Time Frame :  5H (forecast)  🍀;0.9226
AUDNZD Technical Analysis! BUY! 👩‍💻 My dear followers, I analysed this chart on AUDNZD and concluded the following: The market is trading on 1.0998 pivot level. Bias - Bullish — Target - 1.1042 Safe Stop Loss - 1.0973  #AUDNZD 💹Time Frame : 8H (signal)  🍀;1.1042
EURUSD Massive Long! BUY! 👩‍💻 My dear subscribers, My technical analysis for EURUSD is below: The price is coiling around a solid key level - 1.0875 Bias - Bullish — Goal - 1.0970 My Stop Loss - 1.0819  #EURUSD 💹Time Frame : 12H (signal)  🍀;1.0970
AUDJPY Will Collapse! SELL! 👩‍💻 My dear friends, Please, find my technical outlook for AUDJPY below: The price is coiling around a solid key level - 100.21 Bias - Bearish Goal - 99.945  #AUDJPY 💹Time Frame :  2H (forecast)  🍀;99.945
EURJPY Sellers In Panic! BUY! 👩‍💻 My dear subscribers, This is my opinion on the EURJPY next move: The instrument tests an important psychological level 162.28 Bias - Bullish Target - 162.72  #EURJPY 💹Time Frame :  5H (forecast)  🍀;162.72
GOLD Set To Fall! SELL! 👩‍💻 My dear friends, Please, find my technical outlook for GOLD below: The instrument tests an important psychological level 2694.2 Bias - Bearish — Target - 2667.7 Recommended Stop Loss - 2707.7  #GOLD 💹Time Frame : 8H (signal)  🍀;2667.7
AUDUSD The Target Is UP! BUY! 👩‍💻 My dear followers, This is my opinion on the AUDUSD next move: The asset is approaching an important pivot point 0.6694 Bias - Bullish  Safe Stop Loss - 0.6659 Goal -0.6754  #AUDUSD 💹Time Frame : 12H (signal)  🍀;0.6754
GBPUSD My Opinion! SELL! 👩‍💻 My dear friends, GBPUSD looks like it will make a good move, and here are the details: The market is trading on 1.3047 pivot level. Bias - Bearish Goal - 1.3023 —— 💐 #GBPUSD 💹Time Frame :  1H (forecast)  🍀;1.3023
EURAUD Will Explode! BUY! 👩‍💻 My dear followers, I analysed this chart on EURAUD and concluded the following: The market is trading on 1.6192 pivot level. Bias - Bullish Target - 1.6240 —— 💐 #EURAUD 💹Time Frame :  5H (forecast)  🍀;1.6240
EURGBP Set To Grow! BUY! 👩‍💻 My dear subscribers, EURGBP looks like it will make a good move, and here are the details: The market is trading on 0.8326 pivot level. Bias - Bullish —— My Stop Loss - 0.8312 Target - 0.8349  #EURGBP 💹Time Frame : 8H (signal)  🍀;0.8349
EURUSD My Opinion! BUY! 👩‍💻 My dear friends, My technical analysis for EURUSD is below: The market is trading on 1.0859 pivot level. Bias - Bullish — Target - 1.0940 Recommended Stop Loss - 1.0814  #EURUSD 💹Time Frame : 12H (signal) —— 💟 Get More Signals 💟 With Higher Accuracy 💛 Join VIP Group Now 💛;1.0940
QQQ What Next? SELL! 👩‍💻 My dear subscribers, My technical analysis for QQQ is below: The price is coiling around a solid key level - 494.52 Bias - Bearish Goal - 492.20  #QQQ 💹Time Frame :  1H (forecast)  🍀;492.20
TESLA Sellers In Panic! BUY! 👩‍💻 My dear friends, Please, find my technical outlook for TESLA below: The instrument tests an important psychological level 220.72 Bias - Bullish Target - 232.78  #TESLA 💹Time Frame :  5H (forecast)  🍀;232.78
GOLD Trading Opportunity! SELL! 👩‍💻 My dear friends, Please, find my technical outlook for GOLD below: The price is coiling around a solid key level - 2721.9 Bias - Bearish — Goal - 2691.3 Safe Stop Loss - 2737.2  #GOLD 💹Time Frame : 8H (signal)  🍀;2691.3
EURUSD A Fall Expected! SELL! 👩‍💻 My dear followers, This is my opinion on the EURUSD next move: The asset is approaching an important pivot point 1.0865 Bias - Bearish Goal - 1.0846  #EURUSD 💹Time Frame :  1H (forecast)  🍀;1.0846
SPY Technical Analysis! SELL! 👩‍💻 My dear subscribers, SPY looks like it will make a good move, and here are the details: The market is trading on 584.57 pivot level. Bias - Bearish Target - 577.22  #SPY 💹Time Frame :  5H (forecast)  🍀;577.22
APPLE Under Pressure! SELL! 👩‍💻 My dear friends, APPLE looks like it will make a good move, and here are the details: The market is trading on 234.99 pivot level. Bias - Bearish —— Goal - 229.05 Recommended Stop Loss - 238.19  #APPLE 💹Time Frame : 8H (signal)  🍀;229.05
GBPUSD Trading Opportunity! BUY! 👩‍💻 My dear friends, My technical analysis for GBPUSD is below: The market is trading on 1.3000 pivot level. Bias - Bullish Target - 1.3029  #GBPUSD 💹Time Frame : 1H (forecast)  🍀;1.3029
EURCHF On The Rise! BUY! 👩‍💻 My dear friends, Please, find my technical outlook for EURCHF below: The price is coiling around a solid key level - 0.9373 Bias - Bullish Goal - 0.9390  #EURCHF 💹Time Frame : 5H (forecast)  🍀;0.9390
GOLD Massive Short! SELL! 👩‍💻 My dear followers, This is my opinion on the GOLD next move: The asset is approaching an important pivot point 2720.0 Bias - Bearish — Safe Stop Loss - 2738.8 Goal - 2688.3  #GOLD 💹Time Frame : 8H (signal)  🍀;2688.3
EURGBP Expected Growth! BUY! 👩‍💻 My dear subscribers, EURGBP looks like it will make a good move, and here are the details: The market is trading on 0.8334 pivot level. Bias - Bullish — My Stop Loss - 0.8324 Target - 0.8355  #EURGBP 💹Time Frame : 12H (signal)  🍀;0.8355
EURNZD Technical Analysis! BUY! 👩‍💻 My dear subscribers, This is my opinion on the EURNZD next move: The instrument tests an important psychological level 1.7867 Bias - Bullish Target - 1.7897  #EURNZD 💹Time Frame :  1H (forecast)  🍀;1.7897
EURAUD Massive Long! BUY! 👩‍💻 My dear friends, EURAUD looks like it will make a good move, and here are the details: The market is trading on 1.6171 pivot level. Bias - Bullish Goal - 1.6216  #EURAUD 💹Time Frame :  5H (forecast)  🍀;1.6216
GBPAUD Sellers In Panic! BUY! 👩‍💻 My dear friends, Please, find my technical outlook for GBPAUD below: The instrument tests an important psychological level 1.9419 Bias - Bullish — Target - 1.9485 Recommended Stop Loss - 1.9373  #GBPAUD 💹Time Frame : 8H (signal)  🍀;1.9485
EURUSD The Target Is UP! BUY! 👩‍💻 My dear followers, This is my opinion on the EURUSD next move: The asset is approaching an important pivot point 1.0807 Bias - Bullish  Safe Stop Loss - 1.0748 Goal - 1.0902  #EURUSD 💹Time Frame : 12H (signal)  🍀;1.0902
GOLD Will Explode! BUY! 👩‍💻 My dear followers, I analysed this chart on GOLD and concluded the following: The market is trading on 2735.3 pivot level. Bias - Bullish Target - 2746.5  #GOLD 💹Time Frame :  1H (forecast)  🍀;2746.5
AUDCHF Set To Grow! BUY! 👩‍💻 My dear subscribers, My technical analysis for AUDCHF is below: The price is coiling around a solid key level - 0.5752 Bias - Bullish Goal - 0.5778  #AUDCHF 💹Time Frame :  1H (forecast)  🍀;0.5778
NZDJPY  Buyers In Panic! SELL! 👩‍💻 My dear subscribers, NZDJPY looks like it will make a good move, and here are the details: The market is trading on 91.879 pivot level. Bias -Bearish — My Stop Loss - 92.317 Target - 91.246  #NZDJPY 💹Time Frame : 8H (signal)  🍀;91.246
AUDUSD What Next? BUY! 👩‍💻 My dear friends, My technical analysis for AUDUSD is below: The market is trading on 0.6636 pivot level. Bias - Bullish  Target - 0.6707 Recommended Stop Loss - 0.6598  #AUDUSD 💹Time Frame : 12H (signal)  🍀;0.6707
EURUSD The Target Is DOWN! SELL! 👩‍💻 My dear friends, Please, find my technical outlook for EURUSD below: The instrument tests an important psychological level 1.0800 Bias - Bearish Target - 1.0783  #EURUSD 💹Time Frame : 1H (forecast)  🍀;1.0783
GBPJPY Will Collapse! SELL! 👩‍💻 My dear followers, This is my opinion on the GBPJPY next move: The asset is approaching an important pivot point 196.90 Bias - Bearish Goal - 195.84  #GBPJPY 💹Time Frame : 5H (forecast)  🍀;195.84
CADJPY Set To Fall! SELL! 👩‍💻 My dear friends, Please, find my technical outlook for CADJPY below: The price is coiling around a solid key level - 109.92 Bias - Bearish — Goal - 109.24 Safe Stop Loss - 110.30  #CADJPY 💹Time Frame : 8H (signal)  🍀;109.24
AUDJPY My Opinion! SELL! 👩‍💻 My dear subscribers, This is my opinion on the AUDJPY next move: The instrument tests an important psychological level 101.08 Bias - Bearish — Target - 100.37 My Stop Loss - 101.48  #AUDJPY 💹Time Frame : 12H (signal)  🍀;100.37
GOLD What Next? SELL! 👩‍💻 My dear subscribers, GOLD looks like it will make a good move, and here are the details: The market is trading on 2740.0 pivot level. Bias - Bearish Target - 2729.5  #GOLD 💹Time Frame :  2H (forecast)  🍀;2729.5
NZDCHF Set To Grow! BUY! 👩‍💻 My dear friends, My technical analysis for NZDCHF is below: The market is trading on 0.5199 pivot level. Bias - Bullish Target - 0.5217  #NZDCHF 💹Time Frame :  5H (forecast)  🍀;0.5217
EURCAD Trading Opportunity! SELL! 👩‍💻 My dear friends, EURCAD looks like it will make a good move, and here are the details: The market is trading on 1.5018 pivot level. Bias - Bearish — Goal - 1.4970 Recommended Stop Loss - 1.5052  #EURCAD 💹Time Frame : 8H (signal)  🍀;1.4970
GBPNZD A Fall Expected! SELL! 👩‍💻 My dear followers, I analysed this chart on GBPNZD and concluded the following: The market is trading on 2.1630 pivot level. Bias - Bearish  Target - 2.1480 Safe Stop Loss - 2.1717  #GBPNZD 💹Time Frame : 12H (signal) —— Join My Premium Channel NOW 💜 🐈 My VIP Bot -  😇 Contact - AnabelContact;2.1480
EURUSD The Target Is UP! BUY! 👩‍💻 My dear friends, Please, find my technical outlook for EURUSD below: The price is coiling around a solid key level - 1.0793 Bias - Bullish Goal - 1.0817  #EURUSD 💹Time Frame :  1H (forecast)  🍀;1.0817
USDCAD Technical Analysis! SELL! 👩‍💻 My dear subscribers, This is my opinion on the USDCAD next move: The instrument tests an important psychological level 1.3887 Bias - Bearish Target - 1.3843  #USDCAD 💹Time Frame :  5H (forecast)  🍀;1.3843
EURAUD Under Pressure! SELL! 👩‍💻 My dear friends, My technical analysis for EURAUD is below: The market is trading on 1.6339 pivot level. Bias - Bearish  Target - 1.6255 Recommended Stop Loss - 1.6386  #EURAUD 💹Time Frame : 8H (signal)  🍀;1.6255
TESLA Massive Short! SELL! 👩‍💻 My dear friends, Please, find my technical outlook for TESLA below: The price is coiling around a solid key level - 269.19 Bias - Bearish — Goal - 247.02 Safe Stop Loss - 281.66  #TESLA 💹Time Frame : 12H (signal)  🍀;247.02
GOLD Will Collapse! SELL! 👩‍💻 My dear subscribers, This is my opinion on the GOLD next move: The instrument tests an important psychological level 2747.2 Bias - Bearish — Target - 2714.3 My Stop Loss - 2764.9  #GOLD 💹Time Frame : 8H (signal)  🍀;2714.3
EURNZD Set To Fall! SELL! 👩‍💻 My dear friends, EURNZD looks like it will make a good move, and here are the details: The market is trading on 1.8055 pivot level. Bias - Bearish — Goal - 1.7932 Recommended Stop Loss - 1.8125  #EURNZD 💹Time Frame : 12H (signal)  🍀;1.7932
GOLD My Opinion! SELL! 👩‍💻 My dear subscribers, My technical analysis for GOLD is below: The price is coiling around a solid key level - 2745.4 Bias - Bearish Goal - 2736.2  #GOLD 💹Time Frame :  1H (forecast)  🍀;2736.2
AUDNZD What Next? BUY! 👩‍💻 My dear friends, Please, find my technical outlook for AUDNZD below: The instrument tests an important psychological level 1.1017 Bias - Bullish Target - 1.1035  #AUDNZD 💹Time Frame :  5H (forecast)  🍀;1.1035
NZDJPY What Next? SELL! 👩‍💻 My dear followers, I analysed this chart on NZDJPY and concluded the following: The market is trading on 91.609 pivot level. Bias - Bearish — Target - 91.230 Safe Stop Loss - 91.834  #NZDJPY 💹Time Frame : 8H (signal)  🍀;91.230
GBPAUD Trading Opportunity! SELL! 👩‍💻 My dear subscribers, My technical analysis for GBPAUD is below: The price is coiling around a solid key level - 1.9684 Bias - Bearish —— Goal - 1.9541 My Stop Loss - 1.9755  #GBPAUD 💹Time Frame : 12H (signal)  🍀;1.9541
EURUSD Trading Opportunity! BUY! 👩‍💻 My dear followers, This is my opinion on the EURUSD next move: The asset is approaching an important pivot point 1.0777 Bias -Bullish Goal - 1.0797  #EURUSD 💹Time Frame :  1H (forecast)  🍀;1.0797
USDCHF Under Pressure! SELL! 👩‍💻 My dear subscribers, USDCHF looks like it will make a good move, and here are the details: The market is trading on 0.8694 pivot level. Bias - Bearish Target - 0.8668  #USDCHF 💹Time Frame :  5H (forecast)  🍀;0.8668
GBPCAD Massive Short! SELL! 👩‍💻 My dear followers, This is my opinion on the GBPCAD next move: The asset is approaching an important pivot point 1.8040 Bias - Bearish — Safe Stop Loss - 1.8084 Goal - 1.7967  #GBPCAD 💹Time Frame : 8H (signal)  🍀;1.7967
AUDCAD On The Rise! BUY! 👩‍💻 My dear subscribers, AUDCAD looks like it will make a good move, and here are the details: The market is trading on 0.9117 pivot level. Bias - Bullish — My Stop Loss - 0.9084 Target - 0.9177  #AUDCAD 💹Time Frame : 12H (signal)  🍀;0.9177
USDCHF Expected Growth! BUY! 👩‍💻 My dear friends, My technical analysis for USDCHF is below: The market is trading on 0.8662 pivot level. Bias - Bullish Target - 0.8673  #USDCHF 💹Time Frame :  1H (forecast)  🍀;0.8673
GOLD Buyers In Panic! SELL! 👩‍💻 My dear friends, Please, find my technical outlook for GOLD below: The price is coiling around a solid key level - 2777.4 Bias - Bearish Goal - 2753.4  #GOLD 💹Time Frame :  5H (forecast)  🍀;2753.4
EURGBP The Target Is DOWN! SELL! 👩‍💻 My dear friends, EURGBP looks like it will make a good move, and here are the details: The market is trading on 0.8342 pivot level. Bias - Bearish — Goal - 0.8320 Recommended Stop Loss - 0.8354  #EURGBP 💹Time Frame : 8H (signal)  🍀;0.8320
EURCAD Will Collapse! SELL! 👩‍💻 My dear followers, I analysed this chart on EURCAD and concluded the following: The market is trading on 1.5102 pivot level. Bias - Bearish — Target - 1.5053 Safe Stop Loss - 1.5130  #EURCAD 💹Time Frame : 12H (signal) —— Get Exclusive Intraday VIP Signals 💜 Join Via My VIP Bot -  💙;1.5053
USDCAD Technical Analysis! BUY! 👩‍💻 My dear subscribers, This is my opinion on the USDCAD next move: The instrument tests an important psychological level 1.3905 Bias - Bullish Target - 1.3914  #USDCAD 💹Time Frame :  1H (forecast)  🍀;1.3914
EURUSD Set To Fall! SELL! 👩‍💻 My dear friends, EURUSD looks like it will make a good move, and here are the details: The market is trading on 1.0861 pivot level. Bias - Bearish Goal - 1.0824  #EURUSD 💹Time Frame :  5H (forecast)  🍀;1.0824
AUDJPY Massive Long! BUY! 👩‍💻 My dear friends, AUDJPY looks like it will make a good move, and here are the details: The market is trading on 99.857 pivot level. Bias - Bullish — Goal - 100.37 Recommended Stop Loss - 99.563  #AUDJPY 💹Time Frame : 8H (signal)  🍀;100.37
EURCHF My Opinion! SELL! 👩‍💻 My dear followers, I analysed this chart on EURCHF and concluded the following: The market is trading on 0.9393 pivot level. Bias - Bearish  Target - 0.9361 Safe Stop Loss - 0.9412  #EURCHF 💹Time Frame : 12H (signal)  🍀;0.9361
SILVER Sellers In Panic! BUY! 👩‍💻 My dear followers, I analysed this chart on SILVER and concluded the following: The market is trading on 32.966 pivot level. Bias - Bullish Target - 33.538  #SILVER 💹Time Frame :  3H (forecast)  🍀;33.538
CADJPY The Target Is UP! BUY! 👩‍💻 My dear subscribers, My technical analysis for CADJPY is below: The price is coiling around a solid key level - 109.29 Bias - Bullish Goal - 109.91  #CADJPY 💹Time Frame :  5H (forecast)  🍀;109.91
NZDJPY Will Explode! BUY! 👩‍💻 My dear friends, Please, find my technical outlook for NZDJPY below: The instrument tests an important psychological level 91.135 Bias - Bullish  Target - 91.469 Recommended Stop Loss - 90.960  #NZDJPY 💹Time Frame : 8H (signal)  🍀;91.469
EURCAD What Next? SELL! 👩‍💻 My dear subscribers, EURCAD looks like it will make a good move, and here are the details: The market is trading on 1.5128 pivot level. Bias - Bearish  My Stop Loss - 1.5169 Target - 1.5066  #EURCAD 💹Time Frame : 12H (signal)  🍀;1.5066
EURUSD My Opinion! BUY! 👩‍💻 My dear friends, Please, find my technical outlook for EURUSD below: The price is coiling around a solid key level - 1.0831 Bias - Bullish Goal - 1.0853  #EURUSD 💹Time Frame :  1H (forecast)  🍀;1.0853
SPY What Next? BUY! 👩‍💻 My dear subscribers, This is my opinion on the SPY next move: The instrument tests an important psychological level 571.04 Bias - Bullish Target - 577.68  #SPY 💹Time Frame :  5H (forecast)  🍀;577.68
GBPUSD On The Rise! BUY! 👩‍💻 My dear friends, GBPUSD looks like it will make a good move, and here are the details: The market is trading on 1.2913 pivot level. Bias - Bullish  Goal - 1.2964 Recommended Stop Loss - 1.2884  #GBPUSD 💹Time Frame : 8H (signal)  🍀;1.2964
EURAUD Trading Opportunity! SELL! 👩‍💻 My dear followers, I analysed this chart on EURAUD and concluded the following: The market is trading on 1.6503 pivot level. Bias - Bearish — Target - 1.6367 Safe Stop Loss - 1.6574  #EURAUD 💹Time Frame : 12H (signal) —— Get Exclusive VIP Signals 💗 With Entry, Stop, Target 💗 Join Via My VIP Bot -  💙 Contact - AnabelContact;1.6367
QQQ Technical Analysis! BUY! 👩‍💻 My dear followers, This is my opinion on the QQQ next move: The asset is approaching an important pivot point 487.37 Bias - Bullish Goal - 493.00  #QQQ 💹Time Frame :  5H (forecast)  🍀;493.00
APPLE Trading Opportunity! BUY! 👩‍💻 My dear subscribers, My technical analysis for APPLE is below: The price is coiling around a solid key level - 222.92 Bias - Bullish — Goal - 229.43 My Stop Loss - 219.19  #APPLE 💹Time Frame : 8H (signal)  🍀;229.43
SILVER Massive Long! BUY! 👩‍💻 My dear friends, Please, find my technical outlook for SILVER below: The instrument tests an important psychological level 32.449 Bias -Bullish —— Target - 33.607 Recommended Stop Loss -31.757  #SILVER 💹Time Frame : 12H (signal)  🍀;33.607
GBPCHF Sellers In Panic! BUY! 👩‍💻 My dear subscribers, GBPCHF looks like it will make a good move, and here are the details: The market is trading on 1.1196 pivot level. Bias - Bullish Target - 1.1219  #GBPCHF 💹Time Frame :  1H (forecast)  🍀;1.1219
EURUSD A Fall Expected! SELL! 👩‍💻 My dear friends, EURUSD looks like it will make a good move, and here are the details: The market is trading on 1.0904 pivot level. Bias - Bearish Goal - 1.0862  #EURUSD 💹Time Frame :  5H (forecast)  🍀;1.0862
EURCHF Technical Analysis! SELL! 👩‍💻 My dear subscribers, EURCHF looks like it will make a good move, and here are the details: The market is trading on 0.9402 pivot level. Bias - Bearish  My Stop Loss - 0.9412 Target - 0.9383  #EURCHF 💹Time Frame : 8H (signal)  🍀;0.9383
EURGBP Under Pressure! SELL! 👩‍💻 My dear friends, My technical analysis for EURGBP is below: The market is trading on 0.8394 pivot level. Bias - Bearish — Target - 0.8363 Recommended Stop Loss - 0.8411  #EURGBP 💹Time Frame : 12H (signal)  🍀;0.8363
GOLD Massive Short! SELL! 👩‍💻 My dear followers, I analysed this chart on GOLD and concluded the following: The market is trading on 2743.3 pivot level. Bias - Bearish Target - 2736.6  #GOLD 💹Time Frame :  1H (forecast);2736.6
USDJPY What Next? BUY! 👩‍💻 My dear subscribers, My technical analysis for USDJPY is below: The price is coiling around a solid key level - 152.06 Bias - Bullish Goal - 152.68  #USDJPY 💹Time Frame :  5H (forecast)  🍀;152.68
AUDUSD Buyers In Panic! SELL! 👩‍💻 My dear friends, Please, find my technical outlook for AUDUSD below: The price is coiling around a solid key level - 0.6633 Bias - Bearish — Goal - 0.6588 Safe Stop Loss - 0.6665  #AUDUSD 💹Time Frame : 8H (signal)  🍀;0.6588
EURCAD The Target Is DOWN! SELL! 👩‍💻 My dear subscribers, This is my opinion on the EURCAD next move: The instrument tests an important psychological level 1.5115 Bias - Bearish — Target - 1.5050 My Stop Loss - 1.5151  #EURCAD 💹Time Frame : 12H (signal)  🍀;1.5050
GBPAUD Trading Opportunity! BUY! 👩‍💻 My dear friends, Please, find my technical outlook for GBPAUD below: The instrument tests an important psychological level 1.9585 Bias -Bullish Target - 1.9640  #GBPAUD 💹Time Frame :  1H (forecast)  🍀;1.9640
CADJPY Will Collapse! SELL! 👩‍💻 My dear followers, This is my opinion on the CADJPY next move: The asset is approaching an important pivot point 110.86 Bias - Bearish Goal - 110.00  #CADJPY 💹Time Frame :  5H (forecast)  🍀;110.00
EURUSD On The Rise! BUY! 👩‍💻 My dear friends, EURUSD looks like it will make a good move, and here are the details: The market is trading on 1.0720 pivot level. Bias - Bullish — Goal - 1.0793 Recommended Stop Loss - 1.0687  #EURUSD 💹Time Frame : 8H (signal)  🍀;1.0793
GBPCHF Set To Fall! SELL! 👩‍💻 My dear followers, I analysed this chart on GBPCHF and concluded the following: The market is trading on 1.1277 pivot level. Bias - Bearish  Target - 1.1230 Safe Stop Loss - 1.1309  #GBPCHF 💹Time Frame : 12H (signal) —— 💟 Get More Signals 💟 With Higher Accuracy 💛 Join VIP Group Now 💛;1.1230
CHFJPY Expected Growth! BUY! 👩‍💻 My dear subscribers, CHFJPY looks like it will make a good move, and here are the details: The market is trading on 175.64 pivot level. Bias - Bullish Target - 175.99  #CHFJPY 💹Time Frame :  1H (forecast)  🍀;175.99
NZDCAD My Opinion! SELL! 👩‍💻 My dear friends, My technical analysis for NZDCAD is below: The market is trading on 0.8344 pivot level. Bias - Bearish Target - 0.8310  #NZDCAD 💹Time Frame :  5H (forecast)  🍀;0.8310
GOLD Technical Analysis! BUY! 👩‍💻 My dear subscribers, My technical analysis for GOLD is below: The price is coiling around a solid key level - 2684.2 Bias - Bullish — Goal - 2718.8 My Stop Loss - 2662.8  #GOLD 💹Time Frame : 8H (signal)  🍀;2718.8
AUDJPY My Opinion! SELL! 👩‍💻 My dear friends, Please, find my technical outlook for AUDJPY below: The instrument tests an important psychological level 102.22 Bias - Bearish — Target - 101.15 Recommended Stop Loss - 102.92  #AUDJPY 💹Time Frame : 12H (signal)  🍀;101.15
GBPJPY Massive Long! BUY! 👩‍💻 My dear friends, Please, find my technical outlook for GBPJPY below: The price is coiling around a solid key level - 197.38 Bias - Bullish Goal - 198.07  #GBPJPY 💹Time Frame :  1H (forecast)  🍀;198.07
AUDCHF What Next? SELL! 👩‍💻 My dear subscribers, This is my opinion on the AUDCHF next move: The instrument tests an important psychological level 0.5778 Bias - Bearish Target - 0.5747  #AUDCHF 💹Time Frame :  5H (forecast)  🍀;0.5747
EURJPY Sellers In Panic! BUY! 👩‍💻 My dear followers, This is my opinion on the EURJPY next move: The asset is approaching an important pivot point 164.32 Bias - Bullish  Safe Stop Loss - 163.70 Goal - 165.53  #EURJPY 💹Time Frame : 8H (signal)  🍀;165.53
EURUSD The Target Is UP! BUY! 👩‍💻 My dear subscribers, EURUSD looks like it will make a good move, and here are the details: The market is trading on 1.0782 pivot level. Bias - Bullish —— My Stop Loss - 1.0748 Target - 1.0842  #EURUSD 💹Time Frame : 12H (signal)  🍀;1.0842
APPLE Trading Opportunity! SELL! 👩‍💻 My dear friends, APPLE looks like it will make a good move, and here are the details: The market is trading on 227.20 pivot level. Bias - Bearish Goal - 224.44  #APPLE 💹Time Frame : 1H (forecast)  🍀;224.44
SPY A Fall Expected! SELL! 👩‍💻 My dear friends, Please, find my technical outlook for SPY below: The price is coiling around a solid key level - 598.24 Bias - Bearish  Goal - 583.97 Safe Stop Loss - 606.52  #SPY 💹Time Frame : 12H (signal)  🍀;583.97
SILVER My Opinion! BUY! 👩‍💻 My dear friends, My technical analysis for SILVER is below: The market is trading on 31.3070 pivot level. Bias - Bullish — Target - 32.361 Recommended Stop Loss - 30.604  #SILVER 💹Time Frame : 8H (signal)  🍀;32.361
EURUSD Trading Opportunity! BUY! 👩‍💻 My dear friends, Please, find my technical outlook for EURUSD below: The instrument tests an important psychological level 1.0717 Bias - Bullish Target - 1.0787  #EURUSD 💹Time Frame :  5H (forecast)  🍀;1.0787
QQQ Technical Analysis! SELL! 👩‍💻 My dear friends, My technical analysis for QQQ is below: The market is trading on 514.16 pivot level. Bias - Bearish — Target - 496.08 Recommended Stop Loss - 525.28  #QQQ 💹Time Frame : 8H (signal)  🍀;496.08
GBPCHF Under Pressure! SELL! 👩‍💻 My dear friends, Please, find my technical outlook for GBPCHF below: The price is coiling around a solid key level - 1.1296 Bias - Bearish  Goal - 1.1245 Safe Stop Loss - 1.1328  #GBPCHF 💹Time Frame : 12H (signal)  🍀;1.1245
GOLD On The Rise! BUY! 👩‍💻 My dear followers, This is my opinion on the GOLD next move: The asset is approaching an important pivot point 2623.4 Bias - Bullish Goal - 2669.3  #GOLD 💹Time Frame :  2H (forecast)  🍀;2669.3
CHFJPY Expected Growth! BUY! 👩‍💻 My dear subscribers, CHFJPY looks like it will make a good move, and here are the details: The market is trading on 174.74 pivot level. Bias - Bullish Target - 175.57  #CHFJPY 💹Time Frame :  5H (forecast)  🍀;175.57
EURCHF Technical Analysis! BUY! 👩‍💻 My dear subscribers, This is my opinion on the EURCHF next move: The instrument tests an important psychological level 0.9364 Bias - Bullish  Target - 0.9388 My Stop Loss - 0.9347  #EURCHF 💹Time Frame : 8H (signal)  🍀;0.9388
EURGBP Set To Grow! BUY! 👩‍💻 My dear friends, EURGBP looks like it will make a good move, and here are the details: The market is trading on 0.8268 pivot level. Bias - Bullish — Goal - 0.8320 Recommended Stop Loss - 0.8242  #EURGBP 💹Time Frame : 12H (signal)  🍀;0.8320
GBPCHF Massive Long! BUY! 👩‍💻 My dear friends, My technical analysis for GBPCHF is below: The market is trading on 1.1290 pivot level. Bias - Bullish Target - 1.1305  #GBPCHF 💹Time Frame :  1H (forecast)  🍀;1.1305
GBPCAD Sellers In Panic! BUY! 👩‍💻 My dear friends, Please, find my technical outlook for GBPCAD below: The price is coiling around a solid key level - 1.7837 Bias - Bullish Goal - 1.7917  #GBPCAD 💹Time Frame :  5H (forecast)  🍀;1.7917
EURUSD The Target Is UP! BUY! 👩‍💻 My dear followers, I analysed this chart on EURUSD and concluded the following: The market is trading on 1.0621 pivot level. Bias - Bullish — Target - 1.0722 Safe Stop Loss - 1.0566  #EURUSD 💹Time Frame : 8H (signal)  🍀;1.0722
EURCAD Will Explode! BUY! 👩‍💻 My dear subscribers, My technical analysis for EURCAD is below: The price is coiling around a solid key level - 1.4798 Bias -Bullish — Goal - 1.4912 My Stop Loss - 1.4731  #EURCAD 💹Time Frame : 12H (signal)  🍀;1.4912
GBPAUD Set To Grow! BUY! 👩‍💻 My dear subscribers, This is my opinion on the GBPAUD next move: The instrument tests an important psychological level 1.9540 Bias - Bullish Target - 1.9569  #GBPAUD 💹Time Frame :  1H (forecast)  🍀;1.9569
AUDCAD My Opinion! BUY! 👩‍💻 My dear friends, AUDCAD looks like it will make a good move, and here are the details: The market is trading on 0.9109 pivot level. Bias - Bullish Goal - 0.9160  #AUDCAD 💹Time Frame :  5H (forecast)  🍀;0.9160
AUDUSD What Next? BUY! 👩‍💻 My dear friends, Please, find my technical outlook for AUDUSD below: The instrument tests an important psychological level 0.6508 Bias - Bullish  Target - 0.6573 Recommended Stop Loss - 0.6475  #AUDUSD 💹Time Frame : 8H (signal)  🍀;0.6573
GOLD Trading Opportunity! BUY! 👩‍💻 My dear followers, This is my opinion on the GOLD next move: The asset is approaching an important pivot point 2607.4 Bias - Bullish —— Safe Stop Loss - 2579.5 Goal - 2662.2  #GOLD 💹Time Frame : 12H (signal)  🍀;2662.2
NZDUSD On The Rise! BUY! 👩‍💻 My dear followers, I analysed this chart on NZDUSD and concluded the following: The market is trading on 0.5872 pivot level. Bias - Bullish Target - 0.5918  #NZDUSD 💹Time Frame :  1H (forecast)  🍀;0.5918
EURUSD Expected Growth! BUY! 👩‍💻 My dear subscribers, My technical analysis for EURUSD is below: The price is coiling around a solid key level - 1.0522 Bias - Bullish Goal - 1.0656  #EURUSD 💹Time Frame :  5H (forecast)  🍀;1.0656
CADCHF Massive Short! SELL! 👩‍💻 My dear subscribers, CADCHF looks like it will make a good move, and here are the details: The market is trading on 0.6349 pivot level. Bias - Bearish — My Stop Loss - 0.6373 Target - 0.6302  #CADCHF 💹Time Frame : 8H (signal)  🍀;0.6302
EURCHF Technical Analysis! BUY! 👩‍💻 My dear friends, My technical analysis for EURCHF is below: The market is trading on 0.9373 pivot level. Bias - Bullish  Target - 0.9394 Recommended Stop Loss - 0.9361  #EURCHF 💹Time Frame : 12H (signal) —— Join My Premium Channel NOW 💜 🐈 My VIP Bot -  😇 Contact - AnabelContact;0.9394
CADJPY Massive Long! BUY! 👩‍💻 My dear friends, Please, find my technical outlook for CADJPY below: The instrument tests an important psychological level 110.57 Bias - Bullish Target - 110.88  #CADJPY 💹Time Frame :  1H (forecast)  🍀;110.88
AUDJPY Sellers In Panic! BUY! 👩‍💻 My dear followers, This is my opinion on the AUDJPY next move: The asset is approaching an important pivot point 100.36 Bias -Bullish Goal - 100.89  #AUDJPY 💹Time Frame :  5H (forecast)  🍀;100.89
EURGBP Will Collapse! SELL! 👩‍💻 My dear friends, Please, find my technical outlook for EURGBP below: The price is coiling around a solid key level - 0.8338 Bias - Bearish — Goal - 0.8301 Safe Stop Loss - 0.8361  #EURGBP 💹Time Frame : 8H (signal)  🍀;0.8301
GOLD The Target Is UP! BUY! 👩‍💻 My dear subscribers, This is my opinion on the GOLD next move: The instrument tests an important psychological level 2567.3 Bias - Bullish  Target - 2632.7 My Stop Loss - 2530.7  #GOLD 💹Time Frame : 12H (signal)  🍀;2632.7
S ILVER Will Explode! BUY! 👩‍💻 My dear subscribers, SILVER looks like it will make a good move, and here are the details: The market is trading on 30.255 pivot level. Bias - Bullish Target - 30.505  #SILVER 💹Time Frame :  1H (forecast)  🍀;30.505
GBPAUD My Opinion! BUY! 👩‍💻 My dear friends, My technical analysis for GBPAUD is below: The market is trading on 1.9511 pivot level. Bias - Bullish Target - 1.9570  #GBPAUD 💹Time Frame :  5H (forecast)  🍀;1.9570
APPLE What Next? BUY! 👩‍💻 My dear friends, APPLE looks like it will make a good move, and here are the details: The market is trading on 225.00 pivot level. Bias - Bullish — Goal - 229.14 Recommended Stop Loss - 222 .52  #APPLE 💹Time Frame : 8H (signal)  🍀;229.14
NZDJPY Trading Opportunity! BUY! 👩‍💻 My dear followers, I analysed this chart on NZDJPY and concluded the following: The market is trading on 90.439 pivot level. Bias - Bullish  Target - 91.002 Safe Stop Loss - 90.107  #NZDJPY 💹Time Frame : 12H (signal)  🍀;91.002
GBPCHF On The Rise! BUY! 👩‍💻 My dear subscribers, This is my opinion on the GBPCHF next move: The instrument tests an important psychological level 1.1191 Bias - Bullish Target - 1.1260  #GBPCHF 💹Time Frame :  5H (forecast)  🍀;1.1260
EURUSD Expected Growth! BUY! 👩‍💻 My dear subscribers, My technical analysis for EURUSD is below: The price is coiling around a solid key level - 1.0538 Bias - Bullish — Goal - 1.0635 My Stop Loss - 1.0479  #EURUSD 💹Time Frame : 8H (signal)  🍀;1.0635
GOLD My Opinion! SELL 👩‍💻 My dear friends, GOLD looks like it will make a good move, and here are the details: The market is trading on 2592.6 pivot level. Bias - Bearish Goal - 2576.0  #GOLD 💹Time Frame :  1H (forecast)  🍀;2576.0
AUDNZD What Next? SELL! 👩‍💻 My dear followers, I analysed this chart on AUDNZD and concluded the following: The market is trading on 1.1048 pivot level. Bias - Bearish Target - 1.1020  #AUDNZD 💹Time Frame :  5H (forecast)  🍀;1.1020
EURJPY Massive Long! BUY! 👩‍💻 My dear followers, This is my opinion on the EURJPY next move: The asset is approaching an important pivot point 163.42 Bias - Bullish — Safe Stop Loss - 162.82 Goal - 164.43  #EURJPY 💹Time Frame : 8H (signal)  🍀;164.43
GBPJPY Sellers In Panic! BUY! 👩‍💻 My dear subscribers, GBPJPY looks like it will make a good move, and here are the details: The market is trading on 195.83 pivot level. Bias - Bullish  My Stop Loss - 194.63 Target - 197.81  #GBPJPY 💹Time Frame : 12H (signal)  🍀;197.81
EURUSD The Target Is UP! BUY! 👩‍💻 My dear subscribers, My technical analysis for EURUSD is below: The price is coiling around a solid key level - 1.0567 Bias -Bullish Goal - 1.0581  #EURUSD 💹Time Frame :  1H (forecast)  🍀;1.0581
USDJPY Will Explode! BUY! 👩‍💻 My dear friends, Please, find my technical outlook for USDJPY below: The instrument tests an important psychological level 153.75 Bias - Bullish Target - 155.10  #USDJPY 💹Time Frame :  5H (forecast)  🍀;155.10
GBPCHF Set To Grow! BUY! 👩‍💻 My dear friends, My technical analysis for GBPCHF is below: The market is trading on 1.1149 pivot level. Bias - Bullish — Target - 1.1202 Recommended Stop Loss - 1 .1119  #GBPCHF 💹Time Frame : 8H (signal)  🍀;1.1202
GBPAUD My Opinion! BUY! 👩‍💻 My dear friends, Please, find my technical outlook for GBPAUD below: The price is coiling around a solid key level - 1.9421 Bias - Bullish — Goal - 1.9558 Safe Stop Loss - 1.9353  #GBPAUD 💹Time Frame : 12H (signal)  🍀;1.9558
SILVER What Next? BUY! 👩‍💻 My dear followers, This is my opinion on the SILVER next move: The asset is approaching an important pivot point 30.998 Bias - Bullish Goal - 31.158  #SILVER 💹Time Frame :  1H (forecast)  🍀;31.158
EURAUD Trading Opportunity! BUY! 👩‍💻 My dear subscribers, EURAUD looks like it will make a good move, and here are the details: The market is trading on 1.6223 pivot level. Bias - Bullish Target - 1.6280  #EURAUD 💹Time Frame :  5H (forecast)  🍀;1.6280
CADJPY A Fall Expected! SELL! 👩‍💻 My dear subscribers, This is my opinion on the CADJPY next move: The instrument tests an important psychological level 111.33 Bias - Bearish — Target - 110.57 My Stop Loss - 111.79  #CADJPY 💹Time Frame : 8H (signal)  🍀;110.57
CHFJPY Technical Analysis! SELL! 👩‍💻 My dear friends, CHFJPY looks like it will make a good move, and here are the details: The market is trading on 176.03 pivot level. Bias - Bearish  Goal - 175.18 Recommended Stop Loss - 176.55  #CHFJPY 💹Time Frame : 12H (signal)  🍀;175.18
EURUSD On The Rise! BUY! 👩‍💻 My dear friends, My technical analysis for EURUSD is below: The market is trading on 1.0526 pivot level. Bias - Bullish Target - 1.0556  #EURUSD 💹Time Frame :  1H (forecast)  🍀;1.0556
NZDCAD Expected Growth! BUY! 👩‍💻 My dear friends, Please, find my technical outlook for NZDCAD below: The price is coiling around a solid key level - 0.8200 Bias - Bullish Goal - 0.8232  #NZDCAD 💹Time Frame :  5H (forecast)  🍀;0.8232
NZDCHF Technical Analysis! BUY! 👩‍💻 My dear followers, I analysed this chart on NZDCHF and concluded the following: The market is trading on 0.5193 pivot level. Bias - Bullish  Target - 0.5207 Safe Stop Loss - 0.5186  #NZDCHF 💹Time Frame : 8H (signal)  🍀;0.5207
EURCAD Massive Long! BUY! 👩‍💻 My dear subscribers, My technical analysis for EURCAD is below: The price is coiling around a solid key level - 1.4677 Bias - Bullish  Goal - 1.4821 My Stop Loss - 1.4623  #EURCAD 💹Time Frame : 12H (signal)  🍀;1.4821
USDCAD Under Pressure! SELL! 👩‍💻 My dear subscribers, This is my opinion on the USDCAD next move: The instrument tests an important psychological level 1.3989 Bias - Bearish Target - 1.3975  #USDCAD 💹Time Frame :  1H (forecast)  🍀;1.3975
GOLD Massive Short! SELL! 👩‍💻 My dear friends, GOLD looks like it will make a good move, and here are the details: The market is trading on 2701.9 pivot level. Bias - Bearish Goal - 2651.6  #GOLD 💹Time Frame :  5H (forecast)  🍀;2651.6
GBPJPY Set To Grow! BUY! 👩‍💻 My dear friends, Please, find my technical outlook for GBPJPY below: The instrument tests an important psychological level 193.09 Bias - Bullish — Target - 195.03 Recommended Stop Loss - 192.17  #GBPJPY 💹Time Frame : 8H (signal)  🍀;195.03
USDCHF Buyers In Panic! SELL! 👩‍💻 My dear followers, This is my opinion on the USDCHF next move: The asset is approaching an important pivot point 0.8886 Bias - Bearish — Safe Stop Loss - 0.8930 Goal - 0.8816  #USDCHF 💹Time Frame : 12H (signal) —— Get Exclusive VIP Signals 💗 With Entry, Stop, Target 💗 Join Via My VIP Bot -  💙 Contact - AnabelContact;0.8816
EURUSD My Opinion! BUY! 👩‍💻 My dear followers, I analysed this chart on EURUSD and concluded the following: The market is trading on 1.0414 pivot level. Bias - Bullish Target - 1.0470  #EURUSD 💹Time Frame :  1H (forecast)  🍀;1.0470
APPLE The Target Is DOWN! SELL! 👩‍💻 My dear followers, I analysed this chart on APPLE and concluded the following: The market is trading on 229.82 pivot level. Bias - Bearish Target - 226.87  #APPLE 💹Time Frame :  5H (forecast)  🍀;226.87
QQQ A Fall Expected! SELL! 👩‍💻 My dear friends, Please, find my technical outlook for QQQ below: The instrument tests an important psychological level 505.79 Bias - Bearish Target - 502.68  #QQQ 💹Time Frame :  1H (forecast)  🍀;502.68
GOLD Technical Analysis! SELL! 👩‍💻 My dear followers, This is my opinion on the GOLD next move: The asset is approaching an important pivot point 2716.3 Bias - Bearish Goal - 2668.8  #GOLD 💹Time Frame :  5H (forecast)  🍀;2668.8
EURGBP The Target Is UP! BUY 👩‍💻 My dear friends, Please, find my technical outlook for EURGBP below: The price is coiling around a solid key level - 0.8307 Bias - Bullish  Goal - 0.8338 Safe Stop Loss - 0.8289  #EURGBP 💹Time Frame : 8H (signal)  🍀;0.8338
EURAUD Will Explode! BUY! 👩‍💻 My dear subscribers, This is my opinion on the EURAUD next move: The instrument tests an important psychological level 1.6020 Bias - Bullish  Target - 1.6137 My Stop Loss - 1.5957  #EURAUD 💹Time Frame : 12H (signal) —— 💟 Get More Signals 💟 With Higher Accuracy 💛 Join VIP Group Now 💛;1.6137
EURUSD Under Pressure! SELL! 👩‍💻 My dear subscribers, EURUSD looks like it will make a good move, and here are the details: The market is trading on 1.0513 pivot level. Bias - Bearish Target - 1.0480  #EURUSD 💹Time Frame :  1H (forecast)  🍀;1.0480
CHFJPY What Next? BUY! 👩‍💻 My dear friends, My technical analysis for CHFJPY is below: The market is trading on 173.45 pivot level. Bias - Bullish Target - 174.40  #CHFJPY 💹Time Frame :  5H (forecast)  🍀;174.40
NZDJPY Trading Opportunity! BUY! 👩‍💻 My dear friends, NZDJPY looks like it will make a good move, and here are the details: The market is trading on 90.005 pivot level. Bias - Bullish  Goal - 90.643 Recommended Stop Loss - 89.634  #NZDJPY 💹Time Frame : 8H (signal)  🍀;90.643
GBPAUD On The Rise! BUY! 👩‍💻 My dear followers, I analysed this chart on GBPAUD and concluded the following: The market is trading on 1.9326 pivot level. Bias - Bullish  Target - 1.9471 Safe Stop Loss - 1.9243  #GBPAUD 💹Time Frame : 12H (signal)  🍀;1.9471
GOLD Expected Growth! BUY! 👩‍💻 My dear friends, Please, find my technical outlook for GOLD below: The price is coiling around a solid key level - 2632.0 Bias - Bullish Goal - 2663.4  #GOLD 💹Time Frame :  4H (forecast)  🍀;2663.4
USDCAD Massive Short! SELL! 👩‍💻 My dear subscribers, This is my opinion on the USDCAD next move: The instrument tests an important psychological level 1.4123 Bias - Bearish Target - 1.4047  #USDCAD 💹Time Frame :  5H (forecast)  🍀;1.4047
AUDCAD Buyers In Panic! SELL! 👩‍💻 My dear subscribers, My technical analysis for AUDCAD is below: The price is coiling around a solid key level - 0.9131 Bias - Bearish  Goal - 0.9092 My Stop Loss - 0.9152  #AUDCAD 💹Time Frame : 8H (signal)  🍀;0.9092
CADJPY Technical Analysis! BUY! 👩‍💻 My dear friends, Please, find my technical outlook for CADJPY below: The instrument tests an important psychological level 108.99 Bias - Bullish  Target - 109.78 Recommended Stop Loss - 108.60  #CADJPY 💹Time Frame : 12H (signal)  🍀;109.78
EURUSD The Target Is DOWN! SELL! 👩‍💻 My dear friends, EURUSD looks like it will make a good move, and here are the details: The market is trading on 1.0573 pivot level. Bias - Bearish Goal - 1.0528  #EURUSD 💹Time Frame :  1H (forecast)  🍀;1.0528
GBPCAD Will Collapse! SELL! 👩‍💻 My dear followers, I analysed this chart on GBPCAD and concluded the following: The market is trading on 1.7793 pivot level. Bias - Bearish Target - 1.7661  #GBPCAD 💹Time Frame :  5H (forecast)  🍀;1.7661
CADCHF The Target Is UP! BUY! 👩‍💻 My dear followers, This is my opinion on the CADCHF next move: The asset is approaching an important pivot point 0.6273 Bias - Bullish  Safe Stop Loss - 0.6249 Goal - 0.6318  #CADCHF 💹Time Frame : 7H (signal)  🍀;0.6318
AUDNZD Will Explode! BUY! 👩‍💻 My dear subscribers, AUDNZD looks like it will make a good move, and here are the details: The market is trading on 1.1000 pivot level. Bias - Bullish — My Stop Loss - 1.0974 Target - 1.1050  #AUDNZD 💹Time Frame : 12H (signal)  🍀;1.1050
GBPJPY Set To Fall! SELL! 👩‍💻 My dear subscribers, My technical analysis for GBPJPY is below: The price is coiling around a solid key level - 192.09 Bias - Bearish Goal - 191.65  #GBPJPY 💹Time Frame :  1H (forecast)  🍀;191.65
SILVER Massive Long! BUY! 👩‍💻 My dear friends, Please, find my technical outlook for SILVER below: The instrument tests an important psychological level 30.151 Bias - Bullish Target - 30.562  #SILVER 💹Time Frame :  5H (forecast)  🍀;30.562
NZDUSD A Fall Expected! SELL! 👩‍💻 My dear friends, My technical analysis for NZDUSD is below: The market is trading on 0.5888 pivot level. Bias - Bearish  Target - 0.5850 Recommended Stop Loss - 0.5909  #NZDUSD 💹Time Frame : 7H (signal)  🍀;0.5850
USDJPY Sellers In Panic! BUY! 👩‍💻 My dear friends, Please, find my technical outlook for USDJPY below: The price is coiling around a solid key level - 151.53 Bias - Bullish  Goal - 152.80 Safe Stop Loss - 150.68  #USDJPY 💹Time Frame : 1H (signal)  🍀;152.80
EURUSD Technical Analysis! SELL! 👩‍💻 My dear followers, This is my opinion on the EURUSD next move: The asset is approaching an important pivot point 1.0579 Bias - Bearish Goal - 1.0522  #EURUSD 💹Time Frame :  4H (forecast)  🍀;1.0522
USDCHF What Next? BUY! 👩‍💻 My dear subscribers, USDCHF looks like it will make a good move, and here are the details: The market is trading on 0.8802 pivot level. Bias -Bullish Target - 0.8854  #USDCHF 💹Time Frame :  5H (forecast)  🍀;0.8854
GBPAUD Under Pressure! SELL! 👩‍💻 My dear subscribers, This is my opinion on the GBPAUD next move: The instrument tests an important psychological level 1.9515 Bias - Bearish — Target - 1.9408 My Stop Loss - 1.9577  #GBPAUD 💹Time Frame : 8H (signal)  🍀;1.9408
NZDCAD Massive Short! SELL! 👩‍💻 My dear friends, NZDCAD looks like it will make a good move, and here are the details: The market is trading on 0.8275 pivot level. Bias - Bearish — Goal - 0.8225 Recommended Stop Loss - 0.8305  #NZDCAD 💹Time Frame : 12H (signal) —— Join My Premium Channel NOW 💜 🐈 My VIP Bot -  😇 Contact - AnabelContact;0.8225
SILVER Buyers In Panic! SELL! 👩‍💻 My dear friends, My technical analysis for SILVER is below: The market is trading on 30.622 pivot level. Bias - Bearish Target - 30.343  #SILVER 💹Time Frame :  3H (forecast)  🍀;30.343
EURNZD Trading Opportunity! BUY! 👩‍💻 My dear friends, Please, find my technical outlook for EURNZD below: The price is coiling around a solid key level - 1.7840 Bias - Bullish Goal - 1.7895  #EURNZD 💹Time Frame :  5H (forecast)  🍀;1.7895
SPY The Target Is DOWN! SELL! 👩‍💻 My dear subscribers, My technical analysis for SPY is below: The price is coiling around a solid key level - 602.45 Bias - Bearish — Goal - 588.60 My Stop Loss - 609.83  #SPY 💹Time Frame : 12H (signal)  🍀;588.60
EURUSD Set To Fall! SELL! 👩‍💻 My dear friends, EURUSD looks like it will make a good move, and here are the details: The market is trading on 1.0574 pivot level. Bias - Bearish Goal - 1.0508  #EURUSD 💹Time Frame :  5H (forecast)  🍀;1.0508
AUDNZD Expected Growth! BUY! 👩‍💻 My dear friends, Please, find my technical outlook for AUDNZD below: The instrument tests an important psychological level 1.0989 Bias - Bullish —— Target - 1.1034 Recommended Stop Loss - 1.0964  #AUDNZD 💹Time Frame : 8H (signal)  🍀;1.1034
APPLE My Opinion! SELL! 👩‍💻 My dear followers, This is my opinion on the APPLE next move: The asset is approaching an important pivot point 237.43 Bias - Bearish — Safe Stop - 240.29 Goal - 231.91  #APPLE 💹Time Frame : 12H (signal)  🍀;231.91
SILVER What Next? SELL! 👩‍💻 My dear followers, I analysed this chart on SILVER and concluded the following: The market is trading on 30.514 pivot level. Bias - Bearish Target - 30.292  #SILVER 💹Time Frame :  3H (forecast)  🍀;30.292
GBPNZD Trading Opportunity! SELL! 👩‍💻 My dear subscribers, My technical analysis for GBPNZD is below: The price is coiling around a solid key level - 2.1547 Bias - Bearish Goal - 2.1496  #GBPNZD 💹Time Frame :  5H (forecast)  🍀;2.1496
EURGBP Technical Analysis! BUY! 👩‍💻 My dear subscribers, EURGBP looks like it will make a good move, and here are the details: The market is trading on 0.8286 pivot level. Bias - Bullish — My Stop Loss - 0.8267 Target - 0.8319  #EURGBP 💹Time Frame : 8H (signal)  🍀;0.8319
USDJPY Massive Long! BUY! 👩‍💻 My dear friends, My technical analysis for USDJPY is below: The market is trading on 149.75 pivot level. Bias - Bullish  Target - 151.34 Recommended Stop Loss - 148.92  #USDJPY 💹Time Frame : 12H (signal)  🍀;151.34
EURUSD A Fall Expected! SELL! 👩‍💻 My dear friends, Please, find my technical outlook for EURUSD below: The instrument tests an important psychological level 1.0523 Bias - Bearish Target - 1.0496  #EURUSD 💹Time Frame :  1H (forecast)  🍀;1.0496
EURCHF Sellers In Panic! BUY! 👩‍💻 My dear followers, This is my opinion on the EURCHF next move: The asset is approaching an important pivot point 0.9297 Bias - Bullish Goal - 0.9316  #EURCHF 💹Time Frame :  4H (forecast)  🍀;0.9316
AUDJPY The Target Is UP! BUY! 👩‍💻 My dear friends, Please, find my technical outlook for AUDJPY below: The price is coiling around a solid key level - 96.617 Bias - Bullish  Goal - 97.989 Safe Stop Loss - 95.840  #AUDJPY 💹Time Frame : 8H (signal)  🍀;97.989
GBPAUD Technical Analysis! SELL! 👩‍💻 My dear subscribers, This is my opinion on the GBPAUD next move: The instrument tests an important psychological level 1.9533 Bias - Bearish — Target - 1.9439 My Stop Loss - 1.9597  #GBPAUD 💹Time Frame : 10H (signal)  🍀;1.9439
GOLD Under Pressure! SELL! 👩‍💻 My dear subscribers, GOLD looks like it will make a good move, and here are the details: The market is trading on 2650.4 pivot level. Bias - Bearish Target - 2643.9  #GOLD 💹Time Frame :  1H (forecast)  🍀;2643.9
NZDCAD Will Explode! BUY! 👩‍💻 My dear friends, My technical analysis for NZDCAD is below: The market is trading on 0.8226 pivot level. Bias - Bullish Target - 0.8256  #NZDCAD 💹Time Frame :  5H (forecast)  🍀;0.8256
EURAUD Massive Short! SELL! 👩‍💻 My dear friends, EURAUD looks like it will make a good move, and here are the details: The market is trading on 1.6373 pivot level. Bias - Bearish  Goal - 1.6267 Recommended Stop Loss - 1.6442  #EURAUD 💹Time Frame : 8H (signal)  🍀;1.6267
GBPCHF Buyers In Panic! SELL! 👩‍💻 My dear followers, I analysed this chart on GBPCHF and concluded the following: The market is trading on 1.1227 pivot level. Bias - Bearish — Target - 1.1185 Safe Stop Loss - 1.1257  #GBPCHF 💹Time Frame : 12H (signal)  🍀;1.1185
EURUSD The Target Is DOWN! SELL! 👩‍💻 My dear friends, Please, find my technical outlook for EURUSD below: The price is coiling around a solid key level - 1.0537 Bias - Bearish Goal - 1.0506  #EURUSD 💹Time Frame :  3H (forecast)  🍀;1.0506
AUDCHF What Next? BUY! 👩‍💻 My dear subscribers, This is my opinion on the AUDCHF next move: The instrument tests an important psychological level 0.5683 Bias - Bullish Target - 0.5722  #AUDCHF 💹Time Frame :  5H (forecast)  🍀;0.5722
EURNZD Will Collapse! SELL! 👩‍💻 My dear subscribers, My technical analysis for EURNZD is below: The price is coiling around a solid key level - 1.7973 Bias - Bearish  Goal - 1.7919 My Stop Loss - 1.8010  #EURNZD 💹Time Frame : 8H (signal)  🍀;1.7919
EURGBP What Next? BUY! 👩‍💻 My dear friends, Please, find my technical outlook for EURGBP below: The instrument tests an important psychological level 0.8276 Bias - Bullish  Target - 0.8316 Recommended Stop Loss - 0.8251  #EURGBP 💹Time Frame : 12H (signal)  🍀;0.8316
USDJPY Set To Fall! SELL! 👩‍💻 My dear friends, USDJPY looks like it will make a good move, and here are the details: The market is trading on 150.51 pivot level. Bias - Bearish Goal - 150.18  #USDJPY 💹Time Frame :  1H (forecast)  🍀;150.18
EURCHF Trading Opportunity! BUY! 👩‍💻 My dear followers, I analysed this chart on EURCHF and concluded the following: The market is trading on 0.9285 pivot level. Bias - Bullish Target - 0.9303  #EURCHF 💹Time Frame :  5H (forecast)  🍀;0.9303
SILVER My Opinion! SELL! 👩‍💻 My dear followers, This is my opinion on the SILVER next move: The asset is approaching an important pivot point 31.108 Bias - Bearish — Safe Stop Loss - 31.335 Goal - 30.689  #SILVER 💹Time Frame : 8H (signal)  🍀;30.689
CADCHF On The Rise! BUY! 👩‍💻 My dear subscribers, CADCHF looks like it will make a good move, and here are the details: The market is trading on 0.6216 pivot level. Bias - Bullish — My Stop Loss - 0.6192 Target - 0.6261  #CADCHF 💹Time Frame : 12H (signal) —— Get Exclusive Intraday VIP Signals 💜 Join Via My VIP Bot -  💙;0.6261
APPLE Trading Opportunity! SELL! 👩‍💻 My dear friends, Please, find my technical outlook for APPLE below: The instrument tests an important psychological level 242.82 Bias - Bearish Target - 236.87  #APPLE 💹Time Frame :  5H (forecast)  🍀;236.87
EURUSD Under Pressure! SELL! 👩‍💻 My dear friends, My technical analysis for EURUSD is below: The market is trading on 1.0566 pivot level. Bias - Bearish — Target - 1.0523 Recommended Stop Loss - 1.0592  #EURUSD 💹Time Frame : 8H (signal)  🍀;1.0523
GOLD Expected Growth! BUY! 👩‍💻 My dear followers, This is my opinion on the GOLD next move: The asset is approaching an important pivot point 2633.3 Bias - Bullish Goal - 2642.2  #GOLD 💹Time Frame :  1H (forecast)  🍀;2642.2
QQQ The Target Is DOWN! SELL! 👩‍💻 My dear subscribers, QQQ looks like it will make a good move, and here are the details: The market is trading on 526.54 pivot level. Bias - Bearish Target - 515.69  #QQQ 💹Time Frame :  5H (forecast)  🍀;515.69
SPY Buyers In Panic! SELL! 👩‍💻 My dear friends, SPY looks like it will make a good move, and here are the details: The market is trading on 607.88 pivot level. Bias - Bearish  Goal - 596.88 Recommended Stop Loss - 614.33  #SPY 💹Time Frame : 12H (signal)  🍀;596.88
GBPUSD Will Collapse! SELL! 👩‍💻 My dear friends, My technical analysis for GBPUSD is below: The market is trading on 1.2770 pivot level. Bias - Bearish Target - 1.2750  #GBPUSD 💹Time Frame :  1H (forecast)  🍀;1.2750
EURUSD Set To Fall! SELL! 👩‍💻 My dear friends, Please, find my technical outlook for EURUSD below: The price is coiling around a solid key level - 1.0579 Bias - Bearish Goal - 1.0536  #EURUSD 💹Time Frame :  5H (forecast)  🍀;1.0536
EURCAD My Opinion! SELL! 👩‍💻 My dear followers, I analysed this chart on EURCAD My Opinion! SELL! and concluded the following: The market is trading on 1.4924 pivot level. Bias - Bearish — Target - 1.4827 Safe Stop Loss - 1.4981  #EURCAD 💹Time Frame : 8H (signal)  🍀;1.4827
USDCHF Massive Long! BUY! 👩‍💻 My dear subscribers, My technical analysis for USDCHF is below: The price is coiling around a solid key level - 0.8781 Bias - Bullish  Goal - 0.8849 My Stop Loss - 0.8746 —— Get Exclusive VIP Signals 💗 With Entry, Stop, Target 💗 Join Via My VIP Bot -  💙 Contact - AnabelContact;0.8849
GBPCHF What Next? SELL! 👩‍💻 My dear subscribers, My technical analysis for GBPCHF is below: The price is coiling around a solid key level - 1.1251 Bias - Bearish Goal - 1.1228  #GBPCHF 💹Time Frame :  1H (forecast)  🍀;1.1228
GOLD Trading Opportunity! SELL! 👩‍💻 My dear friends, Please, find my technical outlook for GOLD below: The instrument tests an important psychological level 2693.4 Bias - Bearish Target - 2670.0  #GOLD 💹Time Frame :  5H (forecast)  🍀;2670.0
NZDUSD Sellers In Panic! BUY! 👩‍💻 My dear friends, My technical analysis for NZDUSD is below: The market is trading on 0.5797 pivot level. Bias - Bullish  Target - 0.5839 Recommended Stop Loss - 0 .5776  #NZDUSD 💹Time Frame : 8H (signal)  🍀;0.5839
NZDCHF The Target Is UP! BUY! 👩‍💻 My dear friends, Please, find my technical outlook for NZDCHF below: The price is coiling around a solid key level - 0.5111 Bias - Bullish —— Goal - 0.5148 Safe Stop Loss - 0.5093  #NZDCHF 💹Time Frame : 12H (signal)  🍀;0.5148
GBPCAD Will Explode! BUY! 👩‍💻 My dear followers, This is my opinion on the GBPCAD next move: The asset is approaching an important pivot point 1.8058 Bias - Bullish Goal - 1.8076  #GBPCAD 💹Time Frame :  1H (forecast)  🍀;1.8076
EURUSD What Next? BUY! 👩‍💻 My dear subscribers, EURUSD looks like it will make a good move, and here are the details: The market is trading on 1.0513 pivot level. Bias - Bullish Target - 1.0538  #EURUSD 💹Time Frame :  5H (forecast)  🍀;1.0538
EURAUD A Fall Expected! SELL! 👩‍💻 My dear subscribers, This is my opinion on the EURAUD next move: The instrument tests an important psychological level 1.6525 Bias - Bearish — Target - 1.6383 My Stop Loss - 1.6605  #EURAUD 💹Time Frame : 8H (signal)  🍀;1.6383
USDJPY Technical Analysis! SELL! 👩‍💻 My dear friends, USDJPY looks like it will make a good move, and here are the details: The market is trading on 152.63 pivot level. Bias - Bearish — Goal - 151.14 Recommended Stop Loss - 153.49  #USDJPY 💹Time Frame : 12H (signal)  🍀;151.14
GBPJPY Trading Opportunity! BUY! 👩‍💻 My dear friends, My technical analysis for GBPJPY is below: The market is trading on 193.46 pivot level. Bias - Bullish Target - 193.85  #GBPJPY 💹Time Frame :  1H (forecast)  🍀;193.85
AUDCHF The Target Is DOWN! SELL! 👩‍💻 My dear friends, Please, find my technical outlook for AUDCHF below: The price is coiling around a solid key level - 0.5674 Bias - Bearish Goal - 0.5637  #AUDCHF 💹Time Frame :  5H (forecast)  🍀;0.5637
GOLD Will Collapse! SELL! 👩‍💻 My dear followers, I analysed this chart on GOLD and concluded the following: The market is trading on 2689.1 pivot level. Bias - Bearish — Target - 2657.2 Safe Stop Loss - 2708.9  #GOLD 💹Time Frame : 8H (signal)  🍀;2657.2
GBPCHF Set To Fall! SELL! 👩‍💻 My dear subscribers, My technical analysis for GBPCHF is below: The price is coiling around a solid key level - 1.1275 Bias - Bearish — Goal - 1.1236 My Stop Loss - 1.1301  #GBPCHF 💹Time Frame : 12H (signal)  🍀;1.1236
GBPAUD Massive Long! BUY! 👩‍💻 My dear subscribers, This is my opinion on the GBPAUD next move: The instrument tests an important psychological level 1.9840 Bias -Bullish Target - 1.9916  #GBPAUD 💹Time Frame :  1H (forecast)  🍀;1.9916
EURUSD Sellers In Panic! BUY! 👩‍💻 My dear friends, EURUSD looks like it will make a good move, and here are the details: The market is trading on 1.0499 pivot level. Bias - Bullish Goal - 1.0519  #EURUSD 💹Time Frame :  5H (forecast)  🍀;1.0519
GBPUSD The Target Is UP! BUY! 👩‍💻 My dear friends, Please, find my technical outlook for GBPUSD below: The instrument tests an important psychological level 1.2651 Bias - Bullish — Target - 1.2715 Recommended Stop Loss - 1.2607  #GBPUSD 💹Time Frame : 8H (signal)  🍀;1.2715
EURJPY What Next? SELL! 👩‍💻 My dear followers, This is my opinion on the EURJPY next move: The asset is approaching an important pivot point 161.26 Bias - Bearish  Safe Stop Loss - 162.54 Goal - 159.06  #EURJPY 💹Time Frame : 12H (signal)  🍀;159.06
GOLD Trading Opportunity! BUY! 👩‍💻 My dear subscribers, My technical analysis for GOLD is below: The price is coiling around a solid key level - 2648.6 Bias - Bullish Goal - 2675.4  #GOLD 💹Time Frame :  5H (forecast)  🍀;2675.4
APPLE Will Collapse! SELL! 👩‍💻 My dear friends, My technical analysis for APPLE is below: The market is trading on 248.12 pivot level. Bias - Bearish —— Target - 240.15 Recommended Stop Loss - 252.41  #APPLE 💹Time Frame : 12H (signal) —— 💟 Get More Signals 💟 With Higher Accuracy 💛 Join VIP Group Now 💛;240.15
EURUSD Set To Fall! SELL! 👩‍💻 My dear friends, Please, find my technical outlook for EURUSD below: The instrument tests an important psychological level 1.0498 Bias - Bearish Target - 1.0482  #EURUSD 💹Time Frame :  1H (forecast)  🍀;1.0482
QQQ My Opinion! SELL! 👩‍💻 My dear followers, This is my opinion on the QQQ next move: The asset is approaching an important pivot point 530.50 Bias - Bearish Goal - 520.05  #QQQ 💹Time Frame :  5H (forecast)  🍀;520.05
NZDCAD On The Rise! BUY! 👩‍💻 My dear friends, Please, find my technical outlook for NZDCAD below: The price is coiling around a solid key level - 0.8192 Bias - Bullish —— Goal - 0.8231 Safe Stop Loss - 0.8171  #NZDCAD 💹Time Frame : 8H (signal)  🍀;0.8231
AUDNZD Expected Growth! BUY! 👩‍💻 My dear subscribers, AUDNZD looks like it will make a good move, and here are the details: The market is trading on 1.1016 pivot level. Bias - Bullish Target - 1.1029  #AUDNZD 💹Time Frame :  1H (forecast)  🍀;1.1029
GOLD Technical Analysis! BUY! 👩‍💻 My dear friends, My technical analysis for GOLD is below: The market is trading on 2660.0 pivot level. Bias - Bullish Target - 2682.0  #GOLD 💹Time Frame :  5H (forecast)  🍀;2682.0
USDCHF Will Collapse! SELL! 👩‍💻 My dear friends, USDCHF looks like it will make a good move, and here are the details: The market is trading on 0.8906 pivot level. Bias - Bearish  Goal - 0.8862 Recommended Stop Loss - 0.8932  #USDCHF 💹Time Frame : 8H (signal)  🍀;0.8862
USDJPY Set To Fall! SELL! 👩‍💻 My dear followers, I analysed this chart on USDJPY and concluded the following: The market is trading on 153.70 pivot level. Bias - Bearish — Target - 152.34 Safe Stop Loss - 154.61  #USDJPY 💹Time Frame : 12H (signal)  🍀;152.34
EURAUD Will Collapse! SELL! 👩‍💻 My dear friends, Please, find my technical outlook for EURAUD below: The price is coiling around a solid key level - 1.6539 Bias - Bearish Goal - 1.6518  #EURAUD 💹Time Frame :  1H (forecast)  🍀;1.6518
GBPCHF Trading Opportunity! SELL! 👩‍💻 My dear subscribers, This is my opinion on the GBPCHF next move: The instrument tests an important psychological level 1.1361 Bias - Bearish Target - 1.1313  #GBPCHF 💹Time Frame :  5H (forecast)  🍀;1.1313
EURJPY Set To Fall! SELL! 👩‍💻 My dear subscribers, My technical analysis for EURJPY is below: The price is coiling around a solid key level - 161.37 Bias - Bearish — Goal - 159.91 My Stop Loss - 162.19  #EURJPY 💹Time Frame : 8H (signal)  🍀;159.91
EURUSD Massive Long! BUY! 👩‍💻 My dear friends, Please, find my technical outlook for EURUSD below: The instrument tests an important psychological level 1.0502 Bias - Bullish — Target - 1.0548 Recommended Stop Loss - 1.0476  #EURUSD 💹Time Frame : 12H (signal)  🍀;1.0548
NZDCAD Sellers In Panic! BUY! 👩‍💻 My dear friends, NZDCAD looks like it will make a good move, and here are the details: The market is trading on 0.8205 pivot level. Bias - Bullish Goal - 0.8215  #NZDCAD 💹Time Frame :  1H (forecast)  🍀;0.8215
NZDCHF The Target Is UP! BUY! 👩‍💻 My dear followers, I analysed this chart on NZDCHF and concluded the following: The market is trading on 0.5121 pivot level. Bias - Bullish Target - 0.5146  #NZDCHF 💹Time Frame :  5H (forecast)  🍀;0.5146
USDCHF A Fall Expected! SELL! 👩‍💻 My dear followers, This is my opinion on the USDCHF next move: The asset is approaching an important pivot point 0.8939 Bias - Bearish —— Safe Stop Loss - 0.8966 Goal - 0.8891  #USDCHF 💹Time Frame : 8H (signal)  🍀;0.8891
SILVER Will Explode! BUY! 👩‍💻 My dear subscribers, SILVER looks like it will make a good move, and here are the details: The market is trading on 30.206 pivot level. Bias - Bullish — My Stop Loss - 28.814 Target - 30.873  #USDCHF 💹Time Frame : 12H (signal)  🍀;30.873
GBPCAD A Fall Expected! SELL! 👩‍💻 My dear subscribers, My technical analysis for GBPCAD is below: The price is coiling around a solid key level - 1.8206 Bias - Bearish Goal - 1.8179  #GBPCAD 💹Time Frame :  1H (forecast)  🍀;1.8179
CADJPY Technical Analysis! SELL! 👩‍💻 My dear friends, Please, find my technical outlook for CADJPY below: The instrument tests an important psychological level 109.05 Bias - Bearish Target - 108.00  #CADJPY 💹Time Frame :  5H (forecast)  🍀;108.00
EURUSD Set To Grow! BUY! 👩‍💻 My dear friends, My technical analysis for EURUSD is below: The market is trading on 1.0410 pivot level. Bias - Bullish — Target - 1.0470 Recommended Stop Loss - 1.0376  #EURUSD 💹Time Frame : 8H (signal)  🍀;1.0470
EURJPY Under Pressure! SELL! 👩‍💻 My dear friends, Please, find my technical outlook for EURJPY below: The price is coiling around a solid key level - 163.20 Bias - Bearish — Goal - 161.54 Safe Stop Loss - 164.03  #EURJPY 💹Time Frame : 12H (signal) —— Join My Premium Channel NOW 💜 🐈 My VIP Bot -  😇 Contact - AnabelContact;161.54
AUDCHF My Opinion! BUY! 👩‍💻 My dear followers, This is my opinion on the AUDCHF next move: The asset is approaching an important pivot point 0.5571 Bias - Bullish Goal - 0.5594  #AUDCHF 💹Time Frame :  1H (forecast)  🍀;0.5594
GOLD What Next? BUY! 👩‍💻 My dear subscribers, GOLD looks like it will make a good move, and here are the details: The market is trading on 2603.3 pivot level. Bias - Bullish Target - 2632.7  #GOLD 💹Time Frame :  5H (forecast)  🍀;2632.7
EURGBP Massive Short! SELL! 👩‍💻 My dear subscribers, This is my opinion on the EURGBP next move: The instrument tests an important psychological level 0.8308 Bias - Bearish — Target - 0.8277 My Stop Loss - 0.8325  #EURGBP 💹Time Frame : 8H (signal)  🍀;0.8277
USDJPY Buyers In Panic! SELL! 👩‍💻 My dear friends, USDJPY looks like it will make a good move, and here are the details: The market is trading on 156.76 pivot level. Bias - Bearish — Goal - 154.65 Recommended Stop Loss - 157.90  #USDJPY 💹Time Frame : 12H (signal)  🍀;154.65
EURUSD The Target Is DOWN! SELL! 👩‍💻 My dear friends, My technical analysis for EURUSD is below: The market is trading on 1.0429 pivot level. Bias - Bearish Target - 1.0398  #EURUSD 💹Time Frame :  1H (forecast)  🍀;1.0398
APPLE Will Collapse! SELL! 👩‍💻 My dear followers, I analysed this chart on APPLE and concluded the following: The market is trading on 254.57 pivot level. Bias - Bearish — Target - 245.49 Safe Stop Loss - 259.31  #APPLE 💹Time Frame : 8H (signal)  🍀;245.49
SPY On The Rise! BUY! 👩‍💻 My dear subscribers, My technical analysis for SPY is below: The price is coiling around a solid key level - 590.89 Bias - Bullish — Goal - 598.49 My Stop Loss - 586.83  #SPY 💹Time Frame : 12H (signal)  🍀;598.49
GBPCHF Expected Growth! BUY! 👩‍💻 My dear friends, Please, find my technical outlook for GBPCHF below: The instrument tests an important psychological level 1.1207 Bias - Bullish  Target - 1.1260 Recommended Stop Loss - 1.1178  #GBPCHF 💹Time Frame : 8H (signal)  🍀;1.1260
EURUSD Technical Analysis! BUY! 👩‍💻 My dear followers, This is my opinion on the EURUSD next move: The asset is approaching an important pivot point 1.0429 Bias - Bullish —— Safe Stop Loss - 1.0383 Goal - 1.0487  #EURUSD 💹Time Frame : 12H (signal) —— Get Exclusive Intraday VIP Signals 💜 Join Via My VIP Bot -  💙;1.0487
AUDNZD Massive Long! BUY! 👩‍💻 My dear followers, I analysed this chart on AUDNZD and concluded the following: The market is trading on 1.1044 pivot level. Bias - AUDNZD Target - 1.1056  #AUDNZD 💹Time Frame :  1H (forecast)  🍀;1.1056
EURGBP What Next? SELL! 👩‍💻 My dear subscribers, My technical analysis for EURGBP is below: The price is coiling around a solid key level - 0.8295 Bias - Bearish Goal - 0.8273  #EURGBP 💹Time Frame :  5H (forecast)  🍀;0.8273
CHFJPY Trading Opportunity! SELL! 👩‍💻 My dear subscribers, CHFJPY looks like it will make a good move, and here are the details: The market is trading on 174.84 pivot level. Bias - Bearish — My Stop Loss - 175.91 Target - 172.92  #CHFJPY 💹Time Frame : 8H (signal)  🍀;172.92
SILVER Sellers In Panic! BUY! 👩‍💻 My dear friends, My technical analysis for SILVER is below: The market is trading on 29.498 pivot level. Bias - Bullish  Target - 30.247 Recommended Stop Loss - 29.150  #SILVER 💹Time Frame : 12H (signal)  🍀;30.247
EURUSD The Target Is UP! BUY! 👩‍💻 My dear friends, Please, find my technical outlook for EURUSD below: The instrument tests an important psychological level 1.0394 Bias - Bullish Target - 1.0463  #EURUSD 💹Time Frame :  12H (forecast)  🍀;1.0463
GBPCHF A Fall Expected! SELL! 👩‍💻 My dear followers, This is my opinion on the GBPCHF next move: The asset is approaching an important pivot point 1.1281 Bias - Bearish Goal - 1.1222  #GBPCHF 💹Time Frame :  1D (forecast)  🍀;1.1222
CADJPY Technical Analysis! SELL! 👩‍💻 My dear subscribers, CADJPY looks like it will make a good move, and here are the details: The market is trading on 109.47 pivot level. Bias - Bearish Target - 108.29  #CADJPY 💹Time Frame :  8H (forecast)  🍀;108.29
GBPUSD Technical Analysis! SELL! 👩‍💻 My dear friends, My technical analysis for GBPUSD is below: The market is trading on 1.2529 pivot level. Bias - Bearish Target - 1.2605  #GBPUSD 💹Time Frame :  12H (forecast)  🍀;1.2605
EURUSD Set To Grow! BUY! 👩‍💻 My dear friends, Please, find my technical outlook for EURUSD below: The price is coiling around a solid key level - 1.0397 Bias - Bullish Goal - 1.0456  #EURUSD 💹Time Frame :  12H (forecast)  🍀;1.0456
USDJPY Under Pressure! SELL! 👩‍💻 My dear subscribers, This is my opinion on the USDJPY next move: The instrument tests an important psychological level 157.85 Bias - Bearish Target - 154.68  #USDJPY 💹Time Frame :  1D (forecast)  🍀;154.68
EURCHF Massive Short! SELL! 👩‍💻 My dear friends, EURCHF looks like it will make a good move, and here are the details: The market is trading on 0.9398 pivot level. Bias - Bearish Goal - 0.9355  #EURCHF 💹Time Frame :  8H (forecast)  🍀;0.9355
NZDCAD My Opinion! BUY! 👩‍💻 My dear followers, I analysed this chart on NZDCAD and concluded the following: The market is trading on 0.8111 pivot level. Bias - Bullish Target - 0.8157  #NZDCAD 💹Time Frame :  12H (forecast)  🍀;0.8157
APPLE Buyers In Panic! SELL! 👩‍💻 My dear subscribers, My technical analysis for APPLE is below: The price is coiling around a solid key level - 225.72 Bias - Bearish Goal - 246.76  #APPLE 💹Time Frame :  8H (forecast)  🍀;246.76
GBPCHF The Target Is DOWN! SELL! 👩‍💻 My dear friends, Please, find my technical outlook for GBPCHF below: The instrument tests an important psychological level 1.1328 Bias - Bearish Target - 1.1286  #GBPCHF 💹Time Frame :  10H (forecast)  🍀;1.1286
CADJPY Will Collapse! SELL! 👩‍💻 My dear followers, This is my opinion on the CADJPY next move: The asset is approaching an important pivot point 109.43 Bias - Bearish Goal - 108.28  #CADJPY 💹Time Frame :  12H (forecast)  🍀;108.28
GBPJPY Set To Fall! SELL! 👩‍💻 My dear subscribers, GBPJPY looks like it will make a good move, and here are the details: The market is trading on 198.39 pivot level. Bias - Bearish Target - 195.23  #GBPJPY 💹Time Frame :  1D (forecast)  🍀;195.23
GBPJPY My Opinion! SELL! 👩‍💻 My dear friends, My technical analysis for GBPJPY is below: The market is trading on 1.1373 pivot level. Bias - Bearish Target - 1.1313  #GBPJPY 💹Time Frame :  8H (forecast)  🍀;1.1313
GBPAUD My Opinion! SELL! 👩‍💻 My dear friends, Please, find my technical outlook for GBPAUD below: The price is coiling around a solid key level - 2.0203 Bias - Bearish Goal - 1.9886  #GBPAUD 💹Time Frame : 1D (forecast)  🍀;1.9886
EURUSD A Fall Expected! SELL! 👩‍💻 My dear subscribers, This is my opinion on the EURUSD next move: The instrument tests an important psychological level 1.0426 Bias - Bearish Target - 1.0357  #EURUSD 💹Time Frame :  2H (forecast)  🍀;1.0357
USDCAD Set To Grow! BUY! 👩‍💻 My dear friends, USDCAD looks like it will make a good move, and here are the details: The market is trading on 1.4314 pivot level. Bias - Bullish Goal - 1.4357  #USDCAD 💹Time Frame :  5H (forecast)  🍀;1.4357
AUDNZD Technical Analysis! SELL! 👩‍💻 My dear friends, Please, find my technical outlook for AUDNZD below: The price is coiling around a solid key level - 1.1074 Bias - Bearish — Goal - 1.1051 Safe Stop Loss - 1.1088  #AUDNZD 💹Time Frame : 8H (signal)  🍀;1.1051
GBPAUD My Opinion! BUY! 👩‍💻 My dear subscribers, This is my opinion on the GBPAUD next move: The instrument tests an important psychological level 1.9965 Bias -Bullish — Target - 2.0110 My Stop Loss - 1.9905  #GBPAUD 💹Time Frame : 12H (signal)  🍀;2.0110
GOLD Under Pressure! SELL! 👩‍💻 My dear followers, I analysed this chart on GOLD and concluded the following: The market is trading on 2662.9 pivot level. Bias - Bearish Target - 2650.4  #GOLD 💹Time Frame :  1H (forecast)  🍀;2650.4
EURJPY Massive Short! SELL! 👩‍💻 My dear subscribers, My technical analysis for EURJPY is below: The price is coiling around a solid key level - 163.75 Bias - Bearish Goal - 162.82  #EURJPY 💹Time Frame :  5H (forecast)  🍀;162.82
AUDJPY Buyers In Panic! SELL! 👩‍💻 My dear friends, AUDJPY looks like it will make a good move, and here are the details: The market is trading on 98.841 pivot level. Bias - Bearish  Goal - 98.129 Recommended Stop Loss - 99.245  #AUDJPY 💹Time Frame : 8H (signal)  🍀;98.129
EURCHF The Target Is DOWN! SELL! 👩‍💻 My dear followers, I analysed this chart on EURCHF and concluded the following: The market is trading on 0.9427 pivot level. Bias - Bearish  Target - 0.9384 Safe Stop Loss - 0.9455  #EURCHF 💹Time Frame : 12H (signal) —— Join My Premium Channel NOW 💜 🐈 My VIP Bot -  😇 Contact - AnabelContact;0.9384
EURUSD What Next? BUY! 👩‍💻 My dear friends, Please, find my technical outlook for EURUSD below: The instrument tests an important psychological level 1.0297 Bias - Bullish Target - 1.03353  #EURUSD 💹Time Frame :  1H (forecast)  🍀;1.03353
USDJPY Will Collapse! SELL! 👩‍💻 My dear followers, This is my opinion on the USDJPY next move: The asset is approaching an important pivot point 158.40 Bias - Bearish Goal - 157.58  #USDJPY 💹Time Frame :  5H (forecast)  🍀;157.58
GBPNZD Trading Opportunity! BUY! 👩‍💻 My dear subscribers, My technical analysis for GBPNZD is below: The price is coiling around a solid key level - 2.2036 Bias - Bullish — Goal - 2.2185 My Stop Loss - 2.1959  #GBPNZD 💹Time Frame : 8H (signal)  🍀;2.2185
GBPCAD On The Rise! BUY! 👩‍💻 My dear friends, Please, find my technical outlook for GBPCAD below: The instrument tests an important psychological level 1.7763 Bias - Bullish  Target - 1.7884 Recommended Stop Loss - 1.7690  #GBPCAD 💹Time Frame : 12H (signal)  🍀;1.7884
CHFJPY Expected Growth! BUY! 👩‍💻 My dear subscribers, CHFJPY looks like it will make a good move, and here are the details: The market is trading on 173.20 pivot level. Bias - Bullish Target - 173.50  #CHFJPY 💹Time Frame :  1H (forecast)  🍀;173.50
AUDUSD Technical Analysis! BUY! 👩‍💻 My dear friends, My technical analysis for AUDUSD is below: The market is trading on 0.6199 pivot level. Bias - Bullish Target - 0.6226  #AUDUSD 💹Time Frame :  5H (forecast)  🍀;0.6226
AUDCAD Massive Long! BUY! 👩‍💻 My dear followers, This is my opinion on the AUDCAD next move: The asset is approaching an important pivot point 0.8915 Bias - Bearish  Safe Stop Loss - 0.8899 Goal - 0.8943  #AUDCAD 💹Time Frame : 8H (signal)  🍀;0.8943
GOLD Set To Fall! SELL! 👩‍💻 My dear subscribers, GOLD looks like it will make a good move, and here are the details: The market is trading on 2673.9 pivot level. Bias - Bearish  My Stop Loss - 2693.3 Target - 2643.0  #GOLD 💹Time Frame : 12H (signal)  🍀;2643.0
EURUSD Sellers In Panic! BUY 👩‍💻 My dear friends, Please, find my technical outlook for EURUSD below: The price is coiling around a solid key level - 1.0249 Bias - Bullish Goal - 1.0292 — 💐 #EURUSD 💹Time Frame :  3H (forecast)  🍀;1.0292
EURNZD My Opinion! SELL! 👩‍💻 My dear subscribers, This is my opinion on the EURNZD next move: The instrument tests an important psychological level 1.8441 Bias - Bearish Target - 1.8399 — 💐 #EURNZD 💹Time Frame :  5H (forecast)  🍀;1.8399
USDCAD What Next? SELL! 👩‍💻 My dear friends, My technical analysis for USDCAD is below: The market is trading on 1.4397 pivot level. Bias - Bearish — Target - 1.4364 Recommended Stop Loss - 1.4413  #USDCAD 💹Time Frame : 8H (signal)  🍀;1.4364
EURGBP Trading Opportunity! SELL! 👩‍💻 My dear friends, Please, find my technical outlook for EURGBP below: The price is coiling around a solid key level - 0.8378 Bias - Bearish — Goal - 0.8330 Safe Stop Loss - 0. 8403  #EURGBP 💹Time Frame : 12H (signal)  🍀;0.8330
GBPCHF The Target Is UP! BUY! 👩‍💻 My dear friends, GBPCHF looks like it will make a good move, and here are the details: The market is trading on 1.1176 pivot level. Bias - Bullish Goal - 1.1204  #GBPCHF 💹Time Frame :  1H (forecast)  🍀;1.1204
QQQ Will Explode! BUY! 👩‍💻 My dear subscribers, This is my opinion on the QQQ next move: The instrument tests an important psychological level 507.22 Bias - Bullish — Target - 521.67 My Stop Loss - 499.62  #QQQ 💹Time Frame : 8H (signal)  🍀;521.67
GOLD Technical Analysis! SELL! 👩‍💻 My dear friends, GOLD looks like it will make a good move, and here are the details: The market is trading on 2689.3 pivot level. Bias - Bearish — Goal - 2658.9 Recommended Stop Loss - 2707.9  #GOLD 💹Time Frame : 12H (signal) —— Get Exclusive Intraday VIP Signals 💜 Join Via My VIP Bot -  💙;2658.9
APPLE Set To Grow! BUY! 👩‍💻 My dear followers, I analysed this chart on APPLE and concluded the following: The market is trading on 236.93 pivot level. Bias - Bullish Target - 244.38  #APPLE 💹Time Frame :  5H (forecast)  🍀;244.38
EURUSD My Opinion! BUY! 👩‍💻 My dear friends, Please, find my technical outlook for EURUSD below: The instrument tests an important psychological level 1.0239 Bias - Bullish — Target - 1.0318 Safe Stop Loss - 1.0201  #EURUSD 💹Time Frame : 8H (signal)  🍀;1.0318
SPY What Next? BUY! 👩‍💻 My dear subscribers, My technical analysis for SPY is below: The price is coiling around a solid key level - 580.51 Bias - Bullish —— Goal - 591.67 My Stop Loss - 576.09  #SPY 💹Time Frame : 12H (signal)  🍀;591.67
GOLD Trading Opportunity! BUY! 👩‍💻 My dear friends, My technical analysis for GOLD is below: The market is trading on 2669.3 pivot level. Bias - Bullish Target - 2680.6  #GOLD 💹Time Frame :  1H (forecast)  🍀;2680.6
EURCHF On The Rise! BUY! 👩‍💻 My dear friends, Please, find my technical outlook for EURCHF below: The price is coiling around a solid key level - 0.9369 Bias - Bullish . Goal - 0.9393  #EURCHF 💹Time Frame :  5H (forecast)  🍀;0.9393
EURJPY Expected Growth! BUY! 👩‍💻 My dear followers, This is my opinion on the EURJPY next move: The asset is approaching an important pivot point 160.48 Bias - Bullish  Safe Stop Loss - 159.81 Goal - 161.71  #EURJPY 💹Time Frame : 8H (signal)  🍀;161.71
EURGBP Massive Short! SELL! 👩‍💻 My dear subscribers, EURGBP looks like it will make a good move, and here are the details: The market is trading on 0.8399 pivot level. Bias - Bearish — My Stop Loss - 0.8424 Target - 0.8350  #EURGBP 💹Time Frame : 12H (signal)  🍀;0.8350
EURAUD Buyers In Panic! SELL! 👩‍💻 My dear subscribers, This is my opinion on the EURAUD next move: The instrument tests an important psychological level 1.6597 Bias - Bearish Target - 1.6575  #EURAUD 💹Time Frame :  1H (forecast)  🍀;1.6575
NZDCHF The Target Is DOWN! SELL! 👩‍💻 My dear friends, NZDCHF looks like it will make a good move, and here are the details: The market is trading on 0.5121 pivot level. Bias - Bearish Goal - 0.5103  #NZDCHF 💹Time Frame :  5H (forecast)  🍀;0.5103
EURUSD Technical Analysis! BUY! 👩‍💻 My dear subscribers, EURUSD looks like it will make a good move, and here are the details: The market is trading on 1.0257 pivot level. Bias - Bullish — My Stop Loss - 1.0226 Target - 1.0308  #EURUSD 💹Time Frame : 8H (signal)  🍀;1.0308
GBPJPY Massive Long! BUY! 👩‍💻 My dear friends, My technical analysis for GBPJPY is below: The market is trading on 191.83 pivot level. Bias - Bullish  Target - 194.05 Recommended Stop Loss - 190.50  #GBPJPY 💹Time Frame : 12H (signal)  🍀;194.05
GOLD Will Collapse! SELL! 👩‍💻 My dear followers, I analysed this chart on GOLD and concluded the following: The market is trading on 2694.1 pivot level. Bias - Bearish Target - 2685.5  #GOLD 💹Time Frame :  1H (forecast)  🍀;2685.5
EURGBP Set To Fall! SELL! 👩‍💻 My dear subscribers, My technical analysis for EURGBP is below: The price is coiling around a solid key level - 0.8407 Bias - Bearish Goal - 0.8381  #EURGBP 💹Time Frame :  5H (forecast)  🍀;0.8381
USDCAD Sellers In Panic! BUY! 👩‍💻 My dear friends, Please, find my technical outlook for USDCAD below: The price is coiling around a solid key level - 1.4316 Bias - Bullish  Goal - 1.4352 Safe Stop Loss - 1.4293  #USDCAD 💹Time Frame : 8H (signal)  🍀;1.4352
GBPCHF The Target Is UP! BUY! 👩‍💻 My dear subscribers, This is my opinion on the GBPCHF next move: The instrument tests an important psychological level 1.1190 Bias - Bullish — Target - 1.1256 My Stop Loss - 1.1159  #GBPCHF 💹Time Frame : 12H (signal)  🍀;1.1256
EURUSD Will Explode! BUY! 👩‍💻 My dear friends, Please, find my technical outlook for EURUSD below: The instrument tests an important psychological level 1.0270 Bias - Bullish Target - 1.0291  #EURUSD 💹Time Frame :  1H (forecast)  🍀;1.0291
NZDJPY Set To Grow! BUY! 👩‍💻 My dear followers, This is my opinion on the NZDJPY next move: The asset is approaching an important pivot point 87.259 Bias - Bullish Goal - 87.955  #NZDJPY 💹Time Frame :  5H (forecast)  🍀;87.955
AUDJPY My Opinion! BUY! 👩‍💻 My dear friends, AUDJPY looks like it will make a good move, and here are the details: The market is trading on 96.801 pivot level. Bias - Bullish — Goal - 97.463 Recommended Stop Loss - 96.413  #AUDJPY 💹Time Frame : 8H (signal)  🍀;97.463
GBPNZD What Next? BUY! 👩‍💻 My dear followers, I analysed this chart on GBPNZD and concluded the following: The market is trading on 2.1777 pivot level. Bias - Bullish —- Target - 2.1956 Safe Stop Loss - 2.1676  #GBPNZD 💹Time Frame : 12H (signal) —— Get Exclusive VIP Signals 💗 With Entry, Stop, Target 💗 Join Via My VIP Bot -  💙 Contact - AnabelContact;2.1956
SILVER Trading Opportunity! BUY! 👩‍💻 My dear subscribers , SILVER looks like it will make a good move, and here are the details: The market is trading on 30.376 pivot level. Bias - Bullish Target - 30.638  #SILVER 💹Time Frame :  1H (forecast)  🍀;30.638
EURCAD Under Pressure! SELL! 👩‍💻 My dear friends, My technical analysis for EURCAD is below: The market is trading on 1.4844 pivot level. Bias - Bearish Target - 1.4774  #EURCAD 💹Time Frame :  5H (forecast)  🍀;1.4774
EURCHF Massive Short! SELL! 👩‍💻 My dear subscribers, My technical analysis for EURCHF is below: The price is coiling around a solid key level - 0.9406 Bias - Bearish  Goal - 0.9385 My Stop Loss - 0.9417  #EURCHF 💹Time Frame : 8H (signal)  🍀;0.9385
USDJPY Trading Opportunity! BUY! 👩‍💻 My dear friends, Please, find my technical outlook for USDJPY below: The instrument tests an important psychological level 156.03 Bias - Bullish — Target - 157.26 Recommended Stop Loss - 155.29  #USDJPY 💹Time Frame : 12H (signal)  🍀;157.26
EURUSD On The Rise! BUY! 👩‍💻 My dear friends, Please, find my technical outlook for EURUSD below: The price is coiling around a solid key level - 1.0266 Bias - Bullish Goal - 1.0281  #EURUSD 💹Time Frame :  1H (forecast)  🍀;1.0281
QQQ Buyers In Panic! SELL! 👩‍💻 My dear subscribers, This is my opinion on the QQQ next move: The instrument tests an important psychological level 521.74 Bias - Bearish Target - 513.22  #QQQ 💹Time Frame :  5H (forecast)  🍀;513.22
AUDCAD The Target Is DOWN! SELL! 👩‍💻 My dear followers, This is my opinion on the AUDCAD next move: The asset is approaching an important pivot point 0.8957 Bias - Bearish — Safe Stop Loss - 0.8980 Goal - 0.8922  #AUDCAD 💹Time Frame : 8H (signal)  🍀;0.8922
APPLE Expected Growth! BUY! 👩‍💻 My dear subscribers, APPLE looks like it will make a good move, and here are the details: The market is trading on 229.96 pivot level. Bias - Bullish —— My Stop Loss - 224.52 Target - 239.93  #APPLE 💹Time Frame : 12H (signal)  🍀;239.93
SPY Will Collapse! SELL! 👩‍💻 My dear followers, I analysed this chart on SPY and concluded the following: The market is trading on 597.55 pivot level. Bias - Bearish Target - 588.41  #SPY 💹Time Frame :  5H (forecast)  🍀;588.41
GOLD My Opinion! SELL! 👩‍💻 My dear friends, Please, find my technical outlook for GOLD below: The price is coiling around a solid key level - 2703.1 Bias - Bearish  Goal - 2674.4 Safe Stop Loss - 2720.0  #GOLD 💹Time Frame : 12H (signal)  🍀;2674.4
GBPNZD Massive Long! BUY! 👩‍💻 My dear friends, Please, find my technical outlook for EUR/USD below: The instrument tests an important psychological level 2.1703 Bias - Bullish Target - 2.1748  #GBPNZD 💹Time Frame :  1H (forecast)  🍀;2.1748
GBPUSD What Next? SELL! 👩‍💻 My dear followers, This is my opinion on the GBPUSD next move: The asset is approaching an important pivot point 1.2291 Bias - Bearish Goal - 1.2216  #GBPUSD 💹Time Frame :  5H (forecast)  🍀;1.2216
EURUSD Trading Opportunity! SELL! 👩‍💻 My dear subscribers, This is my opinion on the EURUSD next move: The instrument tests an important psychological level 1.0392 Bias - Bearish — Target - 1.0334 My Stop Loss - 1.0428  #EURUSD 💹Time Frame : 8H (signal)  🍀;1.0334
EURCAD A Fall Expected! SELL! 👩‍💻 My dear friends, EURCAD looks like it will make a good move, and here are the details: The market is trading on 1.4885 pivot level. Bias - Bearish  Goal - 1.4814 Recommended Stop Loss - 1.4929  #EURCAD 💹Time Frame : 12H (signal)  🍀;1.4814
GOLD Technical Analysis! SELL! 👩‍💻 My dear subscribers, GOLD looks like it will make a good move, and here are the details: The market is trading on 2727.0 pivot level. Bias - Bearish Target - 2716.0  #GOLD 💹Time Frame :  1H (forecast)  🍀;2716.0
EURAUD Under Pressure! SELL! 👩‍💻 My dear friends, My technical analysis for EURAUD is below: The market is trading on 1.6630 pivot level. Bias - Bearish Target - 1.6592  #EURAUD 💹Time Frame :  5H (forecast)  🍀;1.6592
NZDUSD Massive Short! SELL! 👩‍💻 My dear followers, I analysed this chart on NZDUSD and concluded the following: The market is trading on 0.5637 pivot level. Bias - Bearish  Target - 0.5606 Safe Stop Loss - 0.5653  #NZDUSD 💹Time Frame : 8H (signal)  🍀;0.5606
USDJPY Sellers In Panic! BUY! 👩‍💻 My dear subscribers, My technical analysis for USDJPY is below: The price is coiling around a solid key level - 155.40 Bias - Bullish  Goal - 156.74 My Stop Loss - 154.74  #USDJPY 💹Time Frame : 12H (signal) —— 💟 Get More Signals 💟 With Higher Accuracy 💛 Join VIP Group Now 💛;156.74
NZDCAD Buyers In Panic! SELL! 👩‍💻 My dear friends, Please, find my technical outlook for NZDCAD below: The price is coiling around a solid key level - 0.8143 Bias - Bearish Goal - 0.8127  #NZDCAD 💹Time Frame :  1H (forecast)  🍀;0.8127
EURUSD The Target Is DOWN! SELL! 👩‍💻 My dear subscribers, This is my opinion on the EURUSD next move: The instrument tests an important psychological level 1.0429 Bias - Bearish Target - 1.0364  #EURUSD 💹Time Frame :  5H (forecast)  🍀;1.0364
EURJPY Will Collapse! SELL! 👩‍💻 My dear friends, Please, find my technical outlook for EURJPY below: The instrument tests an important psychological level 162.62 Bias - Bearish — Target - 161.30 Recommended Stop Loss - 163.32  #EURJPY 💹Time Frame : 8H (signal)  🍀;161.30
AUDUSD Set To Fall! SELL! 👩‍💻 My dear followers, This is my opinion on the AUDUSD next move: The asset is approaching an important pivot point 0.6274 Bias - Bearish — Safe Stop Loss - 0.6310 Goal - 0.6211  #AUDUSD 💹Time Frame : 12H (signal)  🍀;0.6211
GOLD The Target Is UP! BUY! 👩‍💻 My dear friends, GOLD looks like it will make a good move, and here are the details: The market is trading on 2741.6 pivot level. Bias - Bullish Goal - 2748.8  #EURAUD 💹Time Frame :  1H (forecast)  🍀;2748.8
AUDCHF My Opinion! SELL! 👩‍💻 My dear followers, I analysed this chart on AUDCHF and concluded the following: The market is trading on 0.5692 pivot level. Bias - Bearish Target - 0.5674  #EURAUD 💹Time Frame :  5H (forecast)  🍀;0.5674
NZDCHF What Next? SELL! 👩‍💻 My dear subscribers, NZDCHF looks like it will make a good move, and here are the details: The market is trading on 0.5139 pivot level. Bias - Bearish — My Stop Loss - 0.5153 Target - 0.5117  #NZDCHF 💹Time Frame : 8H (signal)  🍀;0.5117
EURCHF Trading Opportunity! SELL! 👩‍💻 My dear friends, My technical analysis for EURCHF is below: The market is trading on 0.9448 pivot level. Bias - Bearish  Target - 0.9398 Recommended Stop Loss - 0.9474  #EURCHF 💹Time Frame : 12H (signal)  🍀;0.9398
GBPAUD A Fall Expected! SELL! 👩‍💻 My dear subscribers, My technical analysis for GBPAUD is below: The price is coiling around a solid key level - 1.9685 Bias - Bearish Goal - 1.9658  #GBPAUD 💹Time Frame :  1H (forecast)  🍀;1.9658
CADJPY Technical Analysis! SELL! 👩‍💻 My dear friends, Please, find my technical outlook for CADJPY below: The instrument tests an important psychological level 109.09 Bias - Bearish Target - 108.48  #CADJPY 💹Time Frame :  5H (forecast)  🍀;108.48
EURUSD Under Pressure! SELL! 👩‍💻 My dear friends, Please, find my technical outlook for EURUSD below: The price is coiling around a solid key level - 1.0473 Bias - Bearish — Goal - 1.0393 Safe Stop Loss - 1.0518  #EURUSD 💹Time Frame : 8H (signal)  🍀;1.0393
USDCAD Will Explode! BUY! 👩‍💻 My dear subscribers, This is my opinion on the USDCAD next move: The instrument tests an important psychological level 1.4323 Bias - Bullish  Target - 1.4380 My Stop Loss - 1.4297  #USDCAD 💹Time Frame : 12H (signal)  🍀;1.4380
QQQ Massive Short! SELL! 👩‍💻 My dear subscribers, QQQ looks like it will make a good move, and here are the details: The market is trading on 529.65 pivot level. Bias - Bearish Target - 519.17  #QQQ 💹Time Frame :  5H (forecast)  🍀;519.17
APPLE What Next? BUY! 👩‍💻 My dear followers, I analysed this chart on APPLE and concluded the following: The market is trading on 222.79 pivot level. Bias - Bullish — Target - 233.53 Safe Stop Loss - 217.21  #APPLE 💹Time Frame : 12H (signal)  🍀;233.53
TESLA Trading Opportunity! BUY! 👩‍💻 My dear friends, My technical analysis for TESLA is below: The market is trading on 406.51 pivot level. Bias - Bullish Target - 414.50  #TESLA 💹Time Frame :  1H (forecast)  🍀;414.50
EURUSD The Target Is DOWN! SELL! 👩‍💻 My dear subscribers, My technical analysis for EURUSD is below: The price is coiling around a solid key level - 1.0491 Bias - Bearish — Goal - 1.0413 My Stop Loss - 1.0527  #EURUSD 💹Time Frame : 8H (signal)  🍀;1.0413
SPY Will Collapse! SELL! 👩‍💻 My dear friends, Please, find my technical outlook for SPY below: The instrument tests an important psychological level 607.93 Bias - Bearish — Target - 596.16 Recommended Stop Loss - 614.42  #SPY 💹Time Frame : 12H (signal)  🍀;596.16
GOLD On The Rise! BUY! 👩‍💻 My dear subscribers, This is my opinion on the GOLD next move: The instrument tests an important psychological level 2755.2 Bias - Bullish Target - 2766.6  #GOLD 💹Time Frame :  1H (forecast)  🍀;2766.6
EURGBP Expected Growth! BUY! 👩‍💻 My dear friends, EURGBP looks like it will make a good move, and here are the details: The market is trading on 0.8412 pivot level. Bias - Bullish Goal - 0.8437  #EURGBP 💹Time Frame :  5H (forecast)  🍀;0.8437
CADCHF Technical Analysis! BUY! 👩‍💻 My dear followers, This is my opinion on the CADCHF next move: The asset is approaching an important pivot point 0.6248 Bias - Bullish  Safe Stop Loss - 0.6232 Goal -0.6284  #CADCHF 💹Time Frame : 8H (signal)  🍀;0.6284
USDJPY Massive Long! BUY! 👩‍💻 My dear subscribers, USDJPY looks like it will make a good move, and here are the details: The market is trading on 154.29 pivot level. Bias - Bullish —— My Stop Loss - 153.64 Target - 155.59  #USDJPY 💹Time Frame : 12H (signal) —— Join My Premium Channel NOW 💜 🐈 My VIP Bot -  😇 Contact - AnabelContact;155.59
EURUSD Sellers In Panic! BUY! 👩‍💻 My dear followers, I analysed this chart on EURUSD and concluded the following: The market is trading on 1.0420 pivot level. Bias - Bullish Target - 1.0452  #EURUSD 💹Time Frame :  1H (forecast)  🍀;1.0452
EURNZD Set To Fall! SELL! 👩‍💻 My dear subscribers, My technical analysis for EURNZD is below: The price is coiling around a solid key level - 1.8438 Bias - Bearish Goal - 1.8386  #EURNZD 💹Time Frame :  5H (forecast)  🍀;1.8386
GBPCHF My Opinion! SELL! 👩‍💻 My dear friends, My technical analysis for GBPCHF is below: The market is trading on 1.1256 pivot level. Bias - Bearish — Target - 1.1198 Recommended Stop Loss - 1.1288  #GBPCHF 💹Time Frame : 8H (signal)  🍀;1.1198
GBPUSD What Next? SELL! 👩‍💻 My dear friends, Please, find my technical outlook for GBPUSD below: The price is coiling around a solid key level - 1.2426 Bias - Bearish - Goal - 1.2314 Safe Stop Loss - 1.2491  #GBPUSD 💹Time Frame : 12H (signal)  🍀;1.2314
SILVER Trading Opportunity! SELL! 👩‍💻 My dear friends, Please, find my technical outlook for SILVER below: The instrument tests an important psychological level 30.495 Bias - Bearish Target - 30.267  #SILVER 💹Time Frame :  2H (forecast)  🍀;30.267
AUDJPY The Target Is UP! BUY! 👩‍💻 My dear followers, This is my opinion on the AUDJPY next move: The asset is approaching an important pivot point 96.695 Bias - Bullish Goal - 97.407  #AUDJPY 💹Time Frame :  5H (forecast)  🍀;97.407
AUDCHF Will Explode! BUY! 👩‍💻 My dear subscribers, This is my opinion on the AUDCHF next move: The instrument tests an important psychological level 0.5639 Bias - Bullish — Target - 0.5664 My Stop Loss - 0.5625 — 💐 #AUDCHF 💹Time Frame : 8H (signal)  🍀;0.5664
GBPCAD A Fall Expected! SELL! 👩‍💻 My dear friends, GBPCAD looks like it will make a good move, and here are the details: The market is trading on 1.7924 pivot level. Bias - Bearish  Goal - 1.7785 Recommended Stop Loss - 1.8018 — 💐 #GBPCAD 💹Time Frame : 12H (signal)  🍀;1.7785
EURUSD Set To Grow! BUY! 👩‍💻 My dear subscribers, EURUSD looks like it will make a good move, and here are the details: The market is trading on 1.0416 pivot level. Bias - Bullish Target - 1.0431  #EURUSD 💹Time Frame :  1H (forecast)  🍀;1.0431
GBPJPY My Opinion! BUY! 👩‍💻 My dear friends, My technical analysis for GBPJPY is below: The market is trading on 191.76 pivot level. Bias - Bullish Target - 193.12  #GBPJPY 💹Time Frame :  5H (forecast)  🍀;193.12
USDCAD Technical Analysis! SELL! 👩‍💻 My dear followers, I analysed this chart on USDCAD and concluded the following: The market is trading on 1.4410 pivot level. Bias - Bearish — Target - 1.4370 Safe Stop Loss - 1.4437  #USDCAD 💹Time Frame : 8H (signal)  🍀;1.4370
EURJPY My Opinion! BUY! 👩‍💻 My dear subscribers, My technical analysis for EURJPY is below: The price is coiling around a solid key level - 160.85 Bias - Bullish —— Goal - 161.92 My Stop Loss - 160.31  #EURJPY 💹Time Frame :  5H (forecast)  🍀;161.92
AUDNZD What Next? BUY! 👩‍💻 My dear friends, Please, find my technical outlook for AUDNZD below: The price is coiling around a solid key level - 1.1009 Bias - Bullish Goal - 1.1015  #AUDNZD 💹Time Frame :  1H (forecast)  🍀;1.1015
GOLD Under Pressure! SELL! 👩‍💻 My dear subscribers, This is my opinion on the GOLD next move: The instrument tests an important psychological level 2796.6 Target - 2772.5  #GOLD 💹Time Frame :  4H (forecast)  🍀;2772.5
NZDJPY Trading Opportunity! BUY! 👩‍💻 My dear friends, Please, find my technical outlook for NZDJPY below: The instrument tests an important psychological level 87.296 Bias - Bullish — Target - 87.875 Recommended Stop Loss - 87.011  #NZDJPY 💹Time Frame : 8H (signal)  🍀;87.875
GBPCHF Massive Short! SELL! 👩‍💻 My dear followers, This is my opinion on the GBPCHF next move: The asset is approaching an important pivot point 1.1306 Bias - Bearish — Safe Stop Loss - 1.1335 Goal - 1.1242  #GBPCHF 💹Time Frame : 12H (signal)  🍀;1.1242
EURUSD On The Rise! BUY! 👩‍💻 My dear friends, EURUSD looks like it will make a good move, and here are the details: The market is trading on 1.0356 pivot level. Bias - Bullish Goal - 1.0386  #EURUSD 💹Time Frame :  1H (forecast)  🍀;1.0386
AUDNZD Technical Analysis! BUY! 👩‍💻 My dear subscribers, AUDNZD looks like it will make a good move, and here are the details: The market is trading on 1.1016 pivot level. Bias -Bullish — My Stop Loss - 1.1002 Target - 1.1042  #AUDNZD 💹Time Frame : 8H (signal)  🍀;1.1042
GOLD Buyers In Panic! SELL! 👩‍💻 My dear followers, I analysed this chart on GOLD and concluded the following: The market is trading on 2797.9 pivot level. Bias - Bearish Target - 2778.9  #GOLD 💹Time Frame :  3H (forecast)  🍀;2778.9
EURNZD Set To Grow! BUY! 👩‍💻 My dear subscribers, My technical analysis for EURNZD is below: The price is coiling around a solid key level - 1.8379 Bias - Bullish Goal - 1.8416  #EURNZD 💹Time Frame :  5H (forecast)  🍀;1.8416
EURJPY My Opinion! BUY! 👩‍💻 My dear friends, Please, find my technical outlook for EURJPY below: The price is coiling around a solid key level - 160.70 Bias - Bullish  Goal - 161.63 Safe Stop Loss - 160.13  #EURJPY 💹Time Frame : 8H (signal)  🍀;161.63
USDJPY Trading Opportunity! BUY! 👩‍💻 My dear friends, Please, find my technical outlook for USDJPY below: The instrument tests an important psychological level 154.45 Bias - Bullish Target - 155.02  #USDJPY 💹Time Frame :  1H (forecast)  🍀;155.02
EURUSD On The Rise! BUY! 👩‍💻 My dear followers, This is my opinion on the EURUSD next move: The asset is approaching an important pivot point 1.0256 Bias - Bullish Goal - 1.0358  #EURUSD 💹Time Frame :  5H (forecast)  🍀;1.0358
GBPJPY Expected Growth! BUY! 👩‍💻 My dear friends, GBPJPY looks like it will make a good move, and here are the details: The market is trading on 190.78 pivot level. Bias - Bullish  Goal - 192.09 Recommended Stop Loss - 190.04  #GBPJPY 💹Time Frame : 8H (signal)  🍀;192.09
NZDUSD Technical Analysis! BUY! 👩‍💻 My dear followers, I analysed this chart on NZDUSD and concluded the following: The market is trading on 0.5566 pivot level. Bias - Bullish — Target - 0.5613 Safe Stop Loss - 0.5539  #NZDUSD 💹Time Frame : 12H (signal)  🍀;0.5613
CHFJPY The Target Is DOWN! SELL! 👩‍💻 My dear subscribers, CHFJPY looks like it will make a good move, and here are the details: The market is trading on 170.90 pivot level. Bias - Bearish Target - 170.21  #CHFJPY 💹Time Frame :  1H (forecast)  🍀;170.21
GOLD Will Collapse! SELL! 👩‍💻 My dear friends, My technical analysis for GOLD is below: The market is trading on 2833.1 pivot level. Bias - Bearish Target - 2791.9  #GOLD 💹Time Frame :  5H (forecast)  🍀;2791.9
NZDCHF Massive Long! BUY! 👩‍💻 My dear subscribers, My technical analysis for NZDCHF is below: The price is coiling around a solid key level - 0.5102 Bias - Bullish — Goal - 0.5126 My Stop Loss - 0.5090  #NZDCHF 💹Time Frame : 8H (signal)  🍀;0.5126
EURGBP Sellers In Panic! BUY! 👩‍💻 My dear subscribers, My technical analysis for EUR/USD is below: The price is coiling around a solid key level - 0.8321 Bias - Bullish  Goal - 0.8363 My Stop Loss - 0.8295  #EURGBP 💹Time Frame : 12H (signal) —— Join My Premium Channel NOW 💜 🐈 My VIP Bot -  😇 Contact - AnabelContact;0.8363
EURUSD My Opinion! SELL! 👩‍💻 My dear friends, Please, find my technical outlook for EURUSD below: The price is coiling around a solid key level - 1.0413 Bias - Bearish Goal - 1.0336  #EURUSD 💹Time Frame :  3H (forecast)  🍀;1.0336
EURCAD The Target Is UP! BUY! 👩‍💻 My dear subscribers, This is my opinion on the EURCAD next move: The instrument tests an important psychological level 1.4882 Bias - Bullish Target - 1.4964  #EURCAD 💹Time Frame :  5H (forecast)  🍀;1.4964
EURJPY Will Explode! BUY! 👩‍💻 My dear friends, Please, find my technical outlook for EURJPY below: The instrument tests an important psychological level 159.31 Bias - Bullish  Target - 160.59 Recommended Stop Loss - 158.73  #EURJPY 💹Time Frame : 8H (signal)  🍀;160.59
GBPUSD What Next? SELL! 👩‍💻 My dear followers, This is my opinion on the GBPUSD next move: The asset is approaching an important pivot point 1.2516 Bias - Bearish — Safe Stop Loss - 1. 2585 Goal - 1.2405  #GBPUSD 💹Time Frame : 12H (signal)  🍀;1.2405
SILVER Set To Grow! BUY! 👩‍💻 My dear friends, SILVER looks like it will make a good move, and here are the details: The market is trading on 32.086 pivot level. Bias - Bullish Goal - 32.264  #SILVER 💹Time Frame :  1H (forecast)  🍀;32.264
AUDNZD Trading Opportunity! SELL! 👩‍💻 My dear followers, I analysed this chart on AUDNZD and concluded the following: The market is trading on 1.1068 pivot level. Bias - Bearish Target - 1.1046  #AUDNZD 💹Time Frame :  5H (forecast)  🍀;1.1046
AUDJPY My Opinion! BUY! 👩‍💻 My dear subscribers, AUDJPY looks like it will make a good move, and here are the details: The market is trading on 95.481 pivot level. Bias - Bullish  My Stop Loss - 94.973 Target - 96.280  #AUDJPY 💹Time Frame : 8H (signal)  🍀;96.280
EURAUD What Next? BUY! 👩‍💻 My dear friends, My technical analysis for EURAUD is below: The market is trading on 1.6541 pivot level. Bias - Bullish — Target - 1.6651 Recommended Stop Loss - 1.6507  #EURAUD 💹Time Frame : 12H (signal) —— Get Exclusive Intraday VIP Signals 💜 Join Via My VIP Bot -  💙;1.6651
EURUSD Trading Opportunity! BUY! 👩‍💻 My dear subscribers, My technical analysis for EURUSD is below: The price is coiling around a solid key level - 1.0375 Bias - Bullish Goal - 1.0389  #EURUSD 💹Time Frame :  1H (forecast)  🍀;1.0389
GBPAUD On The Rise! BUY! 👩‍💻 My dear friends, Please, find my technical outlook for GBPAUD below: The instrument tests an important psychological level 1.9829 Bias - Bullish Target - 1.9919  #GBPAUD 💹Time Frame :  5H (forecast)  🍀;1.9919
AUDNZD A Fall Expected! SELL! 👩‍💻 My dear subscribers, This is my opinion on the AUDNZD next move: The instrument tests an important psychological level 1.1068 Bias - Bearish — Target - 1.1047 My Stop Loss - 1.1081  #AUDNZD 💹Time Frame : 8H (signal)  🍀;1.1047
EURCAD Expected Growth! BUY! 👩‍💻 My dear friends, EURCAD looks like it will make a good move, and here are the details: The market is trading on 1.4823 pivot level. Bias - Bullish  Goal - 1.4906 Recommended Stop Loss - 1.4770  #EURCAD 💹Time Frame : 12H (signal)  🍀;1.4906
SILVER Technical Analysis! BUY! 👩‍💻 My dear followers, This is my opinion on the SILVER next move: The asset is approaching an important pivot point 31.808 Bias - Bullish Goal - 32.031  #SILVER 💹Time Frame :  1H (forecast)  🍀;32.031
NZDCHF Set To Fall! SELL! 👩‍💻 My dear subscribers, NZDCHF looks like it will make a good move, and here are the details: The market is trading on 0.5148 pivot level. Bias - Bearish Target - 0.5117  #NZDCHF 💹Time Frame :  5H (forecast)  🍀;0.5117
GBPNZD Massive Long! BUY! 👩‍💻 My dear followers, I analysed this chart on GBPNZD and concluded the following: The market is trading on 2.1887 pivot level. Bias - Bullish  Target - 2.2015 Safe Stop Loss - 2.1821  #GBPNZD 💹Time Frame : 8H (signal)  🍀;2.2015
TESLA Sellers In Panic! BUY! 👩‍💻 My dear subscribers, My technical analysis for TESLA is below: The price is coiling around a solid key level - 361.54 Bias - Bullish  Goal - 401.41 My Stop Loss - 337.47  #TESLA 💹Time Frame : 12H (signal)  🍀;401.41
EURUSD The Target Is UP! BUY! 👩‍💻 My dear friends, My technical analysis for EURUSD is below: The market is trading on 1.0325 pivot level. Bias - Bullish Target - 1.0373  #EURUSD 💹Time Frame :  2H (forecast)  🍀;1.0373
GBPAUD Will Explode! BUY! 👩‍💻 My dear friends, Please, find my technical outlook for GBPAUD below: The price is coiling around a solid key level - 1.9763 Bias - Bullish Goal - 1.9903  #GBPAUD 💹Time Frame :  5H (forecast)  🍀;1.9903
AUDNZD Technical Analysis! SELL! 👩‍💻 My dear friends, Please, find my technical outlook for AUDNZD below: The instrument tests an important psychological level 1.1070 Bias - Bearish Target - 1.1041 Recommended Stop Loss - 1.1086  #AUDNZD 💹Time Frame : 8H (signal)  🍀;1.1041
GOLD Under Pressure! SELL! 👩‍💻 My dear subscribers, This is my opinion on the GOLD next move: The instrument tests an important psychological level 2903.84 Bias - Bearish Target - 2880.90  #GOLD 💹Time Frame :  1H (forecast)  🍀;2880.90
AUDCHF Massive Short! SELL! 👩‍💻 My dear friends, AUDCHF looks like it will make a good move, and here are the details: The market is trading on 0.5715 pivot level. Bias - Bearish Goal - 0.5677  #AUDCHF 💹Time Frame :  5H (forecast)  🍀;0.5677
NZDCHF Buyers In Panic! SELL! 👩‍💻 My dear subscribers, NZDCHF looks like it will make a good move, and here are the details: The market is trading on 0.5147 pivot level. Bias - Bearish  My Stop Loss - 0.5159 Target - 0.5123  #NZDCHF 💹Time Frame : 8H (signal)  🍀;0.5123
EURCHF My Opinion! BUY! 👩‍💻 My dear friends, My technical analysis for EURCHF is below: The market is trading on 0.9387 pivot level. Bias - Bullish — Target - 0.9422 Recommended Stop Loss - 0.9369  #EURCHF 💹Time Frame : 12H (signal) —— Join My Premium Channel NOW 💜 🐈 My VIP Bot -  😇 Contact - AnabelContact;0.9422
USDJPY The Target Is DOWN! SELL! 👩‍💻 My dear followers, I analysed this chart on USDJPY and concluded the following: The market is trading on 152.25 pivot level. Bias - Bearish Target - 151.93  #USDJPY 💹Time Frame :  1H (forecast)  🍀;151.93
AUDNZD Will Collapse! SELL! 👩‍💻 My dear subscribers , My technical analysis for AUDNZD is below: The price is coiling around a solid key level - 1.1115 Bias - Bearish Goal - 1.1077  #AUDNZD 💹Time Frame :  5H (forecast)  🍀;1.1077
GBPAUD What Next? BUY! 👩‍💻 My dear friends, Please, find my technical outlook for GBPAUD below: The price is coiling around a solid key level - 1.9702 Bias - Bullish  Goal - 1.9827 Safe Stop Loss - 1.9626  #GBPAUD 💹Time Frame : 8H (signal)  🍀;1.9827
EURUSD Trading Opportunity! BUY! 👩‍💻 My dear subscribers, This is my opinion on the EURUSD next move: The instrument tests an important psychological level 1.0317 Bias - Bullish — Target - 1.0393 My Stop Loss - 1.0274  #EURUSD 💹Time Frame : 12H (signal)  🍀;1.0393
GOLD On The Rise! BUY! 👩‍💻 My dear friends, GOLD looks like it will make a good move, and here are the details: The market is trading on 2880.7 pivot level. Bias - Bullish — Goal - 2895.0 Recommended Stop Loss - 2872.9  #GOLD 💹Time Frame : 30m (signal)  🍀;2895.0
NZDCHF Expected Growth! BUY! 👩‍💻 My dear friends, Please, find my technical outlook for NZDCHF below: The instrument tests an important psychological level 0.5136 Bias - Bullish Target - 0.5149  #NZDCHF 💹Time Frame :  1H (forecast)  🍀;0.5149
AUDJPY My Opinion! SELL! 👩‍💻 My dear followers, This is my opinion on the AUDJPY next move: The asset is approaching an important pivot point 96.402 Bias - Bearish Goal - 95.587  #AUDJPY 💹Time Frame :  5H (forecast)  🍀;95.587
CADCHF What Next? SELL! 👩‍💻 My dear followers, I analysed this chart on CADCHF and concluded the following: The market is trading on 0.6370 pivot level. Bias - Bearish  Target - 0.6310 Safe Stop Loss - 0.6403  #GBPAUD 💹Time Frame : 12H (signal) —— Get Exclusive Intraday VIP Signals 💜 Join Via My VIP Bot -  💙;0.6310
AUDNZD Technical Analysis! BUY! 👩‍💻 My dear subscribers, AUDNZD looks like it will make a good move, and here are the details: The market is trading on 1.1122 pivot level. Bias - Bullish Target - 1.1128  #AUDNZD 💹Time Frame :  1H (forecast)  🍀;1.1128
EURUSD Trading Opportunity! SELL! 👩‍💻 My dear friends, My technical analysis for EURUSD is below: The market is trading on 1.0386 pivot level. Bias - Bearish Target - 1.0342  #EURUSD 💹Time Frame :  5H (forecast)  🍀;1.0342
CADJPY Under Pressure! SELL! 👩‍💻 My dear subscribers, My technical analysis for CADJPY is below: The price is coiling around a solid key level - 107.47 Bias - Bearish  Goal - 106.55 My Stop Loss - 108.07  #CADJPY 💹Time Frame : 8H (signal)  🍀;106.55
GBPNZD Massive Short! SELL! 👩‍💻 My dear friends, Please, find my technical outlook for GBPNZD below: The instrument tests an important psychological level 2.2146 Bias - Bearish — Target - 2.2020 Recommended Stop Loss - 2.2237  #GBPNZD 💹Time Frame : 12H (signal)  🍀;2.2020
GOLD Buyers In Panic! SELL! 👩‍💻 My dear followers, This is my opinion on the GOLD next move: The asset is approaching an important pivot point 2931.9 Bias - Bearish — Safe Stop Loss - 2939.6 Goal - 2917.6  #GOLD 💹Time Frame : 30m (signal)  🍀;2917.6
AUDJPY The Target Is DOWN! SELL! 👩‍💻 My dear friends, Please, find my technical outlook for AUDJPY below: The price is coiling around a solid key level - 96.823 Bias - Bearish Goal - 96.490  #AUDJPY 💹Time Frame :  1H (forecast)  🍀;96.490
USDCHF What Next? BUY! 👩‍💻 My dear subscribers, This is my opinion on the USDCHF next move: The instrument tests an important psychological level 0.9006 Bias - Bullish Target - 0.9070  #USDCHF 💹Time Frame :  5H (forecast)  🍀;0.9070
NZDUSD Will Collapse! SELL! 👩‍💻 My dear subscribers, NZDUSD looks like it will make a good move, and here are the details: The market is trading on 0.5708 pivot level. Bias - Bearish  My Stop Loss - 0.5737 Target - 0.5653  #NZDUSD 💹Time Frame : 12H (signal) —— Get Exclusive VIP Signals 💗 With Entry, Stop, Target 💗 Join Via My VIP Bot -  💙 Contact - AnabelContact;0.5653
EURUSD Set To Fall! SELL! 👩‍💻 My dear followers, I analysed this chart on EURUSD and concluded the following: The market is trading on 1.0487 pivot level. Bias - Bearish Target - 1.0390  #EURUSD 💹Time Frame :  5H (forecast)  🍀;1.0390
QQQ My Opinion! SELL! 👩‍💻 My dear friends, My technical analysis for QQQ is below: The market is trading on 538.12 pivot level. Bias - Bearish  Target - 527.72 Recommended Stop Loss - 544.30  #QQQ 💹Time Frame : 8H (signal)  🍀;527.72
SILVER Sellers In Panic! BUY! 👩‍💻 My dear subscribers, My technical analysis for SILVER is below: The price is coiling around a solid key level - 32.147 Bias - Bullish Goal - 32.524  #SILVER 💹Time Frame : 1H (forecast)  🍀;32.524
AUDNZD The Target Is UP! BUY! 👩‍💻 My dear friends, Please, find my technical outlook for AUDNZD below: The instrument tests an important psychological level 1.1075 Bias - Bullish Target - 1.1114  #AUDNZD 💹Time Frame : 5H (forecast)  🍀;1.1114
APPLE Trading Opportunity! SELL! 👩‍💻 My dear subscribers, This is my opinion on the APPLE next move: The instrument tests an important psychological level 244.56 Bias - Bearish — Target - 234.19 My Stop Loss - 250.52 — 💐 #APPLE 💹Time Frame : 8H (signal)  🍀;234.19
SPY A Fall Expected! SELL! 👩‍💻 My dear friends, SPY looks like it will make a good move, and here are the details: The market is trading on 609.70 pivot level. Bias - Bearish  Goal - 600.34 Recommended Stop Loss - 615.13 — 💐 #SPY 💹Time Frame : 12H (signal) —— 💟 Get More Signals 💟 With Higher Accuracy 💛 Join VIP Group Now 💛;600.34
GBPJPY Will Explode! BUY! 👩‍💻 My dear followers, This is my opinion on the GBPJPY next move: The asset is approaching an important pivot point 190.70 Bias - Bullish Goal - 191.37  #GBPJPY 💹Time Frame :  1H (forecast)  🍀;191.37
GBPUSD Technical Analysis! SELL! 👩‍💻 My dear subscribers, GBPUSD looks like it will make a good move, and here are the details: The market is trading on 1.2588 pivot level. Bias - Bearish Target - 1.2490  #GBPUSD 💹Time Frame :  5H (forecast)  🍀;1.2490
EURUSD Under Pressure! SELL! 👩‍💻 My dear followers, I analysed this chart on EURUSD and concluded the following: The market is trading on 1.0473 pivot level. Bias - Bearish Target - 1.0403 Safe Stop Loss - 1.0514  #EURUSD 💹Time Frame : 8H (signal)  🍀;1.0403
EURAUD Set To Grow! BUY! 👩‍💻 My dear subscribers, My technical analysis for EURAUD is below: The price is coiling around a solid key level - 1.6457 Bias - Bullish — Goal - 1.6546 My Stop Loss - 1.6406  #EURAUD 💹Time Frame : 12H (signal) —— Join My Premium Channel NOW 💜 🐈 My VIP Bot -  😇 Contact - AnabelContact;1.6546
GOLD Massive Short! SELL! 👩‍💻 My dear friends, Please, find my technical outlook for GOLD below: The instrument tests an important psychological level 2912.4 Bias - Bearish — Target - 2897.6 Recommended Stop Loss - 2918.8  #GOLD 💹Time Frame : 30m (signal)  🍀;2897.6
EURCHF My Opinion! BUY! 👩‍💻 My dear friends, My technical analysis for EURCHF is below: The market is trading on 0.9429 pivot level. Bias - Bullish Target - 0.9442  #EURCHF 💹Time Frame :  1H (forecast)  🍀;0.9442
AUDCAD Buyers In Panic! SELL! 👩‍💻 My dear friends, Please, find my technical outlook for AUDCAD below: The price is coiling around a solid key level - 0.9015 Bias - Bearish Goal - 0.8992  #AUDCAD 💹Time Frame :  5H (forecast)  🍀;0.8992
USDCHF On The Rise! BUY! 👩‍💻 My dear followers, This is my opinion on the USDCHF next move: The asset is approaching an important pivot point 0.9016 Bias - Bullish  Safe Stop Loss - 0.8986 Goal -0.9066  #USDCHF 💹Time Frame : 12H (signal)  🍀;0.9066
EURUSD Expected Growth! BUY! 👩‍💻 My dear subscribers, This is my opinion on the EURUSD next move: The instrument tests an important psychological level 1.0426 Bias - Bullish Target - 1.0448  #EURUSD 💹Time Frame :  1H (forecast)  🍀;1.0448
EURAUD Massive Long! BUY! 👩‍💻 My dear friends, EURAUD looks like it will make a good move, and here are the details: The market is trading on 1.6425 pivot level. Bias - Bullish Goal - 1.6503  #EURAUD 💹Time Frame :  5H (forecast)  🍀;1.6503
GBPCAD The Target Is DOWN! SELL! 👩‍💻 My dear followers, I analysed this chart on GBPCAD and concluded the following: The market is trading on 1.7876 pivot level. Bias - Bearish — Target - 1.7781 Safe Stop Loss - 1.7924  #GBPCAD 💹Time Frame : 8H (signal)  🍀;1.7781
EURNZD Sellers In Panic! BUY! 👩‍💻 My dear subscribers, EURNZD looks like it will make a good move, and here are the details: The market is trading on 1.8256 pivot level. Bias - Bullish  My Stop Loss - 1.8217 Target - 1.8329  #EURNZD 💹Time Frame : 12H (signal) —— Get Exclusive Intraday VIP Signals 💜 Join Via My VIP Bot -  💙;1.8329
GOLD The Target Is UP! BUY! 👩‍💻 My dear friends, My technical analysis for GOLD is below: The market is trading on 2941.7 pivot level. Bias - Bullish — Target - 2952.86 Recommended Stop Loss - 2937.0  #GOLD 💹Time Frame : 30m (signal)  🍀;2952.86
NZDCHF A Fall Expected! SELL! 👩‍💻 My dear followers, I analysed this chart on NZDCHF and concluded the following: The market is trading on 0.5169 pivot level. Bias - Bearish Target - 0.5158  #NZDCHF 💹Time Frame :  1H (forecast)  🍀;0.5158
NZDJPY Will Explode! BUY! 👩‍💻 My dear subscribers, My technical analysis for NZDJPY is below: The price is coiling around a solid key level - 86.054 Bias - Bullish Goal - 86.587  #NZDJPY 💹Time Frame :  5H (forecast)  🍀;86.587
EURJPY What Next? BUY! 👩‍💻 My dear friends, Please, find my technical outlook for EURJPY below: The price is coiling around a solid key level - 156.81 Bias - Bullish — Goal - 158.63 Safe Stop Loss - 156.08  #EURJPY 💹Time Frame : 8H (signal)  🍀;158.63
GBPAUD Technical Analysis! SELL! 👩‍💻 My dear friends, Please, find my technical outlook for GBPAUD below: The instrument tests an important psychological level 1.9805 Bias - Bearish Target - 1.9787  #GBPAUD 💹Time Frame :  1H (forecast)  🍀;1.9787
USDJPY Set To Grow! BUY! 👩‍💻 My dear followers, This is my opinion on theUSDJPY next move: The asset is approaching an important pivot point 150.36 Bias - Bullish Goal - 151.52  #USDJPY 💹Time Frame :  5H (forecast)  🍀;151.52
EURNZD My Opinion! BUY! 👩‍💻 My dear subscribers, This is my opinion on the EURNZD next move: The instrument tests an important psychological level 1.8197 Bias - Bullish  Target - 1.8280 My Stop Loss - 1.8154  #EURNZD 💹Time Frame : 8H (signal)  🍀;1.8280
EURUSD Under Pressure! SELL! 👩‍💻 My dear friends, EURUSD looks like it will make a good move, and here are the details: The market is trading on 1.0488 pivot level. — Goal - 1.0411 Recommended Stop Loss - 1.0535  #EURUSD 💹Time Frame : 12H (signal)  🍀;1.0411
SILVER Trading Opportunity! BUY! 👩‍💻 My dear subscribers, SILVER looks like it will make a good move, and here are the details: The market is trading on 32.462 pivot level. Bias - Bullish Target - 32.729  #SILVER 💹Time Frame :  1H (forecast)  🍀;32.729
SPY On The Rise! BUY! 👩‍💻 My dear friends, My technical analysis for SPY is below: The market is trading on 599.97 pivot level. Bias - Bullish Target - 605.39  #SPY 💹Time Frame :  5H (forecast)  🍀;605.39
TESLA Expected Growth! BUY! 👩‍💻 My dear followers, I analysed this chart on TESLA and concluded the following: The market is trading on 337.50 pivot level. Bias - Bullish — Target - 382.40 Safe Stop Loss - 313.62  #TESLA 💹Time Frame : 8H (signal)  🍀;382.40
EURUSD Expected Growth! BUY! 👩‍💻 My dear friends, Please, find my technical outlook for EURUSD below: The price is coiling around a solid key level - 1.0456 Bias -Bullish Goal - 1.0478  #EURUSD 💹Time Frame :  1H (forecast)  🍀;1.0478
APPLE Buyers In Panic! SELL! 👩‍💻 My dear followers, This is my opinion on the APPLE next move: The asset is approaching an important pivot point 245.60 Bias - Bearish  Safe Stop Loss - 251.37 Goal - 235.33  #APPLE 💹Time Frame : 12H (signal)  🍀;235.33
GOLD The Target Is DOWN! SELL! 👩‍💻 My dear subscribers, GOLD looks like it will make a good move, and here are the details: The market is trading on 2949.5 pivot level. Bias - Bearish — My Stop Loss - 2954.4 Target - 2940.5  #GOLD 💹Time Frame : 30m (signal)  🍀;2940.5
AUDUSD What Next? BUY! 👩‍💻 My dear followers, I analysed this chart on AUDUSD and concluded the following: The market is trading on 0.6361 pivot level. Bias - Bullish Target - 0.6376  #AUDUSD 💹Time Frame :  1H (forecast)  🍀;0.6376
AUDJPY Trading Opportunity! BUY! 👩‍💻 My dear subscribers, My technical analysis for AUDJPY is below: The price is coiling around a solid key level - 95.074 Bias - Bullish Goal - 95.936  #AUDJPY 💹Time Frame :  5H (forecast)  🍀;95.936
USDCHF On The Rise! BUY! 👩‍💻 My dear friends, My technical analysis for USDCHF is below: The market is trading on 0.8975 pivot level. Bias -Bullish — Target - 0.9038 Recommended Stop Loss - 0.8952  #USDCHF 💹Time Frame : 12H (signal)  🍀;0.9038
EURUSD Will Collapse! SELL! 👩‍💻 My dear friends, Please, find my technical outlook for EURUSD below: The instrument tests an important psychological level 1.0497 Bias - Bearish Target - 1.0474  #EURUSD 💹Time Frame :  1H (forecast)  🍀;1.0474
GBPCHF Expected Growth! BUY! 👩‍💻 My dear followers, This is my opinion on the GBPCHF next move: The asset is approaching an important pivot point 1.1317 Bias - Bullish Goal - 1.1355  #GBPCHF 💹Time Frame :  5H (forecast)  🍀;1.1355
GBPAUD Set To Fall! SELL! 👩‍💻 My dear friends, Please, find my technical outlook for GBPAUD below: The price is coiling around a solid key level - 1.9973 Bias - Bearish  Goal - 1.9888 Safe Stop Loss - 2.0024  #GBPAUD 💹Time Frame : 8H (signal)  🍀;1.9888
EURCAD My Opinion! SELL! 👩‍💻 My dear subscribers, This is my opinion on the EURCAD next move: The instrument tests an important psychological level 1.5004 Bias - Bearish — Target - 1.4918 My Stop Loss - 1.5061  #EURCAD 💹Time Frame : 12H (signal) —— Get Exclusive Intraday VIP Signals 💜 Join Via My VIP Bot -  💙;1.4918
GOLD Will Explode! BUY! 👩‍💻 My dear friends, GOLD looks like it will make a good move, and here are the details: The market is trading on 2911.0 pivot level. Bias - Bullish  Goal - 2925.4 Recommended Stop Loss - 2903.3  #GOLD 💹Time Frame : 30m (signal)  🍀;2925.4
EURGBP USD Set To Grow! BUY! 👩‍💻 My dear subscribers, EURGBP looks like it will make a good move, and here are the details: The market is trading on 0.8283 pivot level. Bias - Bullish Target - 0.8293  #EURGBP 💹Time Frame :  1H (forecast)  🍀;0.8293
NZDUSD Massive Long! BUY! 👩‍💻 My dear friends, My technical analysis for NZDUSD is below: The market is trading on 0.5691 pivot level. Bias - Bullish Target - 0.5731  #NZDUSD 💹Time Frame :  5H (forecast)  🍀;0.5731
EURAUD What Next? SELL! 👩‍💻 My dear followers, I analysed this chart on EURAUD and concluded the following: The market is trading on 1.6631 pivot level. Bias - Bearish —— Target - 1.6523 Safe Stop Loss - 1.6677  #EURAUD 💹Time Frame : 8H (signal)  🍀;1.6523
EURUSD Sellers In Panic! BUY! 👩‍💻 My dear friends, Please, find my technical outlook for EURUSD below: The price is coiling around a solid key level - 1.0435 Bias - Bullish Goal - 1.0464  #NZDUSD 💹Time Frame :  3H (forecast)  🍀;1.0464
NZDCHF The Target Is UP! BUY! 👩‍💻 My dear subscribers, This is my opinion on the NZDCHF next move: The instrument tests an important psychological level 0.5091 Bias - Bullish Target - 0.5121  #NZDCHF 💹Time Frame :  5H (forecast)  🍀;0.5121
NZDJPY Will Explode! BUY! 👩‍💻 My dear subscribers, My technical analysis for NZDJPY is below: The price is coiling around a solid key level - 84.820 Bias - Bullish — Goal - 85.665 My Stop Loss - 84.404  #NZDJPY 💹Time Frame : 8H (signal)  🍀;85.665
EURNZD Trading Opportunity! SELL! 👩‍💻 My dear friends, Please, find my technical outlook for EURNZD below: The instrument tests an important psychological level 1.8442 Bias - Bearish  Target - 1.8346 Recommended Stop Loss - 1.8496  #EURNZD 💹Time Frame : 12H (signal) —— Get Exclusive VIP Signals 💗 With Entry, Stop, Target 💗 Join Via My VIP Bot -  💙 Contact - AnabelContact;1.8346
GOLD Set To Grow! BUY! 👩‍💻 My dear followers, This is my opinion on the GOLD next move: The asset is approaching an important pivot point 2845.5 Bias - Bullish — Safe Stop Loss - 2838.1 Goal - 2860.5  #GOLD 💹Time Frame : 30m (signal)  🍀;2860.5
GBPJPY A Fall Expected! SELL! 👩‍💻 My dear friends, GBPJPY looks like it will make a good move, and here are the details: The market is trading on 189.95 pivot level. Bias - Bearish Goal - 189.26  #GBPJPY 💹Time Frame :  1H (forecast)  🍀;189.26
AUDNZD Technical Analysis! SELL! 👩‍💻 My dear followers , I analysed this chart on AUDNZD and concluded the following: The market is trading on 1.1089 pivot level. Bias - Bearish Target - 1.1072  #AUDNZD 💹Time Frame :  5H (forecast)  🍀;1.1072
USDCAD Under Pressure! SELL! 👩‍💻 My dear subscribers , USDCAD looks like it will make a good move, and here are the details: The market is trading on 1.4439 pivot level. Bias - Bearish — My Stop Loss - 1.4484 Target - 1.4352  #USDCAD 💹Time Frame : 8H (signal)  🍀;1.4352
USDJPY Massive Short! SELL! 👩‍💻 My dear subscribers, My technical analysis for USDJPY is below: The price is coiling around a solid key level - 150.60 Bias - Bearish Goal - 149.93  #USDJPY 💹Time Frame :  1H (forecast)  🍀;149.93
EURUSD My Opinion! BUY! 👩‍💻 My dear friends, Please, find my technical outlook for EURUSD below: The instrument tests an important psychological level 1.0373 Bias - Bullish Target - 1.0429  #EURUSD 💹Time Frame :  5H (forecast)  🍀;1.0429
SPY Trading Opportunity! BUY! 👩‍💻 My dear friends, Please, find my technical outlook for SPY below: The price is coiling around a solid key level - 594.00 Bias - Bullish  Goal - 602.54 Safe Stop Loss - 590.04  #SPY 💹Time Frame : 12H (signal) —— Join My Premium Channel NOW 💜 🐈 My VIP Bot -  😇 Contact - AnabelContact;602.54
QQQ On The Rise! BUY! 👩‍💻 My dear subscribers, QQQ looks like it will make a good move, and here are the details: The market is trading on 508.17 pivot level. Bias - Bullish Target - 520.29  #QQQ 💹Time Frame :  5H (forecast)  🍀;520.29
SILVER Expected Growth! BUY! 👩‍💻 My dear subscribers, This is my opinion on the SILVER next move: The instrument tests an important psychological level 31.150 Bias - Bullish — Target - 32.002 My Stop Loss - 30.755  #SILVER 💹Time Frame : 8H (signal)  🍀;32.002
TESLA Technical Analysis! BUY! 👩‍💻 My dear friends, TESLA looks like it will make a good move, and here are the details: The market is trading on 292.31 pivot level. Bias - Bullish  Goal - 353.33 Recommended Stop Loss - 263.13  #TESLA 💹Time Frame : 12H (signal)  🍀;353.33
EURUSD Will Collapse! SELL! 👩‍💻 My dear friends, My technical analysis for EURUSD is below: The market is trading on 1.0473 pivot level. Bias - Bearish Target - 1.0429  #EURUSD 💹Time Frame :  1H (forecast)  🍀;1.0429
CHFJPY Under Pressure! SELL! 👩‍💻 My dear friends, Please, find my technical outlook for CHFJPY below: The price is coiling around a solid key level - 167.74 Bias - Bearish Goal - 166.88  #CHFJPY 💹Time Frame :  5H (forecast)  🍀;166.88
GBPCHF Set To Fall! SELL! 👩‍💻 My dear followers, I analysed this chart on GBPCHF and concluded the following: The market is trading on 1.1403 pivot level. Bias - Bearish — Target - 1.1347 Safe Stop Loss - 1.1433  #GBPCHF 💹Time Frame : 8H (signal)  🍀;1.1347
EURCAD My Opinion! SELL! 👩‍💻 My dear subscribers, My technical analysis for EURCAD is below: The price is coiling around a solid key level - 1.5098 Bias - Bearish — Goal - 1.4998 My Stop Loss - 1.5155  #EURCAD 💹Time Frame : 12H (signal) —— Join My Premium Channel NOW 💜 🐈 My VIP Bot -  😇 Contact - AnabelContact;1.4998
GOLD What Next? SELL! 👩‍💻 My dear followers, This is my opinion on the GOLD next move: The asset is approaching an important pivot point 2919.2 Bias - Bearish — Safe Stop Loss -2926.5 Goal -2904.2  #GOLD 💹Time Frame : 30m (signal)  🍀;2904.2
EURGBP The Target Is DOWN! SELL! 👩‍💻 My dear friends, EURGBP looks like it will make a good move, and here are the details: The market is trading on 0.8274 pivot level. Bias - Bearish Goal - 0.8263  #EURGBP 💹Time Frame :  1H (forecast)  🍀;0.8263
AUDNDZ Massive Long! BUY! 👩‍💻 My dear followers, I analysed this chart on AUDNDZ and concluded the following: The market is trading on 1.1064 pivot level. Bias - Bullish Target - 1.1078  #AUDNDZ 💹Time Frame :  5H (forecast)  🍀;1.1078
NZDJPY Sellers In Panic! BUY! 👩‍💻 My dear friends, Please, find my technical outlook for NZDJPY below: The instrument tests an important psychological level 83.544 Bias - Bullish  Target - 84.727 Recommended Stop Loss - 82.926  #NZDJPY 💹Time Frame : 8H (signal)  🍀;84.727
GBPCHF Trading Opportunity! SELL! 👩‍💻 My dear subscribers, My technical analysis for GBPCHF is below: The price is coiling around a solid key level - 1.1403 Bias - Bearish Goal - 1.1366  #GBPCHF 💹Time Frame :  1H (forecast)  🍀;1.1366
GBPJPY A Fall Expected! SELL! 👩‍💻 My dear friends, Please, find my technical outlook for GBPJPY below: The instrument tests an important psychological level 191.67 Bias - Bearish Target - 190.34  #GBPJPY 💹Time Frame :  5H (forecast)  🍀;190.34
EURJPY Technical Analysis! SELL! 👩‍💻 My dear subscribers, EURJPY looks like it will make a good move, and here are the details: The market is trading on 159.58 pivot level. Bias - Bearish — My Stop Loss - 160.34 Target - 158.15  #EURJPY 💹Time Frame : 8H (signal)  🍀;158.15
EURUSD Set To Fall! SELL! 👩‍💻 My dear friends, My technical analysis for EURUSD is below: The market is trading on 1.0707 pivot level. Bias - Bearish — Target - 1.0572 Recommended Stop Loss - 1.0774  #EURUSD 💹Time Frame : 12H (signal) —— Get Exclusive Intraday VIP Signals 💜 Join Via My VIP Bot -  💙;1.0572
GOLD The Target Is UP! BUY! 👩‍💻 My dear friends, Please, find my technical outlook for GOLD below: The price is coiling around a solid key level - 2904.45 Bias - Bullish  Goal - 2918.5 Safe Stop Loss - 2896.8  #GOLD 💹Time Frame : 30m (signal)  🍀;2918.5
CADCHF Will Explode! BUY! 👩‍💻 My dear followers, This is my opinion on the CADCHF next move: The asset is approaching an important pivot point 0.6154 Bias - Bullish Goal - 0.6193  #CADCHF 💹Time Frame :  1H (forecast)  🍀;0.6193
AUDUSD Under Pressure! SELL! 👩‍💻 My dear subscribers, AUDUSD looks like it will make a good move, and here are the details: The market is trading on 0.6335 pivot level. Bias - Bearish Target - 0.6271  #AUDUSD 💹Time Frame :  5H (forecast)  🍀;0.6271
USDCHF Set To Grow! BUY! 👩‍💻 My dear subscribers, This is my opinion on the USDCHF next move: The instrument tests an important psychological level 0.8840 Bias - Bullish  Target - 0.8958 My Stop Loss - 0.8777  #USDCHF 💹Time Frame : 12H (signal)  🍀;0.8958
EURUSD Massive Short! SELL! 👩‍💻 My dear friends, My technical analysis for EURUSD is below: The market is trading on 1.0848 pivot level. Bias - Bearish Target - 1.0817  #EURUSD 💹Time Frame :  1H (forecast)  🍀;1.0817
USDJPY My Opinion! BUY! 👩‍💻 My dear friends, Please, find my technical outlook for USDJPY below: The price is coiling around a solid key level - 147.21 Bias -Bullish Goal - 148.63  #USDJPY 💹Time Frame :  5H (forecast)  🍀;148.63
CHFJPY Buyers In Panic! SELL! 👩‍💻 My dear friends, CHFJPY looks like it will make a good move, and here are the details: The market is trading on 167.58 pivot level. Bias - Bearish  Goal - 166.87 Recommended Stop Loss - 167.97  #CHFJPY 💹Time Frame : 8H (signal)  🍀;166.87
EURJPY The Target Is DOWN! SELL! 👩‍💻 My dear followers, I analysed this chart on EURJPY and concluded the following: The market is trading on 160.16 pivot level. Bias - Bearish — Target - 158.40 Safe Stop Loss - 160.90  #EURJPY 💹Time Frame : 12H (signal)  🍀;158.40
QQQ Trading Opportunity! BUY! 👩‍💻 My dear friends, QQQ looks like it will make a good move, and here are the details: The market is trading on 491.81 pivot level. Bias - Bullish Goal - 509.46  #QQQ 💹Time Frame :  5H (forecast)  🍀;509.46
SILVER Will Collapse! SELL! 👩‍💻 My dear subscribers, My technical analysis for SILVER is below: The price is coiling around a solid key level - 32.527 Bias - Bearish — Goal -31.899 My Stop Loss - 32.922  #SILVER 💹Time Frame : 8H (signal)  🍀;31.899
CHFJPY My Opinion! SELL! 👩‍💻 My dear subscribers, My technical analysis for CHFJPY is below: The price is coiling around a solid key level - 168.11 Bias - Bearish Goal - 167.35  #CHFJPY 💹Time Frame :  5H (forecast)  🍀;167.35
SPY Expected Growth! BUY! 👩‍💻 My dear followers, This is my opinion on the SPY next move: The asset is approaching an important pivot point 575.87 Bias - Bullish  Safe Stop Loss - 569.47 Goal - 588.44  #SPY 💹Time Frame : 8H (signal)  🍀;588.44
EURUSD What Next? SELL! 👩‍💻 My dear subscribers, EURUSD looks like it will make a good move, and here are the details: The market is trading on 1.0831 pivot level. Bias - Bearish —— My Stop Loss - 1.0926 Target - 1.0658  #EURUSD 💹Time Frame : 12H (signal)  🍀;1.0658
GOLD Technical Analysis! BUY! 👩‍💻 My dear friends, My technical analysis for GOLD is below: The market is trading on 2604.7 pivot level. Bias - Bullish —— Target - 2617.6 Recommended Stop Loss - 2897.7  #GOLD 💹Time Frame : 30m (signal)  🍀;2617.6
AUDNZD Massive Long! BUY! 👩‍💻 My dear friends, Please, find my technical outlook for AUDNZD below: The instrument tests an important psychological level 1.1011 Bias - Bullish Target - 1.1026  #AUDNZD 💹Time Frame :  1H (forecast)  🍀;1.1026
GBPJPY Sellers In Panic! BUY! 👩‍💻 My dear followers, This is my opinion on the GBPJPY next move: The asset is approaching an important pivot point 189.48 Bias - Bullish Goal - 190.65  #GBPJPY 💹Time Frame :  5H (forecast)  🍀;190.65
NZDUSD Trading Opportunity! SELL! 👩‍💻 My dear friends, Please, find my technical outlook for NZDUSD below: The price is coiling around a solid key level - 0.5730 Bias - Bearish  Goal - 0.5669 Safe Stop Loss - 0.5766  #NZDUSD 💹Time Frame : 12H (signal)  🍀;0.5669
EURUSD A Fall Expected! SELL! 👩‍💻 My dear subscribers, EURUSD looks like it will make a good move, and here are the details: The market is trading on 1.0890 pivot level. Bias - Bearish Target - 1.0853  #EURUSD 💹Time Frame :  1H (forecast)  🍀;1.0853
AUDJPY The Target Is UP! BUY! 👩‍💻 My dear friends, My technical analysis for AUDJPY is below: The market is trading on 92.761 pivot level. Bias - Bullish Target - 93.288  #AUDJPY 💹Time Frame :  5H (forecast)  🍀;93.288
USDJPY Will Explode! BUY! 👩‍💻 My dear subscribers, This is my opinion on the USDJPY next move: The instrument tests an important psychological level 147.65 Bias - Bullish — Target - 148.86 My Stop Loss - 147.06  #USDJPY 💹Time Frame : 9H (signal)  🍀;148.86
EURJPY Technical Analysis! SELL! 👩‍💻 My dear friends, EURJPY looks like it will make a good move, and here are the details: The market is trading on 160.92 pivot level. Bias - Bearish  Goal - 159.03 Recommended Stop Loss - 161.65  #EURJPY 💹Time Frame : 12H (signal) —— 💟 Get More Signals 💟 With Higher Accuracy 💛 Join VIP Group Now 💛;159.03
GOLD Under Pressure! SELL! 👩‍💻 My dear followers, I analysed this chart on GOLD and concluded the following: The market is trading on 2915.2 pivot level. Bias - Bearish — Target - 2900.3 Safe Stop Loss - 2922.1  #GOLD 💹Time Frame : 30m (signal)  🍀;2900.3
NZDJPY What Next? SELL 👩‍💻 My dear friends, Please, find my technical outlook for NZDJPY below: The price is coiling around a solid key level - 84.950 Bias - Bearish Goal - 84.452  #NZDJPY 💹Time Frame :  1H (forecast)  🍀;84.452
CHFJPY Massive Short! SELL! 👩‍💻 My dear subscribers, This is my opinion on the CHFJPY next move: The instrument tests an important psychological level 168.56 Bias - Bearish Target - 167.79  #CHFJPY 💹Time Frame :  5H (forecast)  🍀;167.79
EURGBP Buyers In Panic! SELL! 👩‍💻 My dear subscribers, My technical analysis for EURGBP is below: The price is coiling around a solid key level - 0.8417 Bias - Bearish —— Goal - 0.8356 My Stop Loss - 0.8444  #EURGBP 💹Time Frame : 12H (signal)  🍀;0.8356
EURUSD Set To Grow! BUY! 👩‍💻 My dear friends, EURUSD looks like it will make a good move, and here are the details: The market is trading on 1.0856 pivot level. Bias - Bullish Goal - 1.0881  #EURUSD 💹Time Frame :  1H (forecast)  🍀;1.0881
GBPNZD The Target Is DOWN! SELL! 👩‍💻 My dear followers, I analysed this chart on GBPNZD and concluded the following: The market is trading on 2.2700 pivot level. Bias - Bearish Target - 2.2629  #GBPNZD 💹Time Frame :  4H (forecast)  🍀;2.2629
GBPJPY Will Collapse! SELL! 👩‍💻 My dear subscribers, My technical analysis for GBPJPY is below: The price is coiling around a solid key level - 191.33 Bias - Bearish  Goal - 190.40 My Stop Loss - 191.87  #GBPJPY 💹Time Frame : 8H (signal)  🍀;190.40
GBPCHF Set To Fall! SELL! 👩‍💻 My dear friends, Please, find my technical outlook for GBPCHF below: The instrument tests an important psychological level 1.1451 Bias - Bearish — Target - 1.1386 Recommended Stop Loss - 1.1486  #GBPCHF 💹Time Frame : 12H (signal) —— Get Exclusive VIP Signals 💗 With Entry, Stop, Target 💗 Join Via My VIP Bot -  💙 Contact - AnabelContact;1.1386
GOLD My Opinion! BUY! 👩‍💻 My dear followers, This is my opinion on the GOLD next move: The asset is approaching an important pivot point 3000.1 Bias -Bullish — Safe Stop Loss - 2993.2 Goal - 3016.5  #GOLD 💹Time Frame : 30m (signal)  🍀;3016.5
EURNZD What Next? BUY! 👩‍💻 My dear subscribers, My technical analysis for EURNZD is below: The price is coiling around a solid key level - 1.8988 Bias - Bullish Goal - 1.9024  #EURNZD 💹Time Frame :  1H (forecast)  🍀;1.9024
USDJPY Under Pressure! SELL! 👩‍💻 My dear friends, Please, find my technical outlook for USDJPY below: The instrument tests an important psychological level 148.76 Bias - Bearish Target - 147.83  #USDJPY 💹Time Frame :  5H (forecast)  🍀;147.83
AUDNZD What Next? BUY! 👩‍💻 My dear subscribers, AUDNZD looks like it will make a good move, and here are the details: The market is trading on 1.1013pivot level. Bias - Bullish —— My Stop Loss - 1.0999 Target - 1.1044  #AUDNZD 💹Time Frame : 12H (signal)  🍀;1.1044
EURUSD Massive Short! SELL! 👩‍💻 My dear followers, This is my opinion on the EURUSD next move: The asset is approaching an important pivot point 1.0875 Bias - Bearish Goal - 1.0859  #EURUSD 💹Time Frame :  1H (forecast)  🍀;1.0859
QQQ On The Rise! BUY! 👩‍💻 My dear friends, Please, find my technical outlook for QQQ below: The price is coiling around a solid key level - 479.69 Bias - Bullish  Goal - 497.90 Safe Stop Loss - 469.89  #QQQ 💹Time Frame : 12H (signal) —— Join My Premium Channel NOW 💜 🐈 My VIP Bot -  😇 Contact - AnabelContact;497.90
AUDUSD A Fall Expected! SELL! 👩‍💻 My dear subscribers, This is my opinion on the AUDUSD next move: The instrument tests an important psychological level 0.6322 Bias - Bearish Target - 0.6303  #AUDUSD 💹Time Frame :  1H (forecast)  🍀;0.6303
NZDJPY Technical Analysis! SELL! 👩‍💻 My dear friends, NZDJPY looks like it will make a good move, and here are the details: The market is trading on 85.384 pivot level. Bias - Bearish Goal - 84.692  #NZDJPY 💹Time Frame :  5H (forecast)  🍀;84.692
SILVER Under Pressure! SELL! 👩‍💻 My dear subscribers, My technical analysis for SILVER is below: The price is coiling around a solid key level - 33.804 Bias - Bearish — Goal - 33.034 My Stop Loss - 34.159  #SILVER 💹Time Frame : 8H (signal)  🍀;33.034
APPLE The Target Is UP! BUY! 👩‍💻 My dear friends, Please, find my technical outlook for APPLE below: The instrument tests an important psychological level 213.28 Bias - Bullish  Target - 227.02 Recommended Stop Loss - 205.96  #APPLE 💹Time Frame : 12H (signal)  🍀;227.02
EURUSD Massive Short! SELL! 👩‍💻 My dear subscribers, My technical analysis for EURUSD is below: The price is coiling around a solid key level - 1.0918 Bias - Bearish Goal - 1.0894  #EURUSD 💹Time Frame :  1H (forecast)  🍀;1.0894
AUDJPY Buyers In Panic! SELL! 👩‍💻 My dear friends, Please, find my technical outlook for AUDJPY below: The instrument tests an important psychological level 94.592 Bias - Bearish Target - 93.776  #AUDJPY 💹Time Frame :  5H (forecast)  🍀;93.776
GBPJPY The Target Is DOWN! SELL! 👩‍💻 My dear subscribers, This is my opinion on the GBPJPY next move: The instrument tests an important psychological level 193.00 Bias - Bearish  Target - 191.639 My Stop Loss - 193.69  #GBPJPY 💹Time Frame : 8H (signal)  🍀;191.639
USDCAD Set To Grow! BUY! 👩‍💻 My dear friends, USDCAD looks like it will make a good move, and here are the details: The market is trading on 1.4290 pivot level. Bias - Bullish — Goal - 1.4377 Recommended Stop Loss - 1.4244  #USDCAD 💹Time Frame : 12H (signal)  🍀;1.4377
GOLD Will Collapse! SELL! 👩‍💻My dear followers, I analysed this chart on GOLD and concluded the following: The market is trading on 3025.8 pivot level. Bias - Bearish — Target - 3011.4 Safe Stop Loss - 3034.8  #GOLD 💹Time Frame : 30m (signal)  🍀;3011.4
EURCHF My Opinion! BUY! 👩‍💻 My dear followers, This is my opinion on the EURCHF next move: The asset is approaching an important pivot point 0.9588 Bias - Bullish Goal - 0.9605  #EURCHF 💹Time Frame :  1H (forecast)  🍀;0.9605
GBPAUD What Next? BUY! 👩‍💻 My dear subscribers, GBPAUD looks like it will make a good move, and here are the details: The market is trading on 2.0415 pivot level. Bias - Bullish Target - 2.0488  #GBPAUD 💹Time Frame :  5H (forecast)  🍀;2.0488
EURUSD Trading Opportunity! BUY! 👩‍💻 My dear followers, This is my opinion on the EURUSD next move: The asset is approaching an important pivot point 1.0897 Bias - Bullish Goal - 1.0914  #EURUSD 💹Time Frame :  1H (forecast)  🍀;1.0914
AUDCAD On The Rise! BUY! 👩‍💻 My dear subscribers, AUDCAD looks like it will make a good move, and here are the details: The market is trading on 0.9063 pivot level. Bias - Bullish Target - 0.9088  #AUDCAD 💹Time Frame :  5H (forecast)  🍀;0.9088
USDJPY My Opinion! SELL! 👩‍💻My dear friends, My technical analysis for USDJPY is below: The market is trading on 149.96 pivot level. Bias - Bearish — Target - 148.72 Recommended Stop Loss - 150.69  #USDJPY 💹Time Frame : 8H (signal)  🍀;148.72
CADJPY Under Pressure! SELL! 👩‍💻 My dear friends, Please, find my technical outlook for CADJPY below: The price is coiling around a solid key level - 104.65 Bias - Bearish  Goal - 103.67 Safe Stop Loss - 105.27  #CADJPY 💹Time Frame : 12H (signal)  🍀;103.67
GOLD Expected Growth! BUY! 👩‍💻My dear subscribers, This is my opinion on the GOLD next move: The instrument tests an important psychological level 3031.1 Bias - Bullish — Target - 3042.3 My Stop Loss - 3025.2  #GOLD 💹Time Frame : 30m (signal)  🍀;3042.3
GBPUSD Technical Analysis! BUY! 👩‍💻 My dear friends, My technical analysis for GBPUSD is below: The market is trading on 1.2937 pivot level. Bias - Bullish Target - 1.2963  #GBPUSD 💹Time Frame :  1H (forecast)  🍀;1.2963
EURJPY Massive Long! BUY! 👩‍💻My dear friends, Please, find my technical outlook for EURJPY below: The price is coiling around a solid key level - 161.01 Bias - Bullish Goal - 162.16  #EURJPY 💹Time Frame :  5H (forecast)  🍀;162.16
AUDNZD Sellers In Panic! BUY! 👩‍💻 My dear friends, AUDNZD looks like it will make a good move, and here are the details: The market is trading on 1.0957 pivot level. Bias - Bullish  Goal - 1.1005 Recommended Stop Loss - 1.0933  #AUDNZD 💹Time Frame : 12H (signal) —— Get Exclusive VIP Signals 💗 With Entry, Stop, Target 💗 Join Via My VIP Bot -  💙 Contact - AnabelContact;1.1005
USDCAD What Next? SELL! 👩‍💻My dear subscribers, This is my opinion on the USDCAD next move: The instrument tests an important psychological level 1.4356 Bias - Bearish Target - 1.4330  #USDCAD 💹Time Frame :  1H (forecast)  🍀;1.4330
EURUSD The Target Is UP! BUY! 👩‍💻 My dear friends, EURUSD looks like it will make a good move, and here are the details: The market is trading on 1.0826 pivot level. Bias - Bullish Goal - 1.0873  #EURUSD 💹Time Frame :  5H (forecast)  🍀;1.0873
AUDUSD Will Explode! BUY! 👩‍💻My dear friends, AUDUSD looks like it will make a good move, and here are the details: The market is trading on 0.6274 pivot level. Bias - Bullish  Goal - 0.6316 Recommended Stop Loss - 0.6248  #AUDUSD 💹Time Frame : 8H (signal)  🍀;0.6316
AUDCAD Set To Grow! BUY! 👩‍💻 My dear followers, I analysed this chart on AUDCAD and concluded the following: The market is trading on 0.9004 pivot level. Bias - Bullish — Target - 0.9048 Safe Stop Loss - 0.8977  #AUDCAD 💹Time Frame : 12H (signal)  🍀;0.9048
TESLA Trading Opportunity! SELL! 👩‍💻My dear followers, I analysed this chart on TESLA and concluded the following: The market is trading on 249.11 pivot level. Bias - Bearish Target - 240.93  #TESLA 💹Time Frame :  1H (forecast)  🍀;240.93
SILVER Set To Grow! BUY! 👩‍💻 My dear subscribers, My technical analysis for SILVER is below: The price is coiling around a solid key level - 3303.8 Bias -Bullish Goal - 3354.4  #SILVER 💹Time Frame :  5H (forecast)  🍀;3354.4
APPLE My Opinion! BUY! 👩‍💻My dear subscribers, My technical analysis for APPLE is below: The price is coiling around a solid key level - 218.33 Bias - Bullish  Goal - 229.62 My Stop Loss - 213.08  #APPLE 💹Time Frame : 8H (signal)  🍀;229.62
EURUSD Trading Opportunity! BUY! 👩‍💻 My dear followers, This is my opinion on the EURUSD next move: The asset is approaching an important pivot point 1.0815 Bias - Bullish Goal - 1.0880  #EURUSD 💹Time Frame :  5H (forecast)  🍀;1.0880
QQQ Will Explode! BUY! 👩‍💻 My dear friends, Please, find my technical outlook for QQQ below: The price is coiling around a solid key level - 481.04 Bias - Bullish —— Goal - 498.55 Safe Stop Loss - 471.31  #QQQ 💹Time Frame : 12H (signal)  🍀;498.55
GOLD On The Rise! BUY! 👩‍💻My dear subscribers, This is my opinion on the GOLD next move: The instrument tests an important psychological level 3007.8 Bias - Bullish — Target - 3020.9 My Stop Loss - 3000.6  #GOLD 💹Time Frame : 30m (signal)  🍀;3020.9
USDCAD Expected Growth! BUY! 👩‍💻 My dear subscribers, USDCAD looks like it will make a good move, and here are the details: The market is trading on 1.4316 pivot level. Bias - Bullish Target - 1.4336  #USDCAD 💹Time Frame :  1H (forecast)  🍀;1.4336
AUDNZD Under Pressure! SELL! 👩‍💻 My dear friends, My technical analysis for AUDNZD is below: The market is trading on 1.0985 pivot level. Bias - Bullish Target - 1.0951  #AUDNZD 💹Time Frame :  5H (forecast)  🍀;1.0951
USDJPY Massive Short! SELL! 👩‍💻 My dear friends, USDJPY looks like it will make a good move, and here are the details: The market is trading on 150.66 pivot level. Bias - Bearish  Goal - 149.11 Recommended Stop Loss - 151.56  #USDJPY 💹Time Frame : 12H (signal) —— Join My Premium Channel NOW 💜 🐈 My VIP Bot -  😇 Contact - AnabelContact;149.11
EURUSD Buyers In Panic! SELL! 👩‍💻 My dear friends, Please, find my technical outlook for EURUSD below: The price is coiling around a solid key level - 1.0815 Bias - Bearish Goal - 1.0800  #EURUSD 💹Time Frame :  1H (forecast)  🍀;1.0800
EURAUD Set To Grow! BUY! 👩‍💻 My dear subscribers, This is my opinion on the EURAUD next move: The instrument tests an important psychological level 1.7135 Bias - Bullish Target - 1.7187  #EURAUD 💹Time Frame :  5H (forecast)  🍀;1.7187
EURCHF My Opinion! BUY! 👩‍💻 My dear friends, EURCHF looks like it will make a good move, and here are the details: The market is trading on 0.9524 pivot level. Bias - Bullish — Goal -0.9565 Recommended Stop Loss - 0.9499  #EURCHF 💹Time Frame : 7H (signal)  🍀;0.9565
CHFJPY The Target Is DOWN! SELL! 👩‍💻 My dear followers, I analysed this chart on CHFJPY and concluded the following: The market is trading on 169.95 pivot level. Bias - Bearish —— Target - 168.83 Safe Stop Loss - 170.67  #CHFJPY 💹Time Frame : 12H (signal)  🍀;168.83
GOLD Will Collapse! SELL! 👩‍💻 My dear subscribers, My technical analysis for GOLD is below: The price is coiling around a solid key level - 3026.2 Bias - Bearish — Goal - 3017.6 My Stop Loss - 3031.5  #GOLD 💹Time Frame : 30m (signal)  🍀;3017.6
EURGBP Set To Fall! SELL! 👩‍💻 My dear friends, EURGBP looks like it will make a good move, and here are the details: The market is trading on 0.8359 pivot level. Bias - Bearish Goal - 0.8344  #EURGBP 💹Time Frame :  1H (forecast)  🍀;0.8344
CADCHF My Opinion! SELL! 👩‍💻 My dear followers, I analysed this chart on CADCHF and concluded the following: The market is trading on 0.6196 pivot level. Bias - Bearish Target - 0.6157  #CADCHF 💹Time Frame :  5H (forecast)  🍀;0.6157
CADJPY What Next? SELL! 👩‍💻 My dear friends, Please, find my technical outlook for CADJPY below: The instrument tests an important psychological level 105.42 Bias - Bearish — Target - 104.26 Recommended Stop Loss - 106.00  #CADJPY 💹Time Frame : 8H (signal)  🍀;104.26
GOLD Trading Opportunity! SELL! 👩‍💻 My dear followers, This is my opinion on the GOLD next move: The asset is approaching an important pivot point 3040.0 Bias - Bearish — Safe Stop Loss - 3047.4 Goal - 3025.3  #GOLD 💹Time Frame : 30m (signal)  🍀;3025.3
NZDJPY A Fall Expected! SELL! 👩‍💻 My dear subscribers, My technical analysis for NZDJPY is below: The price is coiling around a solid key level - 86.498 Bias - Bearish Goal - 86.332  #NZDJPY 💹Time Frame :  1H (forecast)  🍀;86.332
AUDJPY Technical Analysis! SELL! 👩‍💻 My dear friends, Please, find my technical outlook for AUDJPY below: The instrument tests an important psychological level 95.011 Bias - Bearish Target - 94.381  #AUDJPY 💹Time Frame :  5H (forecast)  🍀;94.381
EURCAD Massive Long! BUY! 👩‍💻 My dear subscribers, EURCAD looks like it will make a good move, and here are the details: The market is trading on 1.5441 pivot level. Bias - Bullish —— My Stop Loss - 1.5341 Target - 1.5603  #EURCAD 💹Time Frame : 12H (signal)  🍀;1.5603
EURUSD Under Pressure! SELL! 👩‍💻 My dear followers, This is my opinion on the EURUSD next move: The asset is approaching an important pivot point 1.0807 Bias - Bearish Goal - 1.0781  #EURUSD 💹Time Frame :  1H (forecast)  🍀;1.0781
GBPCHF Massive Short! SELL! 👩‍💻 My dear subscribers, GBPCHF looks like it will make a good move, and here are the details: The market is trading on 1.1428 pivot level. Bias - Bearish Target - 1.1410  #GBPCHF 💹Time Frame :  5H (forecast)  🍀;1.1410
AUDNZD Buyers In Panic! SELL! 👩‍💻 My dear friends, AUDNZD looks like it will make a good move, and here are the details: The market is trading on 1.1003 pivot level. Bias - Bearish — Goal - 1.0966 Recommended Stop Loss - 1.1025  #AUDNZD 💹Time Frame : 8H (signal)  🍀;1.0966
GBPNZD The Target Is DOWN! SELL! 👩‍💻 My dear subscribers, This is my opinion on the GBPNZD next move: The instrument tests an important psychological level 2.2627 Bias - Bearish — Target - 2.2500 My Stop Loss - 2.2695  #GBPNZD 💹Time Frame : 12H (signal)  🍀;2.2500
SILVER Sellers In Panic! BUY! 👩‍💻 My dear friends, My technical analysis for SILVER is below: The market is trading on 34.116 pivot level. Bias - Bullish Target - 34.330  #SILVER 💹Time Frame :  1H (forecast)  🍀;34.330
USDCHF The Target Is UP! BUY! 👩‍💻 My dear friends, Please, find my technical outlook for USDCHF below: The price is coiling around a solid key level - 0.8806 Bias - Bullish Goal - 0.8825  #USDCHF 💹Time Frame :  5H (forecast)  🍀;0.8825
QQQ Will Explode! BUY! 👩‍💻 My dear subscribers, This is my opinion on the QQQ next move: The instrument tests an important psychological level 468.97 Bias - Bullish — Target - 488.44 My Stop Loss - 457.91  #QQQ 💹Time Frame : 8H (signal)  🍀;488.44
SPY Set To Grow! BUY! 👩‍💻 My dear friends, SPY looks like it will make a good move, and here are the details: The market is trading on 555.80 pivot level. Bias - Bullish — Goal - 569.99 Recommended Stop Loss - 549.79  #SPY 💹Time Frame : 12H (signal)  🍀;569.99
EURUSD Will Collapse! SELL! 👩‍💻 My dear friends, EURUSD looks like it will make a good move, and here are the details: The market is trading on 1.0828 pivot level. Bias - Bearish Goal - 1.0792  #EURUSD 💹Time Frame :  5H (forecast)  🍀;1.0792
AUDCAD Trading Opportunity! BUY! 👩‍💻 My dear subscribers, My technical analysis for AUDCAD is below: The price is coiling around a solid key level - 0.9004 Bias - Bullish — Goal - 0.9043 My Stop Loss - 0.8981  #AUDCAD 💹Time Frame : 12H (signal)  🍀;0.9043
GOLD On The Rise! BUY! 👩‍💻 My dear friends, Please, find my technical outlook for GOLD below: The instrument tests an important psychological level 3120.98 Bias - Bullish  Target - 3135.5 Recommended Stop Loss - 3113.1  #GOLD 💹Time Frame : 30m (signal)  🍀;3135.5
GBPUSD Expected Growth! BUY! 👩‍💻 My dear followers , I analysed this chart on GBPUSD and concluded the following: The market is trading on 1.2904 pivot level. Bias - Bullish Target - 1.2929  #GBPUSD 💹Time Frame :  1H (forecast)  🍀;1.2929
GBPCAD Set To Fall! SELL! 👩‍💻 My dear subscribers, My technical analysis for GBPCAD is below: The price is coiling around a solid key level - 1.8578 Bias - Bearish Goal - 1.8493  #GBPCAD 💹Time Frame :  5H (forecast)  🍀;1.8493
NZDUSD Technical Analysis! BUY! 👩‍💻 My dear subscribers, This is my opinion on the NZDUSD next move: The instrument tests an important psychological level 0.5666 Bias - Bullish — Target - 0.5722 My Stop Loss - 0.5632  #NZDUSD 💹Time Frame : 12H (signal)  🍀;0.5722
EURUSD Massive Long! BUY! 👩‍💻 My dear friends, Please, find my technical outlook for EURUSD below: The instrument tests an important psychological level 1.0795 Bias - Bullish Target - 1.0810  #EURUSD 💹Time Frame :  1H (forecast)  🍀;1.0810
USDJPY Set To Grow! BUY! 👩‍💻 My dear followers, This is my opinion on the USDJPY next move: The asset is approaching an important pivot point 149.16 Bias - Bullish Goal - 150.13  #USDJPY 💹Time Frame :  5H (forecast)  🍀;150.13
CADJPY Sellers In Panic! BUY! 👩‍💻 My dear friends, CADJPY looks like it will make a good move, and here are the details: The market is trading on 103.54 pivot level. Bias - Bullish —— Goal - 104.58 Recommended Stop Loss - 102.96  #CADJPY 💹Time Frame : 8H (signal)  🍀;104.58
NZDJPY The Target Is UP! BUY! 👩‍💻 My dear subscribers, My technical analysis for NZDJPY is below: The price is coiling around a solid key level - 85.141 Bias - Bullish — Goal - 86.026 My Stop Loss - 85.089  #NZDJPY 💹Time Frame : 12H (signal)  🍀;86.026
GOLD Will Explode! BUY! 👩‍💻 My dear friends, Please, find my technical outlook for GOLD below: The instrument tests an important psychological level 2788.3 Bias - Bullish  Target - 2802.9 Recommended Stop Loss - 2780.8  #GOLD 💹Time Frame : 30m (signal)  🍀;2802.9
GBPUSD What Next? SELL! 👩‍💻 My dear subscribers, GBPUSD looks like it will make a good move, and here are the details: The market is trading on 1.2947 pivot level. Bias - Bearish Target - 1.2921  #GBPUSD 💹Time Frame :  1H (forecast)  🍀;1.2921
AUDCHF Trading Opportunity! SELL! 👩‍💻 My dear friends, My technical analysis for AUDCHF is below: The market is trading on 0.5567 pivot level. Bias - Bearish Target - 0.5542  #AUDCHF 💹Time Frame :  5H (forecast)  🍀;0.5542
CHFJPY Set To Grow! BUY! 👩‍💻 My dear followers, This is my opinion on the CHFJPY next move: The asset is approaching an important pivot point 169.03 Bias - Bullish — Safe Stop Loss - 168.45 Goal - 170.00  #CHFJPY 💹Time Frame : 8H (signal)  🍀;170.00
GBPCAD My Opinion! BUY! 👩‍💻 My dear friends, Please, find my technical outlook for GBPCAD below: The price is coiling around a solid key level - 1.8475 Bias - Bullish Goal - 1.8526  #GBPCAD 💹Time Frame :  1H (forecast)  🍀;1.8526
EURCAD A Fall Expected! SELL! 👩‍💻 My dear subscribers, This is my opinion on the EURCAD next move: The instrument tests an important psychological level 1.5572 Bias - Bearish Target - 1.5508  #EURCAD 💹Time Frame :  5H (forecast)  🍀;1.5508
AUDUSD Technical Analysis! SELL! 👩‍💻 My dear friends, My technical analysis for AUDUSD is below: The market is trading on 0.6377 pivot level. Bias - Bearish — Target - 0.6324 Recommended Stop Loss - 0.6403  #AUDUSD 💹Time Frame : 8H (signal)  🍀;0.6324
EURUSD Under Pressure! SELL! 👩‍💻 My dear subscribers, This is my opinion on the EUR/USD next move: The instrument tests an important psychological level 1.1092 Bias - Bearish — Target - 1.0900 My Stop Loss - 1.1202  #EURUSD 💹Time Frame : 12H (signal) —— Get Exclusive VIP Signals 💗 With Entry, Stop, Target 💗 Join Via My VIP Bot -  💙 Contact - AnabelContact;1.0900
GOLD Trading Opportunity! BUY! 👩‍💻 My dear subscribers, My technical analysis for GOLD is below: The price is coiling around a solid key level - 3091.4 Bias - Bullish —— Goal - 3108.1 My Stop Loss - 3083.4  #GOLD 💹Time Frame : 30m (signal)  🍀;3108.1
GBPAUD Massive Short! SELL! 👩‍💻 My dear friends, GBPAUD looks like it will make a good move, and here are the details: The market is trading on 2.0922 pivot level. Bias - Bearish Goal - 2.0761  #GBPAUD 💹Time Frame :  1H (forecast)  🍀;2.0761
EURJPY What Next? BUY! 👩‍💻 My dear followers, I analysed this chart on EURJPY and concluded the following: The market is trading on 160.85 pivot level. Bias -Bullish Target - 161.67  #EURJPY 💹Time Frame : 5H (forecast)  🍀;161.67
USDCAD On The Rise! BUY! 👩‍💻 My dear friends, Please, find my technical outlook for USDCAD below: The instrument tests an important psychological level 1.4161 Bias - Bullish  Target - 1.4266 Recommended Stop Loss - 1.4101  #USDCAD 💹Time Frame : 12H (signal)  🍀;1.4266
TESLA Expected Growth! BUY! 👩‍💻 My dear subscribers, My technical analysis for TESLA is below: The price is coiling around a solid key level - 239.33 Bias - Bullish Goal - 257.40  #TESLA 💹Time Frame :  1H (forecast)  🍀;257.40
GBPCAD Set To Grow! BUY! 👩‍💻 My dear friends, Please, find my technical outlook for GBPCAD below: The instrument tests an important psychological level 1.8357 Bias - Bullish Target - 1.8460  #GBPCAD 💹Time Frame :  5H (forecast)  🍀;1.8460
CADJPY Massive Long! BUY! 👩‍💻 My dear followers, This is my opinion on the CADJPY next move: The asset is approaching an important pivot point 103.33 Bias - Bullish  Safe Stop Loss - 102.73 Goal - 104.29  #CADJPY 💹Time Frame : 8H (signal)  🍀;104.29
EURUSD Buyers In Panic! SELL! 👩‍💻 My dear subscribers, EURUSD looks like it will make a good move, and here are the details: The market is trading on 1.0959 pivot level. Bias - Bearish — My Stop Loss - 1.1012 Target - 1.0874  #EURUSD 💹Time Frame : 12H (signal)  🍀;1.0874
CHFJPY The Target Is DOWN! SELL! 👩‍💻 My dear subscribers, CHFJPY looks like it will make a good move, and here are the details: The market is trading on 170.81 pivot level. Bias - Bearish Target - 169.89  #CHFJPY 💹Time Frame :  5H (forecast)  🍀;169.89
SILVER Massive Long! BUY! 👩‍💻 My dear friends, Please, find my technical outlook for SILVER below: The price is coiling around a solid key level - 29.588 Bias -Bullish —— Goal - 31.319 Safe Stop Loss - 28.754  #SILVER 💹Time Frame : 12H (signal)  🍀;31.319
USDJPY Will Collapse! SELL! 👩‍💻 My dear friends, My technical analysis for USDJPY is below: The market is trading on 147.18 pivot level. Bias - Bearish Target - 146.37  #USDJPY 💹Time Frame :  1H (forecast)  🍀;146.37
GBPUSD Sellers In Panic! BUY! 👩‍💻 My dear friends, Please, find my technical outlook for GBPUSD below: The price is coiling around a solid key level - 1.2800 Bias - Bullish Goal - 1.2936  #GBPUSD 💹Time Frame :  5H (forecast)  🍀;1.2936
NZDJPY The Target Is UP! BUY! 👩‍💻 My dear followers, I analysed this chart on NZDJPY and concluded the following: The market is trading on 82.050 pivot level. Bias - Bullish — Target - 83.982 Safe Stop Loss - 81.284  💐 #NZDJPY 💹Time Frame : 8H (signal)  🍀;83.982
EURUSD Set To Fall! SELL! 👩‍💻 My dear subscribers, My technical analysis for EURUSD is below: The price is coiling around a solid key level - 1.0917 Bias - Bearish  Goal - 1.0838 My Stop Loss - 1.0966  💐 #EURUSD 💹Time Frame : 12H (signal) —— 💟 Get More Signals 💟 With Higher Accuracy 💛 Join VIP Group Now 💛;1.0838
GOLD My Opinion! SELL! 👩‍💻 My dear friends, Please, find my technical outlook for GOLD below: The instrument tests an important psychological level 3007.7 Bias - Bearish — Target - 2993.1 Recommended Stop Loss - 3015.5  #GOLD 💹Time Frame : 30m (signal)  🍀;2993.1
NZDCAD What Next? SELL! 👩‍💻 My dear subscribers, This is my opinion on the NZDCAD next move: The instrument tests an important psychological level 0.7949 Bias - Bearish Target - 0.7903  #NZDCAD 💹Time Frame :  1H (forecast)  🍀;0.7903
CADCHF Will Explode! BUY! 👩‍💻 My dear friends, CADCHF looks like it will make a good move, and here are the details: The market is trading on 0.6030 pivot level. Bias - Bullish Goal - 0.6097  #CADCHF 💹Time Frame :  5H (forecast)  🍀;0.6097
EURCHF Set To Grow! BUY! 👩‍💻 My dear subscribers, This is my opinion on the EURCHF next move: The instrument tests an important psychological level 0.9353 Bias - Bullish — Target - 0.9434 My Stop Loss - 0.9307  #EURCHF 💹Time Frame : 12H (signal)  🍀;0.9434
EURUSD Trading Opportunity! SELL! 👩‍💻 My dear followers, I analysed this chart on EURUSD and concluded the following: The market is trading on 1.1042 pivot level. Bias - Bearish Target - 1.1006  #EURUSD 💹Time Frame :  1H (forecast)  🍀;1.1006
EURJPY My Opinion! BUY! 👩‍💻 My dear subscribers, My technical analysis for EURJPY is below: The price is coiling around a solid key level - 160.44 Bias - Bullish Goal - 161.55  #EURJPY 💹Time Frame :  5H (forecast)  🍀;161.55
USDJPY What Next? BUY! 👩‍💻 My dear followers, This is my opinion on the USDJPY next move: The asset is approaching an important pivot point 145.10 Bias - Bullish — Safe Stop Loss - 144.25 Goal - 146.89  #USDJPY 💹Time Frame : 8H (signal)  🍀;146.89
EURCAD A Fall Expected! SELL! 👩‍💻 My dear subscribers, EURCAD looks like it will make a good move, and here are the details: The market is trading on 1.5694 pivot level. Bias - Bearish — My Stop Loss - 1.5752 Target - 1.5581  #EURCAD 💹Time Frame : 12H (signal) —— Get Exclusive VIP Signals 💗 With Entry, Stop, Target 💗 Join Via My VIP Bot -  💙 Contact - AnabelContact;1.5581
GOLD A Fall Expected! SELL! 👩‍💻 My dear friends, My technical analysis for GOLD is below: The market is trading on 3123.0 pivot level. Bias - Bearish — Target - 3102.5 Recommended Stop Loss - 3132.0  #GOLD 💹Time Frame : 30m (signal)  🍀;3102.5
GBPUSD Technical Analysis! SELL! 👩‍💻 My dear friends, Please, find my technical outlook for GBPUSD below: The instrument tests an important psychological level 1.2924 Bias - Bearish Target - 1.2858  #GBPUSD 💹Time Frame :  1H (forecast)  🍀;1.2858
CHFJPY Under Pressure! SELL! 👩‍💻 My dear followers, This is my opinion on the CHFJPY next move: The asset is approaching an important pivot point 173.25 Bias - Bearish Goal - 171.69  #CHFJPY 💹Time Frame :  5H (forecast)  🍀;171.69
GBPJPY Trading Opportunity! BUY! 👩‍💻 My dear friends, Please, find my technical outlook for GBPJPY below: The price is coiling around a solid key level - 188.12 Bias - Bullish — Goal - 190.71 Safe Stop Loss - 186.87  #GBPJPY 💹Time Frame : 12H (signal)  🍀;190.71
EURGBP Massive Short! SELL! 👩‍💻 My dear subscribers, EURGBP looks like it will make a good move, and here are the details: The market is trading on 0.8674 pivot level. Bias - Bearish Target - 0.8620  #EURGBP 💹Time Frame :  1H (forecast)  🍀;0.8620
EURUSD Buyers In Panic! SELL! 👩‍💻 My dear friends, My technical analysis for EURUSD is below: The market is trading on 1.1355 pivot level. Bias - Bearish Target - 1.1173  #EURUSD 💹Time Frame :  5H (forecast)  🍀;1.1173
EURCAD The Target Is DOWN! SELL! 👩‍💻 My dear followers, I analysed this chart on EURCAD and concluded the following: The market is trading on 1.5780 pivot level. Bias - Bearish — Target - 1.5647 Safe Stop Loss - 1.5857  #EURCAD 💹Time Frame : 8H (signal)  🍀;1.5647
NZDUSD Will Collapse! SELL! 👩‍💻 My dear subscribers, My technical analysis for NZDUSD is below: The price is coiling around a solid key level - 0.5786 Bias - Bearish — Goal - 0.5710 My Stop Loss - 0.5830  #NZDUSD 💹Time Frame : 12H (signal)  🍀;0.5710
SILVER My Opinion! SELL!` 👩‍💻 My dear subscribers, This is my opinion on the SILVER next move: The instrument tests an important psychological level 32.295 Bias - Bearish Target - 30.783  #SILVER 💹Time Frame :  5H (forecast)  🍀;30.783
APPLE On The Rise! BUY! 👩‍💻 My dear friends, Please, find my technical outlook for APPLE below: The instrument tests an important psychological level 198.05 Bias - Bullish  Target - 214.26 Recommended Stop Loss - 187.76  #APPLE 💹Time Frame : 8H (signal)  🍀;214.26
GBPUSD What Next? SELL! 👩‍💻 My dear followers, I analysed this chart on GBPUSD and concluded the following: The market is trading on 1.3089 pivot level. Bias - Bearish Target - 1.2979  #GBPUSD 💹Time Frame :  5H (forecast)  🍀;1.2979
SPY Massive Long! BUY! 👩‍💻 My dear subscribers, SPY looks like it will make a good move, and here are the details: The market is trading on 534.03 pivot level. Bias - Bullish  My Stop Loss - 519.46 Target - 560.94  #SPY 💹Time Frame : 8H (signal)  🍀;560.94
EURUSD Will Collapse! SELL! 👩‍💻 My dear friends, My technical analysis for EURUSD is below: The market is trading on 1.1358 pivot level. Bias - Bearish  Target - 1.1204 Recommended Stop Loss - 1.1454  #EURUSD 💹Time Frame : 12H (signal)  🍀;1.1204
GOLD Sellers In Panic! BUY! 👩‍💻 My dear friends, Please, find my technical outlook for GOLD below: The price is coiling around a solid key level - 3201.5 Bias - Bullish — Goal - 3216.0 Safe Stop Loss - 3194.0  #GOLD 💹Time Frame : 30m (signal)  🍀;3216.0
USDCHF Trading Opportunity! SELL! 👩‍💻 My dear subscribers, My technical analysis for USDCHF is below: The price is coiling around a solid key level - 0.8228 Bias - Bearish Goal - 0.8190  #USDCHF 💹Time Frame :  1H (forecast)  🍀;0.8190
AUDUSD A Fall Expected! SELL! 👩‍💻 My dear friends, Please, find my technical outlook for AUDUSD below: The instrument tests an important psychological level 0.6314 Bias - Bearish Target - 0.6202  #AUDUSD 💹Time Frame :  5H (forecast)  🍀;0.6202
GBPNZD The Target Is UP! BUY! 👩‍💻 My dear subscribers, This is my opinion on the GBPNZD next move: The instrument tests an important psychological level 2.2440 Bias - Bullish — Target - 2.2636 My Stop Loss - 2.2313  #GBPNZD 💹Time Frame : 12H (signal) —— Join My Premium Channel NOW 💜 🐈 My VIP Bot -  😇 Contact - AnabelContact;2.2636
USDJPY Will Explode! BUY! 👩‍💻 My dear followers, This is my opinion on the USDJPY next move: The asset is approaching an important pivot point 142.79 Bias - Bullish Goal - 143.26  #USDJPY 💹Time Frame :  1H (forecast)  🍀;143.26
GBPCAD Technical Analysis! SELL! 👩‍💻 My dear subscribers, GBPCAD looks like it will make a good move, and here are the details: The market is trading on 1.8356 pivot level. Bias - Bearish Target - 1.8184  #GBPCAD 💹Time Frame :  5H (forecast)  🍀;1.8184
EURNZD Set To Grow! BUY! 👩‍💻 My dear friends, EURNZD looks like it will make a good move, and here are the details: The market is trading on 1.9177 pivot level. Bias -Bullish — Goal - 1.9461 Recommended Stop Loss - 1.9017  #EURNZD 💹Time Frame : 8H (signal)  🍀;1.9461
EURUSD Under Pressure! SELL! 👩‍💻 My dear followers, I analysed this chart on EURUSD and concluded the following: The market is trading on 1.1322 pivot level. Bias - Bearish — Target - 1.1138 Safe Stop Loss - 1.1424  #EURUSD 💹Time Frame : 12H (signal)  🍀;1.1138
GOLD Massive Short! SELL! 👩‍💻 My dear subscribers, My technical analysis for GOLD is below: The price is coiling around a solid key level - 3304.2 Bias - Bearish — Goal - 3283.9 My Stop Loss - 3314.6  #GOLD 💹Time Frame : 30m (signal)  🍀;3283.9
GBPNZD Buyers In Panic! SELL! 👩‍💻 My dear friends, My technical analysis for GBPNZD is below: The market is trading on 2.2447 pivot level. Bias - Bearish Target - 2.2388  #GBPNZD 💹Time Frame :  1H (forecast)  🍀;2.2388
NZDCAD Trading Opportunity! SELL! 👩‍💻 My dear friends, Please, find my technical outlook for NZDCAD below: The price is coiling around a solid key level - 0.8223 Bias - Bearish Goal - 0.8103  #NZDCAD 💹Time Frame :  5H (forecast)  🍀;0.8103
NZDJPY The Target Is DOWN! SELL! 👩‍💻 My dear friends, Please, find my technical outlook for NZDJPY below: The instrument tests an important psychological level 84.401 Bias - Bearish — Target - 82.960 Recommended Stop Loss - 85.188  #NZDJPY 💹Time Frame : 8H (signal)  🍀;82.960
EURJPY Will Collapse! SELL! 👩‍💻 My dear subscribers, This is my opinion on the EURJPY next move: The instrument tests an important psychological level 162.22 Bias - Bearish Target - 161.99  #EURJPY 💹Time Frame :  1H (forecast)  🍀;161.99
AUDNZD Trading Opportunity! BUY! 👩‍💻 My dear friends, AUDNZD looks like it will make a good move, and here are the details: The market is trading on 1.0718 pivot level. Bias - Bullish Goal - 1.0781  #AUDNZD 💹Time Frame :  5H (forecast)  🍀;1.0781
GBPUSD  Set To Fall! SELL! 👩‍💻 My dear followers, This is my opinion on the GBPUSD next move: The asset is approaching an important pivot point 1.3239 Bias - Bearish — Safe Stop Loss - 1.3308 Goal - 1.3099  #GBPUSD 💹Time Frame : 8H (signal)  🍀;1.3099
EURUSD My Opinion! SELL!` 👩‍💻 My dear subscribers, EURUSD looks like it will make a good move, and here are the details: The market is trading on 1.1362 pivot level. Bias - Bearish — My Stop Loss - 1.1441 Target - 1.1195  #EURUSD 💹Time Frame : 12H (signal)  🍀;1.1195
GOLD On The Rise! BUY! 👩‍💻 My dear friends, My technical analysis for GOLD is below: The market is trading on 3327.7 pivot level. Bias - Bullish  Target - 3342.3 Recommended Stop Loss - 3320.2  #GOLD 💹Time Frame : 30m (signal)  🍀;3342.3
EURCAD What Next? Buying After Short! 👩‍💻 My dear followers, I analysed this chart on EURCAD and concluded the following: The market is trading on 1.5726 pivot level. Bias - bullish Target - 1.5763  #EURCAD 💹Time Frame :  1H (forecast)  🍀;1.5763
CHFJPY Massive Long! BUY! 👩‍💻 My dear subscribers, My technical analysis for CHFJPY is below: The price is coiling around a solid key level - 173.75 Bias - Bearish Goal - 174.91  #CHFJPY 💹Time Frame :  5H (forecast)  🍀;174.91
NZDUSD Trading Opportunity! SELL! 👩‍💻 My dear friends, Please, find my technical outlook for NZDUSD below: The price is coiling around a solid key level - 0.5971 Bias - Bearish — Goal - 0.5847 Safe Stop Loss - 0.6013  #NZDUSD 💹Time Frame : 8H (signal)  🍀;0.5847
EURUSD A Fall Expected! SELL! 👩‍💻 My dear friends, Please, find my technical outlook for EURUSD below: The instrument tests an important psychological level 1.1389 Bias - Bearish Target - 1.1377  #EURUSD 💹Time Frame :  1H (forecast)  🍀;1.1377
CADJPY My Opinion! BUY! 👩‍💻 My dear subscribers, This is my opinion on the CADJPY next move: The instrument tests an important psychological level 102.92 Bias - Bullish —— Target - 103.71 My Stop Loss - 102.57  #CADJPY 💹Time Frame : 8H (signal)  🍀;103.71
GBPUSD Under Pressure! SELL! 👩‍💻 My dear friends, GBPUSD looks like it will make a good move, and here are the details: The market is trading on 1.3266 pivot level. Bias - Bearish — Goal - 1.3106 Recommended Stop Loss - 1.3336  #GBPUSD 💹Time Frame : 12H (signal)  🍀;1.3106
USDCAD Will Explode! BUY! 👩‍💻 My dear friends, My technical analysis for USDCAD is below: The market is trading on 1.3840 pivot level. Bias - Bullish Target - 1.3958  #USDCAD 💹Time Frame :  5H (forecast)  🍀;1.3958
SILVER Massive Short! SELL! 👩‍💻 My dear followers, I analysed this chart on SILVER and concluded the following: The market is trading on 32.515 pivot level. Bias - Bearish  Target - 31.382 Safe Stop Loss - 33.187  #SILVER 💹Time Frame : 8H (signal)  🍀;31.382
SPY Trading Opportunity! BUY! 👩‍💻 My dear subscribers, My technical analysis for SPY is below: The price is coiling around a solid key level - 526.40 Bias - Bullish — Goal - 554.18 My Stop Loss - 512.11  #SPY 💹Time Frame : 12H (signal)  🍀;554.18
EURUSD Buyers In Panic! SELL! 👩‍💻 My dear friends, Please, find my technical outlook for EURUSD below: The price is coiling around a solid key level - 1.1506 Bias - Bearish Goal - 1.1409  #EURUSD 💹Time Frame :  3H (forecast)  🍀;1.1409
AUDNZD On The Rise! BUY! 👩‍💻 My dear subscribers, This is my opinion on the AUDNZD next move: The instrument tests an important psychological level 1.0683 Bias - Bullish Target - 1.0733  #AUDNZD 💹Time Frame :  5H (forecast)  🍀;1.0733
CADJPY Expected Growth! BUY! 👩‍💻 My dear friends, Please, find my technical outlook for CADJPY below: The instrument tests an important psychological level 102.02 Bias - Bullish — Target - 102.88 Recommended Stop Loss - 101.50  #CADJPY 💹Time Frame : 8H (signal)  🍀;102.88
GBPCAD The Target Is DOWN! SELL! 👩‍💻 My dear followers, This is my opinion on the GBPCAD next move: The asset is approaching an important pivot point 1.8481 Bias - Bearish — Safe Stop Loss - 1.8552 Goal - 1.8357 —— Join My Premium Channel NOW 💜 🐈 My VIP Bot -  😇 Contact - AnabelContact;1.8357
GOLD Technical Analysis! BUY! 👩‍💻 My dear subscribers, GOLD looks like it will make a good move, and here are the details: The market is trading on 3457.8 pivot level. Bias - Bullish — My Stop Loss - 3449.8 Target - 3472.7  #GOLD 💹Time Frame : 30m (signal)  🍀;3472.7
EURJPY Massive Long! BUY! 👩‍💻 My dear friends, EURJPY looks like it will make a good move, and here are the details: The market is trading on 161.30 pivot level. Bias - Bullish Goal - 161.68  #EURJPY 💹Time Frame :  1H (forecast)  🍀;161.68
CHFJPY Sellers In Panic! BUY! 👩‍💻 My dear followers, I analysed this chart on CHFJPY and concluded the following: The market is trading on 172.72 pivot level. Bias - Bullish Target - 174.03  #CHFJPY 💹Time Frame :  5H (forecast)  🍀;174.03
NZDUSD Will Collapse! SELL! 👩‍💻 My dear friends, My technical analysis for NZDUSD is below: The market is trading on 0.5997 pivot level. Bias - Bearish — Target -0.5855 Recommended Stop Loss - 0.6073  #NZDUSD 💹Time Frame : 12H (signal)  🍀;0.5855
EURUSD The Target Is UP! BUY! 👩‍💻 My dear subscribers, My technical analysis for EURUSD is below: The price is coiling around a solid key level - 1.1418 Bias - Bullish Goal - 1.1465  #EURUSD 💹Time Frame :  2H (forecast)  🍀;1.1465
GBPAUD Will Explode! BUY! 👩‍💻 My dear friends, Please, find my technical outlook for GBPAUD below: The instrument tests an important psychological level 2.0776 Bias - Bullish Target - 2.0844  #GBPAUD 💹Time Frame :  5H (forecast)  🍀;2.0844
GBPCHF Set To Fall! SELL! 👩‍💻 My dear friends, Please, find my technical outlook for GBPCHF below: The price is coiling around a solid key level - 1.0950 Bias - Bearish  Goal - 1.0844 Safe Stop Loss - 1.1013  #GBPCHF 💹Time Frame : 8H (signal)  🍀;1.0844
EURNZD What Next? BUY! 👩‍💻 My dear subscribers, This is my opinion on the EURNZD next move: The instrument tests an important psychological level 1.9047 Bias - Bullish — Target - 1.9308 My Stop Loss - 1.8907  #EURNZD 💹Time Frame : 12H (signal) —— Get Exclusive Intraday VIP Signals 💜 Join Via My VIP Bot -  💙;1.9308
GOLD My Opinion! SELL! 👩‍💻 My dear friends, GOLD looks like it will make a good move, and here are the details: The market is trading on 3339.9 pivot level. Bias - Bearish — Goal - 3323.8 Recommended Stop Loss - 3347.3  #GOLD 💹Time Frame : 30m (signal)  🍀;3323.8
NZDCAD Trading Opportunity! SELL! 👩‍💻 My dear followers, This is my opinion on the NZDCAD next move: The asset is approaching an important pivot point 0.8279 Bias - Bearish Goal - 0.8264  #NZDCAD 💹Time Frame :  1H (forecast)  🍀;0.8264
AUDCHF What Next? SELL! 👩‍💻 My dear subscribers, AUDCHF looks like it will make a good move, and here are the details: The market is trading on 0.5271 pivot level. Bias - Bearish Target - 0.5227  #AUDCHF 💹Time Frame :  5H (forecast)  🍀;0.5227
EURCHF A Fall Expected! SELL! 👩‍💻 My dear followers, I analysed this chart on EURCHF and concluded the following: The market is trading on 0.9396 pivot level. Bias - Bearish  Target - 0.9312 Safe Stop Loss - 0.9444  #EURCHF 💹Time Frame : 12H (signal)  🍀;0.9312
CADJPY Technical Analysis! SELL! 👩‍💻 My dear subscribers, CADJPY looks like it will make a good move, and here are the details: The market is trading on 103.88 pivot level. Bias - Bearish Target - 103.40  #CADJPY 💹Time Frame :  1H (forecast)  🍀;103.40
EURUSD Set To Grow! BUY! 👩‍💻 My dear friends, My technical analysis for EURUSD is below: The market is trading on 1.1361 pivot level. Bias - Bullish Target - 1.1407  #EURUSD 💹Time Frame :  5H (forecast)  🍀;1.1407
EURJPY Under Pressure! SELL! 👩‍💻 My dear subscribers, My technical analysis for EURJPY is below: The price is coiling around a solid key level - 163.61 Bias - Bearish — Goal - 162.39 My Stop Loss - 164.06  #EURJPY 💹Time Frame : 8H (signal)  🍀;162.39
GBPJPY Massive Short! SELL! 👩‍💻 My dear friends, Please, find my technical outlook for GBPJPY below: The instrument tests an important psychological level 191.57 Bias - Bearish — Target - 189.14 Recommended Stop Loss - 192.84  #GBPJPY 💹Time Frame : 12H (signal) —— Get Exclusive VIP Signals 💗 With Entry, Stop, Target 💗 Join Via My VIP Bot -  💙 Contact - AnabelContact;189.14
SILVER My Opinion! BUY! 👩‍💻 My dear friends, Please, find my technical outlook for NATGAS below: The price is coiling around a solid key level - 33.100 Bias - Bullish Goal - 33.330  #SILVER 💹Time Frame :  1H (forecast)  🍀;33.330
SPY Buyers In Panic! SELL! 👩‍💻 My dear subscribers, This is my opinion on the SPY next move: The instrument tests an important psychological level 550.55 Bias - Bearish Target - 532.22  #SPY 💹Time Frame :  5H (forecast)  🍀;532.22
GBPCHF The Target Is DOWN! SELL! 👩‍💻 My dear followers, This is my opinion on the GBPCHF next move: The asset is approaching an important pivot point 1.1017 Bias - Bearish — Safe Stop Loss - 1.1089 Goal - 1.0879  #GBPCHF 💹Time Frame : 8H (signal)  🍀;1.0879
TESLA Will Collapse! SELL! 👩‍💻 My dear subscribers, TESLA looks like it will make a good move, and here are the details: The market is trading on 284.90 pivot level. Bias - Bearish — My Stop Loss - 295.68 Target - 265.94  #TESLA 💹Time Frame : 12H (signal)  🍀;265.94
EURUSD Technical Analysis! BUY! 👩‍💻 My dear followers, I analysed this chart on EURUSD and concluded the following: The market is trading on 1.1364 pivot level. Bias - Bullish Target - 1.1417  #EURUSD 💹Time Frame :  5H (forecast)  🍀;1.1417
USDJPY My Opinion! SELL! 👩‍💻 My dear friends, My technical analysis for USDJPY is below: The market is trading on 143.69 pivot level. Bias - Bearish — Target - 141.93 Recommended Stop Loss - 144.60  #USDJPY 💹Time Frame : 8H (signal)  🍀;141.93
GOLD Trading Opportunity! SELL! 👩‍💻 My dear subscribers, This is my opinion on the GOLD next move: The instrument tests an important psychological level 3307.1 Bias - Bearish —- Target - 3292.6 My Stop Loss - 3313.6  #GOLD 💹Time Frame : 30m (signal)  🍀;3292.6
AUDUSD A Fall Expected! SELL! 👩‍💻 My dear subscribers, My technical analysis for AUDUSD is below: The price is coiling around a solid key level - 0.6418 Bias - Bearish Goal - 0.6412  #AUDUSD 💹Time Frame :  1H (forecast)  🍀;0.6412
EURGBP Will Explode! BUY! 👩‍💻 My dear friends, Please, find my technical outlook for EURGBP below: The instrument tests an important psychological level 0.8496 Bias - Bullish Target - 0.8538  #EURGBP 💹Time Frame :  5H (forecast)  🍀;0.8538
CADCHF Technical Analysis! SELL! 👩‍💻 My dear friends, CADCHF looks like it will make a good move, and here are the details: The market is trading on 0.5967 pivot level. Bias - Bearish — Goal - 0.5902 Recommended Stop Loss - 0.6001  #CADCHF 💹Time Frame : 12H (signal)  🍀;0.5902
EURUSD Under Pressure! SELL! 👩‍💻 My dear followers, This is my opinion on the EURUSD next move: The asset is approaching an important pivot point 1.1407 Bias - Bearish Goal - 1.1365  #EURUSD 💹Time Frame :  4H (forecast)  🍀;1.1365
NZDJPY What Next? BUY! 👩‍💻 My dear subscribers, NZDJPY looks like it will make a good move, and here are the details: The market is trading on 84.472 pivot level. Bias - Bullish Target - 84.990  #NZDJPY 💹Time Frame :  5H (forecast)  🍀;84.990
GBPAUD Massive Short! SELL! 👩‍💻 My dear followers, I analysed this chart on GBPAUD and concluded the following: The market is trading on 2.0992 pivot level. Bias - Bearish — Target - 2.0899 Safe Stop Loss - 2.1039  #GBPAUD 💹Time Frame : 7H (signal)  🍀;2.0899
GBPCAD Buyers In Panic! SELL! 👩‍💻 My dear subscribers, My technical analysis for GBPCAD is below: The price is coiling around a solid key level - 1.8563 Bias - Bearish — Goal - 1.8412 My Stop Loss - 1.8655  #GBPCAD 💹Time Frame : 12H (signal)  🍀;1.8412
GOLD The Target Is DOWN! SELL! 👩‍💻 My dear friends, Please, find my technical outlook for GOLD below: The instrument tests an important psychological level 3307.3 Bias - Bearish — Target - 3292.2 Recommended Stop Loss - 3314.4  #GOLD 💹Time Frame : 30m (signal)  🍀;3292.2
CADCHF Trading Opportunity! BUY! 👩‍💻 My dear friends, My technical analysis for CADCHF is below: The market is trading on 0.5947 pivot level. Bias - Bullish Target - 0.5955  #CADCHF 💹Time Frame :  1H (forecast)  🍀;0.5955
AUDCHF On The Rise! BUY! 👩‍💻 My dear friends, Please, find my technical outlook for AUDCHF below: The price is coiling around a solid key level - 0.5250 Bias - Bullish Goal - 0.5282  #AUDCHF 💹Time Frame :  5H (forecast)  🍀;0.5282
GBPNZD Will Collapse! SELL! 👩‍💻 My dear followers, This is my opinion on the GBPNZD next move: The asset is approaching an important pivot point 2.2536 Bias - Bearish — Safe Stop Loss - 2.2629 Goal - 2.2332  #GBPNZD 💹Time Frame : 12H (signal)  🍀;2.2332
EURCHF Set To Fall! SELL! 👩‍💻 My dear subscribers, This is my opinion on the EURCHF next move: The instrument tests an important psychological level 0.9376 Bias - Bearish Target - 0.9358  #EURCHF 💹Time Frame :  1H (forecast)  🍀;0.9358
CHFJPY My Opinion! SELL! 👩‍💻 My dear friends, CHFJPY looks like it will make a good move, and here are the details: The market is trading on 174.67 pivot level. Bias - Bearish Goal - 173.76  #CHFJPY 💹Time Frame :  5H (forecast)  🍀;173.76
EURUSD Massive Long! BUY! 👩‍💻 My dear subscribers, EURUSD looks like it will make a good move, and here are the details: The market is trading on 1.1317 pivot level. Bias - Bullish — My Stop Loss - 1.1282 Target - 1.1379  #EURUSD 💹Time Frame : 8H (signal)  🍀;1.1379
EURCAD Sellers In Panic! BUY! 👩‍💻 My dear friends, My technical analysis for EURCAD is below: The market is trading on 1.5585 pivot level. Bias - Bullish  Target - 1.5728 Recommended Stop Loss - 1.5506  #EURCAD 💹Time Frame : 12H (signal)  🍀;1.5728
GOLD What Next? SELL! 👩‍💻 My dear friends, Please, find my technical outlook for GOLD below: The price is coiling around a solid key level - 3263.7 Bias - Bearish — Goal - 3249.1 Safe Stop Loss - 3271.6  #GOLD 💹Time Frame : 30m (signal)  🍀;3249.1
GBPCHF The Target Is UP! BUY! 👩‍💻 My dear followers, I analysed this chart on GBPCHF and concluded the following: The market is trading on 1.0953 pivot level. Bias - Bullish Target - 1.0984  #GBPCHF 💹Time Frame :  1H (forecast)  🍀;1.0984
USDJPY Trading Opportunity! SELL! 👩‍💻 My dear subscribers, This is my opinion on the USDJPY next move: The instrument tests an important psychological level 144.50 Bias - Bearish — Target - 142.26 My Stop Loss - 145.51  #USDJPY 💹Time Frame : 12H (signal)  🍀;142.26
TESLA Trading Opportunity! SELL! 👩‍💻 My dear followers, This is my opinion on the TESLA next move: The asset is approaching an important pivot point 287.25 Bias - Bearish Goal - 262.50  #TESLA 💹Time Frame :  4H (forecast)  🍀;262.50
EURUSD My Opinion! BUY! 👩‍💻 My dear subscribers, EURUSD looks like it will make a good move, and here are the details: The market is trading on 1.1298 pivot level. Bias - Bullish Target - 1.1348  #EURUSD 💹Time Frame :  5H (forecast)  🍀;1.1348
SPY A Fall Expected! SELL! 👩‍💻 My dear friends, SPY looks like it will make a good move, and here are the details: The market is trading on 566.62 pivot level. Bias - Bearish — Goal - 542.79 Recommended Stop Loss - 579.54  #SPY 💹Time Frame : 8H (signal)  🍀;542.79
APPLE Set To Grow! BUY! 👩‍💻 My dear friends, Please, find my technical outlook for APPLE below: The price is coiling around a solid key level - 205.25 Bias - Bullish Goal - 208.36  #APPLE 💹Time Frame :  1H (forecast)  🍀;208.36
QQQ Technical Analysis! SELL! 👩‍💻 My dear subscribers, This is my opinion on the QQQ next move: The instrument tests an important psychological level 488.86 Bias - Bearish Target - 463.87  #QQQ 💹Time Frame :  5H (forecast)  🍀;463.87
SILVER Set To Grow! BUY! 👩‍💻 My dear subscribers, My technical analysis for SILVER is below: The price is coiling around a solid key level - 32.014 Bias - Bullish — Goal - 32.660 My Stop Loss - 31.682  #SILVER 💹Time Frame : 8H (signal)  🍀;32.660
EURUSD Massive Short! SELL! 👩‍💻 My dear friends, EURUSD looks like it will make a good move, and here are the details: The market is trading on 1.1340 pivot level. Bias - Bearish Goal - 1.1315  #EURUSD 💹Time Frame :  2H (forecast)  🍀;1.1315
EURCHF Trading Opportunity! BUY! 👩‍💻 My dear followers, I analysed this chart on EURCHF and concluded the following: The market is trading on 0.9315 pivot level. Bias - Bullish Target - 0.9351  #EURCHF 💹Time Frame :  5H (forecast)  🍀;0.9351
EURNZD On The Rise! BUY! 👩‍💻 My dear followers, This is my opinion on the EURNZD next move: The asset is approaching an important pivot point 1.8946 Bias - Bullish — Safe Stop Loss - 1.8880 Goal - 1.9061  #EURNZD 💹Time Frame : 8H (signal)  🍀;1.9061
AUDJPY Buyers In Panic! SELL! 👩‍💻 My dear subscribers, AUDJPY looks like it will make a good move, and here are the details: The market is trading on 93.104 pivot level. Bias - Bearish — My Stop Loss - 94.128 Target - 91.339  #AUDJPY 💹Time Frame : 12H (signal) —— 💟 Get More Signals 💟 With Higher Accuracy 💛 Join VIP Group Now 💛;91.339
GOLD The Target Is DOWN! SELL! 👩‍💻 My dear friends, My technical analysis for GOLD is below: The market is trading on 3377.8 pivot level. Bias - Bearish — Target - 3357.7 Recommended Stop Loss - 3387.7  #GOLD 💹Time Frame : 30m (signal)  🍀;3357.7
NZDJPY Expected Growth! BUY! 👩‍💻 My dear friends, Please, find my technical outlook for NZDJPY below: The price is coiling around a solid key level - 85.539 Bias - Bullish Goal - 85.760  #NZDJPY 💹Time Frame :  1H (forecast)  🍀;85.760
NZDUSD Will Collapse! SELL! 👩‍💻 My dear subscribers, This is my opinion on the NZDUSD next move: The instrument tests an important psychological level 0.5975 Bias - Bearish Target -0.5943  #NZDUSD 💹Time Frame :  5H (forecast)  🍀;0.5943
EURJPY Technical Analysis! BUY! 👩‍💻 My dear friends, Please, find my technical outlook for EURJPY below: The price is coiling around a solid key level - 162.05 Bias - Bullish — Goal - 162.84 Safe Stop Loss - 161.61  #EURJPY 💹Time Frame : 12H (signal)  🍀;162.84
EURCAD Set To Fall! SELL! 👩‍💻 My dear followers, This is my opinion on the EURCAD next move: The asset is approaching an important pivot point 1.5672 Bias - Bearish Goal - 1.5648  #EURCAD 💹Time Frame :  1H (forecast)  🍀;1.5648
EURUSD My Opinion! SELL!` 👩‍💻 My dear subscribers, EURUSD looks like it will make a good move, and here are the details: The market is trading on 1.1357 pivot level. Bias - Bearish Target - 1.1324  #EURUSD 💹Time Frame :  5H (forecast)  🍀;1.1324
USDCAD Massive Long! BUY! 👩‍💻 My dear subscribers, This is my opinion on the USDCAD next move: The instrument tests an important psychological level 1.3792 Bias - Bullish — Target - 1.3833 My Stop Loss - 1.3770  #USDCAD 💹Time Frame : 8H (signal)  🍀;1.3833
EURNZD Sellers In Panic! BUY! 👩‍💻 My dear friends, EURNZD looks like it will make a good move, and here are the details: The market is trading on 1.8991 pivot level. Bias - Bullish — Goal - 1.9076 Recommended Stop Loss - 1.8942  #EURNZD 💹Time Frame : 11H (signal) —— Get Exclusive VIP Signals 💗 With Entry, Stop, Target 💗 Join Via My VIP Bot -  💙 Contact - AnabelContact;1.9076
GOLD The Target Is UP! BUY! 👩‍💻 My dear followers, I analysed this chart on GOLD and concluded the following: The market is trading on 3358.8 pivot level. Bias - Bullish — Target - 3377.5 Safe Stop Loss - 3352.1  #GOLD 💹Time Frame : 30m (signal)  🍀;3377.5
GBPCHF What Next? SELL! 👩‍💻 My dear friends, GBPCHF looks like it will make a good move, and here are the details: The market is trading on 1.1010 pivot level. Bias - Bearish Goal - 1.0983  #GBPCHF 💹Time Frame :  1H (forecast)  🍀;1.0983
GBPNZD Trading Opportunity! SELL! 👩‍💻 My dear followers, I analysed this chart on GBPNZD and concluded the following: The market is trading on 2.2456 pivot level. Bias - Bearish Target - 2.2377  #GBPNZD 💹Time Frame :  5H (forecast)  🍀;2.2377
CHFJPY A Fall Expected! SELL! 👩‍💻 My dear subscribers, My technical analysis for CHFJPY is below: The price is coiling around a solid key level - 175.19 Bias - Bearish — Goal - 174.21 My Stop Loss - 175.78  #CHFJPY 💹Time Frame : 8H (signal)  🍀;174.21
GBPUSD Technical Analysis! SELL! 👩‍💻 My dear followers, This is my opinion on the GBPUSD next move: The asset is approaching an important pivot point 1.3290 Bias - Bearish Goal - 1.3252  #GBPUSD 💹Time Frame :  1H (forecast)  🍀;1.3252
EURNZD Under Pressure! SELL! 👩‍💻 My dear subscribers, EURNZD looks like it will make a good move, and here are the details: The market is trading on 1.9051 pivot level. Bias - Bearish Target - 1.8984  #EURNZD 💹Time Frame :  5H (forecast)  🍀;1.8984
EURUSD Will Explode! BUY! 👩‍💻 My dear friends, Please, find my technical outlook for EURUSD below: The instrument tests an important psychological level 1.1278 Bias - Bullish — Target - 1.1344 Recommended Stop Loss - 1.1236  #EURUSD 💹Time Frame : 8H (signal)  🍀;1.1344
NZDUSD Set To Grow! BUY! 👩‍💻 My dear followers, This is my opinion on the NZDUSD next move: The asset is approaching an important pivot point 0.5909 Bias - Bullish — Safe Stop Loss - 0.5885 Goal - 0.5948  #NZDUSD 💹Time Frame : 8H (signal) —— Get Exclusive Intraday VIP Signals 💜 Join Via My VIP Bot -  💙;0.5948
SILVER Massive Short! SELL! 👩‍💻 My dear friends, My technical analysis for SILVER is below: The market is trading on 32.746 pivot level. Bias - Bearish Target -32.586  #SILVER 💹Time Frame :  1H (forecast)  🍀;32.586
QQQ The Target Is DOWN! SELL! 👩‍💻 My dear subscribers, QQQ looks like it will make a good move, and here are the details: The market is trading on 488.06 pivot level. Bias - Bearish — My Stop Loss - 499.48 Target - 464.95  #QQQ 💹Time Frame : 8H (signal)  🍀;464.95
TESLA Set To Fall! SELL! 👩‍💻 My dear subscribers, This is my opinion on the TESLA next move: The instrument tests an important psychological level 298.27 Bias - Bearish Target - 288.52  #TESLA 💹Time Frame :  1H (forecast)  🍀;288.52
EURUSD On The Rise! BUY! 👩‍💻 My dear friends, EURUSD looks like it will make a good move, and here are the details: The market is trading on 1.1245 pivot level. Bias - Bullish Goal - 1.1307  #EURUSD 💹Time Frame :  5H (forecast)  🍀;1.1307
SPY My Opinion! SELL! 👩‍💻 My dear friends, Please, find my technical outlook for SPY below: The price is coiling around a solid key level - 564.32 Bias - Bearish — Goal - 539.96 Safe Stop Loss - 577 .94  #SPY 💹Time Frame : 8H (signal)  🍀;539.96
GOLD My Opinion! BUY! 👩‍💻 My dear friends, GOLD looks like it will make a good move, and here are the details: The market is trading on 3211.4 pivot level. Bias - Bullish  Goal - 3239.5 Recommended Stop Loss -3197.1  #GOLD 💹Time Frame : 30m (signal)  🍀;3239.5
AUDUSD The Target Is UP! BUY! 👩‍💻 My dear followers, I analysed this chart on AUDUSD and concluded the following: The market is trading on 0.6385 pivot level. Bias - Bullish Target - 0.6401  #AUDUSD 💹Time Frame :  1H (forecast)  🍀;0.6401
EURJPY Trading Opportunity! SELL! 👩‍💻 My dear subscribers, My technical analysis for EURJPY is below: The price is coiling around a solid key level - 164.33 Technical Indicators: Pivot Points Low anticipates a potential price reversal. Goal - 163.45  #EURJPY 💹Time Frame :  5H (forecast)  🍀;163.45
USDCHF A Fall Expected! SELL! 👩‍💻 My dear followers, I analysed this chart on USDCHF and concluded the following: The market is trading on 0.8441 pivot level. Bias - Bearish — Target - 0.8299 Safe Stop Loss - 0.8525  #USDCHF 💹Time Frame : 12H (signal) —— Join My Premium Channel NOW 💜 🐈 My VIP Bot -  😇 Contact - AnabelContact;0.8299
AUDCAD Technical Analysis! SELL! 👩‍💻 My dear friends, Please, find my technical outlook for AUDCAD below: The instrument tests an important psychological level 0.9001 Bias - Bearish Target - 0.8965  #AUDCAD 💹Time Frame :  1H (forecast)  🍀;0.8965
EURNZD What Next? BUY! 👩‍💻 My dear followers, This is my opinion on the EURNZD next move: The asset is approaching an important pivot point 1.8840 Bias - Bullish Goal - 1.8961  #EURNZD 💹Time Frame :  5H (forecast)  🍀;1.8961
EURCHF Under Pressure! SELL! 👩‍💻 My dear subscribers, My technical analysis for EURCHF is below: The price is coiling around a solid key level - 0.9385 Bias - Bearish — Goal - 0.9347 My Stop Loss - 0.9404  #EURCHF 💹Time Frame : 8H (signal)  🍀;0.9347
EURUSD Trading Opportunity! BUY! 👩‍💻 My dear friends, Please, find my technical outlook for EURUSD below: The instrument tests an important psychological level 1.1140 Bias - Bullish — Target - 1.1281 Recommended Stop Loss - 1.1066  #EURUSD 💹Time Frame : 12H (signal)  🍀;1.1281
GOLD Will Explode! BUY! 👩‍💻 My dear followers, This is my opinion on the GOLD next move: The asset is approaching an important pivot point 3189.8 Bias - Bullish Safe Stop Loss - 3179.7 Goal - 3207.3  #GOLD 💹Time Frame : 30m (signal)  🍀;3207.3
EURJPY Expected Growth! BUY! 👩‍💻 My dear subscribers, EURJPY looks like it will make a good move, and here are the details: The market is trading on 163.88 pivot level. Bias - Bullish Target - 164.26  #EURJPY 💹Time Frame :  1H (forecast)  🍀;164.26
AUDUSD Massive Short! SELL! 👩‍💻 My dear friends, My technical analysis for AUDUSD is below: The market is trading on 0.6454 pivot level. Bias - Bearish Target - 0.6420  #AUDUSD 💹Time Frame :  5H (forecast)  🍀;0.6420
GBPCHF Buyers In Panic! SELL! 👩‍💻 My dear subscribers, GBPCHF looks like it will make a good move, and here are the details: The market is trading on 1.1152 pivot level. Bias - Bearish — My Stop Loss - 1.1212 Target - 1.1032  #GBPCHF 💹Time Frame : 12H (signal) —— Get Exclusive Intraday VIP Signals 💜 Join Via My VIP Bot -  💙;1.1032
CADCHF Technical Analysis! BUY! 👩‍💻 My dear friends, Please, find my technical outlook for CADCHF below: The price is coiling around a solid key level - 0.5977. Bias - Bullish Goal - 0.6000  #CADCHF 💹Time Frame :  1H (forecast)  🍀;0.6000
GBPNZD The Target Is DOWN! SELL! 👩‍💻 My dear subscribers, This is my opinion on the GBPNZD next move: The instrument tests an important psychological level 2.2639 Bias - Bearish Target - 2.2493  #GBPNZD 💹Time Frame :  5H (forecast)  🍀;2.2493
GBPAUD Will Collapse! SELL! 👩‍💻 My dear friends, My technical analysis for GBPAUD is below: The market is trading on 2.0749 pivot level. Bias - Bearish  Target - 2.0638 Recommended Stop Loss - 2.0826  #GBPAUD 💹Time Frame : 8H (signal)  🍀;2.0638
EURUSD Massive Long! BUY! 👩‍💻 My dear friends, Please, find my technical outlook for EURUSD below: The price is coiling around a solid key level - 1.1186 Bias - Bullish  Goal - 1.1294 Safe Stop Loss - 1.1123  #EURUSD 💹Time Frame : 12H (signal)  🍀;1.1294
GOLD Sellers In Panic! BUY! 👩‍💻 My dear subscribers, This is my opinion on the GOLD next move: The instrument tests an important psychological level 3209.1 Bias - Bullish  Target - 3224.3 My Stop Loss - 3201.4  #GOLD 💹Time Frame : 30m (signal)  🍀;3224.3
NZDUSD Set To Fall! SELL! 👩‍💻 My dear friends, NZDUSD looks like it will make a good move, and here are the details: The market is trading on 0.5904 pivot level. Bias - Bearish Goal - 0.5883  #NZDUSD 💹Time Frame :  1H (forecast)  🍀;0.5883
GBPJPY The Target Is UP! BUY! 👩‍💻 My dear followers, I analysed this chart on GBPJPY and concluded the following: The market is trading on 193.32 pivot level. Bias - Bullish Target - 194.72  #GBPJPY 💹Time Frame :  5H (forecast)  🍀;194.72
EURJPY Will Explode! BUY! 👩‍💻 My dear friends, EURJPY looks like it will make a good move, and here are the details: The market is trading on 162.89 pivot level. Bias - Bullish  Goal - 163.75 Recommended Stop Loss - 162.45  #EURJPY 💹Time Frame : 7H (signal)  🍀;163.75
EURUSD Set To Grow! BUY! 👩‍💻 My dear subscribers, My technical analysis for EURUSD is below: The price is coiling around a solid key level - 1.1165 Bias - Bullish Goal - 1.1185  #EURUSD 💹Time Frame :  1H (forecast)  🍀;1.1185
GBPNZD My Opinion! SELL! 👩‍💻 My dear friends, Please, find my technical outlook for GBPNZD below: The instrument tests an important psychological level 2.2590 Bias - Bearish Target - 2.2478  #GBPNZD 💹Time Frame :  5H (forecast)  🍀;2.2478
QQQ What Next? SELL! 👩‍💻 My dear followers, I analysed this chart on QQQ and concluded the following: The market is trading on 521.53 pivot level. Bias - Bearish — Target - 492.15 Safe Stop Loss - 535.10  #QQQ 💹Time Frame : 8H (signal)  🍀;492.15
SPY Trading Opportunity! SELL! 👩‍💻 My dear subscribers, My technical analysis for SPY is below: The price is coiling around a solid key level - 594.29 Bias - Bearish — Goal - 563.56 My Stop Loss - 611.99  #SPY 💹Time Frame : 12H (signal)  🍀;563.56
SILVER My Opinion! BUY! 👩‍💻 My dear friends, Please, find my technical outlook for SILVER below: The instrument tests an important psychological level 32.284 Bias - Bullish  Target - 32.607 Recommended Stop Loss - 32.097  #SILVER 💹Time Frame : 9H (signal)  🍀;32.607
TESLA Under Pressure! SELL! 👩‍💻 My dear followers, This is my opinion on the TESLA next move: The asset is approaching an important pivot point 349.84 Bias - Bearish — Safe Stop Loss - 369.27 Goal - 312.75  #TESLA 💹Time Frame : 12H (signal)  🍀;312.75
USDCAD What Next? BUY! 👩‍💻 My dear friends, My technical analysis for USDCAD is below: The market is trading on 1.3934 pivot level. Bias - Bullish Target - 1.3958  #USDCAD 💹Time Frame :  1H (forecast)  🍀;1.3958
EURUSD Massive Short! SELL! 👩‍💻 My dear friends, Please, find my technical outlook for EURUSD below: The price is coiling around a solid key level - 1.1244 Bias - Bearish Goal - 1.1181  #EURUSD 💹Time Frame :  5H (forecast)  🍀;1.1181
CHFJPY Trading Opportunity! BUY! 👩‍💻 My dear subscribers, CHFJPY looks like it will make a good move, and here are the details: The market is trading on 173.90 pivot level. Bias - Bullish — My Stop Loss - 173.48 Target - 174.66  #CHFJPY 💹Time Frame : 8H (signal)  🍀;174.66
GBPUSD Buyers In Panic! SELL! 👩‍💻 My dear friends, My technical analysis for GBPUSD is below: The market is trading on 1.3368 pivot level. Bias - Bearish  Target - 1.3306 Recommended Stop Loss - 1.3406  #GBPUSD 💹Time Frame : 12H (signal)  🍀;1.3306
GOLD The Target Is DOWN! SELL! 👩‍💻 My dear friends, Please, find my technical outlook for GOLD below: The price is coiling around a solid key level - 3236.0 Bias - Bearish  Goal - 3224.9 Safe Stop Loss - 3240.9  #GOLD 💹Time Frame : 30m (signal)  🍀;3224.9
NZDJPY On The Rise! BUY! 👩‍💻 My dear subscribers, This is my opinion on the NZDJPY next move: The instrument tests an important psychological level 85.502 Bias - Bullish Target - 85.708  #NZDJPY 💹Time Frame :  1H (forecast)  🍀;85.708
USDJPY Expected Growth! BUY! 👩‍💻 My dear friends, USDJPY looks like it will make a good move, and here are the details: The market is trading on 144.56 pivot level. Bias - Bearish Goal - 145.11  #USDJPY 💹Time Frame :  5H (forecast)  🍀;145.11
GBPAUD Will Collapse! SELL! 👩‍💻 My dear subscribers, This is my opinion on the GBPAUD next move: The instrument tests an important psychological level 2.0828 Bias - Bearish — Target - 2.0715 My Stop Loss - 2.0895  #GBPAUD 💹Time Frame : 12H (signal) - —— 💟 Get More Signals 💟 With Higher Accuracy 💛 Join VIP Group Now 💛;2.0715
GBPJPY Technical Analysis! BUY! 👩‍💻 My dear followers, I analysed this chart on GBPJPY and concluded the following: The market is trading on 193.04 pivot level. Bias - Bullish Target - 193.32  #GBPJPY 💹Time Frame :  1H (forecast)  🍀;193.32
EURUSD Set To Fall! SELL! 👩‍💻 My dear subscribers, My technical analysis for EURUSD is below: The price is coiling around a solid key level - 1.1332 Bias - Bearish Goal - 1.1242  #EURUSD 💹Time Frame :  5H (forecast)  🍀;1.1242
AUDJPY Massive Long! BUY! 👩‍💻 My dear friends, AUDJPY looks like it will make a good move, and here are the details: The market is trading on 92.666 pivot level. Bias - Bullish  Goal - 93.784 Recommended Stop Loss - 92.004  #AUDJPY 💹Time Frame : 8H (signal)  🍀;93.784
GBPUSD My Opinion! SELL! 👩‍💻 My dear followers, I analysed this chart on GBPUSD and concluded the following: The market is trading on 1.3427 pivot level. Bias - Bearish  Target - 1.3356 Safe Stop Loss - 1.3467  #GBPUSD 💹Time Frame : 12H (signal)  🍀;1.3356
GOLD Sellers In Panic! BUY! 👩‍💻 My dear subscribers, My technical analysis for GOLD is below: The price is coiling around a solid key level - 3292.9 Bias - Bullish  Goal - 3307.6 My Stop Loss - 3285.4  #GOLD 💹Time Frame : 30m (signal)  🍀;3307.6
GBPJPY What Next? SELL! 👩‍💻 My dear friends, Please, find my technical outlook for GBPJPY below: The instrument tests an important psychological level 193.17 Bias - Bearish Target - 192.71  #GBPJPY 💹Time Frame :  1H (forecast)  🍀;192.71
NZDCAD The Target Is UP! BUY! 👩‍💻 My dear followers, This is my opinion on the NZDCAD next move: The asset is approaching an important pivot point 0.8191 Bias - Bullish Goal - 0.8219  #NZDCAD 💹Time Frame :  5H (forecast)  🍀;0.8219
GBPNZD Trading Opportunity! SELL! 👩‍💻 My dear friends, Please, find my technical outlook for GBPNZD below: The instrument tests an important psychological level 2.2738 Bias - Bearish — Target - 2.2584 Recommended Stop Loss - 2.2812  #GBPNZD 💹Time Frame : 12H (signal) - —— Get Exclusive VIP Signals 💗 With Entry, Stop, Target 💗 Join Via My VIP Bot -  💙 Contact - AnabelContact;2.2584
USDJPY Will Explode! BUY! 👩‍💻 My dear subscribers, USDJPY looks like it will make a good move, and here are the details: The market is trading on 143.33 pivot level. Bias - Bullish Target - 143.66  #USDJPY 💹Time Frame :  1H (forecast)  🍀;143.66
GBPCHF A Fall Expected! SELL! 👩‍💻 My dear friends, My technical analysis for GBPCHF is below: The market is trading on 1.1148 pivot level. Bias - Bearish Target - 1.1114  #GBPCHF 💹Time Frame :  5H (forecast)  🍀;1.1114
EURUSD Technical Analysis! SELL! 👩‍💻 My dear followers, This is my opinion on the EURUSD next move: The asset is approaching an important pivot point 1.1348 Bias - Bearish — Safe Stop Loss - 1.1396 Goal - 1.1273  #EURUSD 💹Time Frame : 8H (signal)  🍀;1.1273
USDCAD Massive Long! BUY! 👩‍💻 My dear subscribers, USDCAD looks like it will make a good move, and here are the details: The market is trading on 1.3814 pivot level. Bias - Bullish — My Stop Loss - 1.3784 Target - 1.3877  #USDCAD 💹Time Frame : 8H (signal)  🍀;1.3877
EURCAD What Next? BUY! 👩‍💻 My dear subscribers, This is my opinion on the EURCAD next move: The instrument tests an important psychological level 1.5605 Bias - Bullish Target - 1.5669  #EURCAD 💹Time Frame :  5H (forecast)  🍀;1.5669
SILVER Buyers In Panic! SELL! 👩‍💻 My dear friends, Please, find my technical outlook for SILVER below: The price is coiling around a solid key level - 33.484 Bias - Bearish  Goal - 32.948 Safe Stop Loss - 33.744  #SILVER 💹Time Frame : 12H (signal) —— Get Exclusive Intraday VIP Signals 💜 Join Via My VIP Bot -  💙;32.948
QQQ Trading Opportunity! BUY! 👩‍💻 My dear friends, QQQ looks like it will make a good move, and here are the details: The market is trading on 509.27 pivot level. Bias - Bullish Goal - 514.96  #QQQ 💹Time Frame :  1H (forecast)  🍀;514.96
EURNZD My Opinion! BUY! 👩‍💻 My dear followers, I analysed this chart on EURNZD and concluded the following: The market is trading on 1.8990 pivot level. Bias - Bullish Target - 1.9043  #EURNZD 💹Time Frame :  5H (forecast)  🍀;1.9043
EURUSD The Target Is DOWN! SELL! 👩‍💻 My dear subscribers, This is my opinion on the EURUSD next move: The instrument tests an important psychological level 1.1363 Bias - Bearish  Target - 1.1282 My Stop Loss - 1.1405  #EURUSD 💹Time Frame : 8H (signal)  🍀;1.1282
APPLE On The Rise! BUY! 👩‍💻 My dear friends, APPLE looks like it will make a good move, and here are the details: The market is trading on 195.23 pivot level. Bias - Bullish —— Goal - 208.29 Recommended Stop Loss - 187.61  #APPLE 💹Time Frame : 12H (signal)  🍀;208.29
GOLD Set To Grow! BUY! 👩‍💻 My dear followers, I analysed this chart on GOLD and concluded the following: The market is trading on 3338.3 pivot level. Bias - Bullish — Target - 3350.1 Safe Stop Loss - 3332.2  #GOLD 💹Time Frame : 30m (signal)  🍀;3350.1
CHFJPY Will Collapse! SELL! 👩‍💻 My dear subscribers, My technical analysis for CHFJPY is below: The price is coiling around a solid key level - 174.11 Bias - Bearish Goal - 173.84  #CHFJPY 💹Time Frame :  1H (forecast)  🍀;173.84
EURGBP Expected Growth! BUY! 👩‍💻 My dear friends, Please, find my technical outlook for EURGBP below: The instrument tests an important psychological level 0.8393 Bias - Bullish Target - 0.8412  #EURGBP 💹Time Frame :  5H (forecast)  🍀;0.8412
USDCHF Technical Analysis! BUY! 👩‍💻 My dear subscribers, My technical analysis for USDCHF is below: The price is coiling around a solid key level - 0.8202 Bias - Bullish  Goal - 0.8285 My Stop Loss - 0.8166  #USDCHF 💹Time Frame : 12H (signal)  🍀;0.8285
EURUSD Sellers In Panic! BUY! 👩‍💻 My dear friends, Please, find my technical outlook for EURUSD below: The instrument tests an important psychological level 1.1347 Bias -Bullish Target - 1.1371  #EURUSD 💹Time Frame :  1H (forecast)  🍀;1.1371
CADCHF Set To Fall! SELL! 👩‍💻 My dear followers, This is my opinion on the CADCHF next move: The asset is approaching an important pivot point 0.6003 Bias - Bearish Goal - 0.5968  #CADCHF 💹Time Frame :  5H (forecast)  🍀;0.5968
AUDCAD The Target Is UP! BUY! 👩‍💻 My dear friends, Please, find my technical outlook for AUDCAD below: The instrument tests an important psychological level 0.8873 Bias - Bullish  Target - 0.8918 Recommended Stop Loss - 0.8850  #AUDCAD 💹Time Frame : 8H (signal)  🍀;0.8918
GBPNZD Set To Fall! SELL! 👩‍💻 My dear followers, This is my opinion on the GBPNZD next move: The asset is approaching an important pivot point 2.2732 Bias - Bearish — Safe Stop Loss - 2.2905 Goal - 2.2594  #GBPNZD 💹Time Frame : 12H (signal)  🍀;2.2594
GOLD Will Explode! BUY! 👩‍💻 My dear subscribers, GOL looks like it will make a good move, and here are the details: The market is trading on 3313.4 pivot level. Bias - Bullish — My Stop Loss - 3309.3 Target - 3321.4  #GOLD 💹Time Frame : 30m (signal)  🍀;3321.4
EURNZD Set To Grow! BUY! 👩‍💻 My dear subscribers, EURNZD looks like it will make a good move, and here are the details: The market is trading on 1.8983 pivot level. Bias - Bullish Target - 1.9022  #EURNZD 💹Time Frame :  1H (forecast)  🍀;1.9022
GBPCHF My Opinion! SELL! 👩‍💻 My dear friends, My technical analysis for GBPCHF is below: The market is trading on 1.1144 pivot level. Bias - Bearish Target - 1.1126  #GBPCHF 💹Time Frame :  5H (forecast)  🍀;1.1126
NZDUSD What Next? SELL! 👩‍💻 My dear friends, My technical analysis for NZDUSD is below: The market is trading on 0.5966 pivot level. Bias - Bearish  Target - 0.5933 Recommended Stop Loss - 0.5989  #NZDUSD 💹Time Frame : 12H (signal) —— Get Exclusive Intraday VIP Signals 💜 Join Via My VIP Bot -  💙;0.5933
EURUSD My Opinion! BUY! 👩‍💻 My dear friends, Please, find my technical outlook for EURUSD below: The price is coiling around a solid key level - 1.1282 Bias - Bullish Goal - 1.1325  #EURUSD 💹Time Frame :  3H (forecast)  🍀;1.1325
AUDJPY Trading Opportunity! SELL! 👩‍💻 My dear subscribers, This is my opinion on the AUDJPY next move: The instrument tests an important psychological level 93.501 Bias - Bearish Target - 92.966  #AUDJPY 💹Time Frame :  5H (forecast)  🍀;92.966
NZDJPY A Fall Expected! SELL! 👩‍💻 My dear friends, Please, find my technical outlook for NZDJPY below: The price is coiling around a solid key level - 86.642 Bias - Bearish — Goal - 85.925 Safe Stop Loss - 87.013  #NZDJPY 💹Time Frame : 8H (signal)  🍀;85.925
GBPJPY Technical Analysis! SELL! 👩‍💻 My dear subscribers, This is my opinion on the GBPJPY next move: The instrument tests an important psychological level 195.61 Bias - Bearish — Target - 193.94 My Stop Loss - 196.32  #GBPJPY 💹Time Frame : 12H (signal)  🍀;193.94
GOLD What Next? BUY! 👩‍💻 My dear friends, GOLD looks like it will make a good move, and here are the details: The market is trading on 3293.8 pivot level. Bias - Bullish  Goal - 3307.5 Recommended Stop Loss - 3287.2  #GOLD 💹Time Frame : 30m (signal)  🍀;3307.5
NZDUSD Trading Opportunity! BUY! 👩‍💻 My dear friends, NZDUSD looks like it will make a good move, and here are the details: The market is trading on 0.5954 pivot level. Bias - Bullish Goal - 0.5969  #NZDUSD 💹Time Frame :  1H (forecast)  🍀;0.5969
AUDUSD Will Explode! BUY! 👩‍💻 My dear followers, I analysed this chart on AUDUSD and concluded the following: The market is trading on 0.6420 pivot level. Bias - Bullish Target - 0.6455  #AUDUSD 💹Time Frame :  5H (forecast)  🍀;0.6455
AUDCAD On The Rise! BUY! 👩‍💻 My dear followers, I analysed this chart on AUDCAD and concluded the following: The market is trading on 0.8864 pivot level. Bias - Bullish — Target - 0.8903 Safe Stop Loss - 0.8843  #AUDCAD 💹Time Frame : 8H (signal)  🍀;0.8903
EURUSD Under Pressure! SELL! 👩‍💻 My dear friends, Please, find my technical outlook for EURUSD below: The instrument tests an important psychological level 1.1348 Bias - Bearish Target - 1.1313  #EURUSD 💹Time Frame :  1H (forecast)  🍀;1.1313
GBPUSD Set To Grow! BUY! 👩‍💻 My dear followers, This is my opinion on the GBPUSD next move: The asset is approaching an important pivot point 1.3459 Bias - Bullish Goal - 1.3513  #GBPUSD 💹Time Frame :  5H (forecast)  🍀;1.3513
TESLA Massive Short! SELL! 👩‍💻 My dear friends, Please, find my technical outlook for TESLA below: The instrument tests an important psychological level 345.78 Bias - Bearish  Target - 308.21 Recommended Stop Loss - 364.73  #TESLA 💹Time Frame : 12H (signal)  🍀;308.21
SILVER Massive Long! BUY! 👩‍💻 My dear friends, My technical analysis for SILVER is below: The market is trading on 32.985 pivot level. Bias - Bullish Target - 33.258  #SILVER 💹Time Frame :  5H (forecast)  🍀;33.258
CHFJPY Buyers In Panic! SELL! 👩‍💻 My dear subscribers, CHFJPY looks like it will make a good move, and here are the details: The market is trading on 175.09 pivot level. Bias - Bearish  My Stop Loss - 175.56 Target - 174.30  #CHFJPY 💹Time Frame : 12H (signal)  🍀;174.30
CADJPY My Opinion! BUY! 👩‍💻 My dear friends, Please, find my technical outlook for CADJPY below: The price is coiling around a solid key level - 104.32 Bias - Bullish Goal - 104.57  #CADJPY 💹Time Frame :  1H (forecast)  🍀;104.57
GBPJPY What Next? BUY! 👩‍💻 My dear subscribers, This is my opinion on the GBPJPY next move: The instrument tests an important psychological level 193.34 Bias - Bullish Target - 194.37  #GBPJPY 💹Time Frame :  5H (forecast)  🍀;194.37
AUDUSD The Target Is DOWN! SELL! 👩‍💻 My dear friends, My technical analysis for AUDUSD is below: The market is trading on 0.6477 pivot level. Bias - Bearish — Target - 0.6446 Recommended Stop Loss - 0.6495  #AUDUSD 💹Time Frame : 8H (signal)  🍀;0.6446
EURUSD Will Collapse! SELL! 👩‍💻 My dear friends, Please, find my technical outlook for EURUSD below: The price is coiling around a solid key level - 1.1437 Bias - Bearish  Goal - 1.1336 Safe Stop Loss - 1.1501  #EURUSD 💹Time Frame : 12H (signal)  🍀;1.1336
GOLD Trading Opportunity! BUY! 👩‍💻 My dear subscribers, This is my opinion on the GOLD next move: The instrument tests an important psychological level 3344.4 Bias - Bullish — Target - 3358.5 My Stop Loss - 3336.9  #GOLD 💹Time Frame : 30m (signal)  🍀;3358.5
CHFJPY On The Rise! BUY! 👩‍💻 My dear friends, CHFJPY looks like it will make a good move, and here are the details: The market is trading on 174.39 pivot level. Bias - Bullish Goal - 174.60  #CHFJPY 💹Time Frame :  1H (forecast)  🍀;174.60
EURCHF Set To Fall! SELL! 👩‍💻 My dear followers, I analysed this chart on EURCHF and concluded the following: The market is trading on 0.9375 pivot level. Bias - Bearish Target - 0.9356  #EURCHF 💹Time Frame :  5H (forecast)  🍀;0.9356
EURGBP My Opinion! SELL! 👩‍💻 My dear friends, EURGBP looks like it will make a good move, and here are the details: The market is trading on 0.8422 pivot level. Bias - Bearish  Goal - 0.8405 Recommended Stop Loss - 0.8433  #EURGBP 💹Time Frame : 8H (signal)  🍀;0.8405
EURUSD What Next? SELL! 👩‍💻 My dear subscribers, My technical analysis for EURUSD is below: The price is coiling around a solid key level - 1.1401 Bias - Bearish Goal - 1.1380  #EURUSD 💹Time Frame :  1H (forecast)  🍀;1.1380
AUDJPY Trading Opportunity! SELL! 👩‍💻 My dear friends, Please, find my technical outlook for AUDJPY below: The instrument tests an important psychological level 93.263 Bias - Bearish Target - 92.841  #AUDJPY 💹Time Frame :  5H (forecast)  🍀;92.841
AUDUSD A Fall Expected! SELL! 👩‍💻 My dear followers, I analysed this chart on AUDUSD and concluded the following: The market is trading on 0.6494 pivot level. Bias - Bearish — Target - 0.6464 Safe Stop Loss - 0.6512  #AUDUSD 💹Time Frame : 8H (signal)  🍀;0.6464
EURJPY Technical Analysis! SELL! 👩‍💻 My dear subscribers, My technical analysis for EURJPY is below: The price is coiling around a solid key level - 163.50 Bias - Bearish — Goal - 162.79 My Stop Loss - 163.85  #EURJPY 💹Time Frame : 12H (signal)  🍀;162.79
GOLD A Fall Expected! SELL! 👩‍💻 My dear friends, Please, find my technical outlook for GOLD below: The instrument tests an important psychological level 3392.95 Bias - Bearish — Target - 3378.37 Recommended Stop Loss - 3403.2  #GOLD 💹Time Frame : 30m (signal)  🍀;3378.37
NZDCHF Technical Analysis! SELL! 👩‍💻 My dear followers, This is my opinion on the NZDCHF next move: The asset is approaching an important pivot point 0.4957 Bias - Bearish Goal - 0.4947  #NZDCHF 💹Time Frame :  1H (forecast)  🍀;0.4947
GBPAUD The Target Is UP! BUY! 👩‍💻 My dear subscribers, GBPAUD looks like it will make a good move, and here are the details: The market is trading on 2.0849 pivot level. Bias - Bullish Target - 2.0898  #GBPAUD 💹Time Frame :  5H (forecast)  🍀;2.0898
USDCAD Will Explode! BUY! 👩‍💻 My dear followers, This is my opinion on the USDCAD next move: The asset is approaching an important pivot point 1.3654 Bias - Bullish — Safe Stop Loss - 1.3603 Goal - 1.3751  #USDCAD 💹Time Frame : 12H (signal)  🍀;1.3751
EURUSD Set To Grow! BUY! 👩‍💻 My dear friends, My technical analysis for EURUSD is below: The market is trading on 1.1420 pivot level. Bias - Bullish Target - 1.1439  #EURUSD 💹Time Frame :  1H (forecast)  🍀;1.1439
GBPJPY Under Pressure! SELL! 👩‍💻 My dear friends, Please, find my technical outlook for GBPJPY below: The price is coiling around a solid key level - 195.26 Bias - Bearish Goal - 194.44  #GBPJPY 💹Time Frame :  5H (forecast)  🍀;194.44
CHFJPY Massive Short! SELL! 👩‍💻 My dear subscribers, CHFJPY looks like it will make a good move, and here are the details: The market is trading on 175.45 pivot level. Bias - Bearish — My Stop Loss - 175.86 Target - 174.76  #CHFJPY 💹Time Frame : 8H (signal)  🍀;174.76
EURCHF Buyers In Panic! SELL! 👩‍💻 My dear friends, My technical analysis for EURCHF is below: The market is trading on 0.9383 pivot level. Bias - Bearish — Target - 0.9351 Recommended Stop Loss - 0.9398  #EURCHF 💹Time Frame : 12H (signal)  🍀;0.9351
APPLE The Target Is DOWN! SELL! 👩‍💻 My dear subscribers, This is my opinion on the APPLE next move: The instrument tests an important psychological level 203.93 Bias - Bearish Target - 201.90  #APPLE 💹Time Frame :  1H (forecast)  🍀;201.90
QQQ Will Collapse! SELL! 👩‍💻 My dear friends, QQQ looks like it will make a good move, and here are the details: The market is trading on 529.85 pivot level. Bias - Bearish Goal - 521.53  #QQQ 💹Time Frame :  5H (forecast)  🍀;521.53
SILVER Set To Fall! SELL! 👩‍💻 My dear friends, Please, find my technical outlook for SILVER below: The price is coiling around a solid key level - 35.598 Bias - Bearish — Goal - 34.911 Safe Stop Loss - 36.515  #SILVER 💹Time Frame : 8H (signal)  🍀;34.911
EURUSD Expected Growth! BUY! 👩‍💻 My dear followers, I analysed this chart on EURUSD and concluded the following: The market is trading on 1.1395 pivot level. Bias - Bullish Target - 1.1419  #EURUSD 💹Time Frame :  1H (forecast)  🍀;1.1419
TESLA Technical Analysis! BUY! 👩‍💻 My dear subscribers, My technical analysis for TESLA is below: The price is coiling around a solid key level - 295.19 Bias - Bullish Goal - 323.17  #TESLA 💹Time Frame :  5H (forecast)  🍀;323.17
SPY Trading Opportunity! SELL! 👩‍💻 My dear followers, I analysed this chart on SPY and concluded the following: The market is trading on 599.04 pivot level. Bias - Bearish — Target - 570.83 Safe Stop Loss - 616.43  #SPY 💹Time Frame : 12H (signal)  🍀;570.83
GOLD A Fall Expected! SELL! 👩‍💻 My dear subscribers, My technical analysis for GOLD is below: The price is coiling around a solid key level - 3321.1 Bias - Bearish — Goal - 3310.6 My Stop Loss - 3326.3  #GOLD 💹Time Frame : 30m (signal)  🍀;3310.6
NZDCHF Technical Analysis! SELL! 👩‍💻 My dear friends, Please, find my technical outlook for NZDCHF below: The instrument tests an important psychological level 0.4965 Bias - Bearish Target - 0.4957  #NZDCHF 💹Time Frame :  1H (forecast)  🍀;0.4957
NZDJPY Under Pressure! SELL! 👩‍💻 My dear followers, This is my opinion on the NZDJPY next move: The asset is approaching an important pivot point 87.365 Bias - Bearish Goal - 86.678  #NZDJPY 💹Time Frame :  5H (forecast)  🍀;86.678
NZDUSD Massive Short! SELL! 👩‍💻 My dear friends, Please, find my technical outlook for NZDUSD below: The instrument tests an important psychological level 0.6040 Bias - Bearish  Target - 0.5991 Recommended Stop Loss - 0.6069  #NZDUSD 💹Time Frame : 12H (signal)  🍀;0.5991
EURUSD Buyers In Panic! SELL! 👩‍💻 My dear subscribers, EURUSD looks like it will make a good move, and here are the details: The market is trading on 1.1441 pivot level. Bias - Bearish Target - 1.1424  #EURUSD 💹Time Frame :  1H (forecast)  🍀;1.1424
EURCAD The Target Is DOWN! SELL! 👩‍💻 My dear friends, My technical analysis for EURCAD is below: The market is trading on 1.5657 pivot level. Bias - Bearish Target - 1.5622  #EURCAD 💹Time Frame :  5H (forecast)  🍀;1.5622
GBPNZD What Next? BUY! 👩‍💻 My dear followers, This is my opinion on the GBPNZD next move: The asset is approaching an important pivot point 2.2338 Bias - Bullish  Safe Stop Loss - 2.2269 Goal - 2.2459  #GBPNZD 💹Time Frame : 8H (signal)  🍀;2.2459
GBPCAD Massive Long! BUY! 👩‍💻 My dear subscribers, GBPCAD looks like it will make a good move, and here are the details: The market is trading on 1.8497 pivot level. Bias - Bullish — My Stop Loss - 1.8456 Target - 1.8577  #GBPCAD 💹Time Frame : 12H (signal)  🍀;1.8577
GOLD Sellers In Panic! BUY! 👩‍💻 My dear friends, My technical analysis for GOLD is below: The market is trading on 3330.6 pivot level. Bias - Bullish — Target - 3338.3 Recommended Stop Loss - 3326.5  #GOLD 💹Time Frame : 30m (signal)  🍀;3338.3
AUDCHF The Target Is UP! BUY! 👩‍💻 My dear friends, Please, find my technical outlook for AUDCHF below: The price is coiling around a solid key level - 0.5349 Bias - Bullish Goal - 0.5357  #AUDCHF 💹Time Frame :  1H (forecast)  🍀;0.5357
GBPCHF Sellers In Panic! BUY! 👩‍💻 My dear subscribers, This is my opinion on the GBPCHF next move: The instrument tests an important psychological level 1.1095 Bias - Bullish Target - 1.1111  #GBPCHF 💹Time Frame :  5H (forecast)  🍀;1.1111
EURCHF Will Collapse! SELL! 👩‍💻 My dear friends, Please, find my technical outlook for EURCHF below: The price is coiling around a solid key level - 0.9401 Bias - Bearish — Goal - 0.9373 Safe Stop Loss - 0.9415  #EURCHF 💹Time Frame : 8H (signal)  🍀;0.9373
EURUSD Set To Fall! SELL! 👩‍💻 My dear friends, EURUSD looks like it will make a good move, and here are the details: The market is trading on 1.1596 pivot level. Bias - Bearish Goal - 1.1533  #EURUSD 💹Time Frame :  3H (forecast)  🍀;1.1533
GBPUSD My Opinion! SELL! 👩‍💻 My dear followers, I analysed this chart on GBPUSD and concluded the following: The market is trading on 1.3589 pivot level. Bias - Bearish Target - 1.3538  #GBPUSD 💹Time Frame :  5H (forecast)  🍀;1.3538
CHFJPY What Next? SELL! 👩‍💻 My dear subscribers, This is my opinion on the CHFJPY next move: The instrument tests an important psychological level 176.83 Bias - Bearish — Target - 175.72 My Stop Loss - 177.39  #CHFJPY 💹Time Frame : 8H (signal)  🍀;175.72
USDCHF Will Explode! BUY! 👩‍💻 My dear friends, USDCHF looks like it will make a good move, and here are the details: The market is trading on 0.8114 pivot level. Bias - Bullish  Goal - 0.8214 Recommended Stop Loss - 0.8059  #USDCHF 💹Time Frame : 12H (signal)  🍀;0.8214
GOLD Trading Opportunity! SELL! 👩‍💻 My dear followers, I analysed this chart on GOLD and concluded the following: The market is trading on 3440.7 pivot level. Bias - Bearish — Target - 3424.3 Safe Stop Loss - 3450.7  #GOLD 💹Time Frame : 30m (signal)  🍀;3424.3
CADJPY A Fall Expected! SELL! 👩‍💻 My dear subscribers, My technical analysis for CADJPY is below: The price is coiling around a solid key level - 105.97 Bias - Bearish Goal - 105.56  #CADJPY 💹Time Frame :  1H (forecast)  🍀;105.56
NZDJPY Set To Grow! BUY! 👩‍💻 My dear friends, Please, find my technical outlook for NZDJPY below: The instrument tests an important psychological level 86.740 Bias - Bullish Target - 87.156  #NZDJPY 💹Time Frame :  5H (forecast)  🍀;87.156
NZDUSD My Opinion! BUY! 👩‍💻 My dear subscribers, My technical analysis for NZDUSD is below: The price is coiling around a solid key level - 0.6015 Bias - Bullish — Goal - 0.6043 My Stop Loss - 0.5999  #NZDUSD 💹Time Frame : 8H (signal)  🍀;0.6043
GBPCAD What Next? BUY! 👩‍💻 My dear subscribers, GBPCAD looks like it will make a good move, and here are the details: The market is trading on 1.8440 pivot level. Bias - Bullish Target - 1.8496  #GBPCAD 💹Time Frame :  5H (forecast)  🍀;1.8496
EURUSD Under Pressure! SELL! 👩‍💻 My dear friends, Please, find my technical outlook for EURUSD below: The instrument tests an important psychological level 1.1551 Bias - Bearish — Target - 1.1458 Recommended Stop Loss - 1.1608  #EURUSD 💹Time Frame : 8H (signal)  🍀;1.1458
APPLE Trading Opportunity! BUY! 👩‍💻 My dear followers, This is my opinion on the APPLE next move: The asset is approaching an important pivot point 196.46 Bias - Bullish  Safe Stop Loss - 193.21 Goal - 202.06  #APPLE 💹Time Frame : 12H (signal)  🍀;202.06
QQQ On The Rise! BUY! 👩‍💻 My dear friends, My technical analysis for QQQ is below: The market is trading on 526.92 pivot level. Bias - Bullish Target - 530.98  #QQQ 💹Time Frame :  1H (forecast)  🍀;530.98
EURNZD Massive Short! SELL! 👩‍💻 My dear subscribers, EURNZD looks like it will make a good move, and here are the details: The market is trading on 1.9194 pivot level. Bias - Bearish — My Stop Loss - 1.9246 Target - 1.9095  #EURNZD 💹Time Frame : 8H (signal)  🍀;1.9095
SILVER Buyers In Panic! SELL! 👩‍💻 My dear friends, My technical analysis for SILVER is below: The market is trading on 36.320 pivot level. Bias - Bearish — Target - 35.168 Recommended Stop Loss - 36.830  #SILVER 💹Time Frame : 12H (signal)  🍀;35.168
EURUSD The Target Is DOWN! SELL! 👩‍💻 My dear subscribers, This is my opinion on the EURUSD next move: The instrument tests an important psychological level 1.1588 Bias - Bearish Target - 1.1555  #EURUSD 💹Time Frame :  1H (forecast)  🍀;1.1555
GBPCAD Technical Analysis! BUY! 👩‍💻 My dear friends, GBPCAD looks like it will make a good move, and here are the details: The market is trading on 1.8449 pivot level. Bias - Bullish Goal - 1.8496  #GBPCAD 💹Time Frame :  5H (forecast)  🍀;1.8496
GBPUSD Will Collapse! SELL! 👩‍💻 My dear friends, Please, find my technical outlook for GBPUSD below: The price is coiling around a solid key level - 1.3619 Bias - Bearish  Goal - 1.3570 Safe Stop Loss - 1.3649  #GBPUSD 💹Time Frame : 8H (signal)  🍀;1.3570
EURCAD Set To Fall! SELL! 👩‍💻 My dear subscribers, This is my opinion on the EURCAD next move: The instrument tests an important psychological level 1.5718 Bias - Bearish — Target - 1.5674 My Stop Loss - 1.5743  #EURCAD 💹Time Frame : 12H (signal)  🍀;1.5674
GOLD Massive Long! BUY! 👩‍💻 My dear friends, GOLD looks like it will make a good move, and here are the details: The market is trading on 3389.4 pivot level. Bias - Bullish  Goal -3396.3 Recommended Stop Loss - 3385.8  #GOLD 💹Time Frame : 30m (signal)  🍀;3396.3
USDCHF My Opinion! SELL! 👩‍💻 My dear followers, I analysed this chart on USDCHF and concluded the following: The market is trading on 0.8147 pivot level. Bias - Bearish Target - 0.8131  #USDCHF 💹Time Frame :  1H (forecast)  🍀;0.8131
GBPNZD Sellers In Panic! BUY! 👩‍💻 My dear subscribers, My technical analysis for GBPNZD is below: The price is coiling around a solid key level - 2.2314 Bias - Bullish Goal - 2.2402  #GBPNZD 💹Time Frame :  5H (forecast)  🍀;2.2402
USDJPY What Next? SELL! 👩‍💻 My dear followers, This is my opinion on the USDJPY next move: The asset is approaching an important pivot point 145.13 Bias - Bearish  Safe Stop Loss - 145.55 Goal - 144.31  #USDJPY 💹Time Frame : 12H (signal)  🍀;144.31
💜 EURUSD The Target Is UP! BUY! 👩‍💻 My dear friends, Please, find my technical outlook for EURUSD below: The instrument tests an important psychological level 1.1504 Bias - Bullish Target - 1.1544  #EURUSD 💹Time Frame :  4H (forecast)  🍀;1.1544
💜 AUDNZD Trading Opportunity! SELL! 👩‍💻 My dear followers, This is my opinion on the AUDNZD next move: The asset is approaching an important pivot point 1.0786 Bias - Bearish Goal - 1.0770  #AUDNZD 💹Time Frame :  5H (forecast)  🍀;1.0770
💜 GBPCHF Will Explode! BUY! 👩‍💻 My dear subscribers, GBPCHF looks like it will make a good move, and here are the details: The market is trading on 1.0989 pivot level. Bias - Bullish  My Stop Loss - 1.0948 Target - 1.1062  #GBPCHF 💹Time Frame : 8H (signal)  🍀;1.1062
💜 GBPUSD Set To Grow! BUY! 👩‍💻 My dear friends, My technical analysis for GBPUSD is below: The market is trading on 1.3462 pivot level. Bias - Bullish — Target - 1.3528 Recommended Stop Loss - 1.3421  #GBPUSD 💹Time Frame : 12H (signal) —— ❤️TEXT ME TO JOIN VIP➡️  ❤️ALSO JOIN IN THE BOT➡️;1.3528
💜 GOLD My Opinion! BUY! 👩‍💻 My dear friends, Please, find my technical outlook for GOLD below: The price is coiling around a solid key level - 3367.9 Bias - Bullish  Goal - 3379.6 Safe Stop Loss - 3360.8  #GOLD 💹Time Frame : 30m (signal)  🍀;3379.6
💜 EURJPY A Fall Expected! SELL! 👩‍💻 My dear subscribers , EURJPY looks like it will make a good move, and here are the details: The market is trading on 166.89 pivot level. Bias - Bearish Target - 166.57  #EURJPY 💹Time Frame :  1H (forecast)  🍀;166.57
💜 NZDUSD What Next? BUY! 👩‍💻 My dear friends, My technical analysis for NZDUSD is below: The market is trading on 0.5974 pivot level. Bias - Bullish Target - 0.6009  #NZDUSD 💹Time Frame :  5H (forecast)  🍀;0.6009
💜 USDJPY Technical Analysis! SELL! 👩‍💻 My dear friends, Please, find my technical outlook for USDJPY below: The price is coiling around a solid key level - 145.43 Bias - Bearish — Goal - 144.58 Safe Stop Loss - 145.90  #USDJPY 💹Time Frame : 12H (signal) —— ❤️TEXT ME TO JOIN VIP➡️  ❤️ALSO JOIN IN THE BOT➡️;144.58
💜 EURUSD Under Pressure! SELL! 👩‍💻 My dear friends, Please, find my technical outlook for EURUSD below: The price is coiling around a solid key level - 1.1508 Bias - Bearish Goal - 1.1488  #EURUSD 💹Time Frame :  2H (forecast)  🍀;1.1488
💜 AUDUSD Trading Opportunity! BUY! 👩‍💻 My dear subscribers, This is my opinion on the AUDUSD next move: The instrument tests an important psychological level 0.6464 Bias - Bullish Target - 0.6495  #AUDUSD 💹Time Frame :  5H (forecast)  🍀;0.6495
💜 GBPJPY Massive Short! SELL! 👩‍💻 My dear subscribers, This is my opinion on the GBPJPY next move: The instrument tests an important psychological level 196.43 Bias - Bearish  Target - 195.50 My Stop Loss - 196.93  #GBPJPY 💹Time Frame : 8H (signal)  🍀;195.50
💜 EURNZD Buyers In Panic! SELL! 👩‍💻 My dear friends, EURNZD looks like it will make a good move, and here are the details: The market is trading on 1.9299 pivot level. Bias - Bearish . Goal - 1.9163 Recommended Stop Loss - 1.9366  #EURNZD 💹Time Frame : 12H (signal) —— ❤️TEXT ME TO JOIN VIP➡️  ❤️ALSO JOIN IN THE BOT➡️;1.9163
💜 APPLE The Target Is DOWN! SELL! 👩‍💻 My dear friends, APPLE looks like it will make a good move, and here are the details: The market is trading on 200.92 pivot level. Bias - Bearish Goal - 198.42  #APPLE 💹Time Frame :  1H (forecast)  🍀;198.42
💜 SILVER On The Rise! BUY! 👩‍💻 My dear followers , I analysed this chart on SILVER and concluded the following: The market is trading on 36.006 pivot level. Bias - Bullish Target - 36.456  #SILVER 💹Time Frame :  1H (forecast)  🍀;36.456
💜 NZDUSD Expected Growth! BUY! 👩‍💻 My dear subscribers, My technical analysis for NZDUSD is below: The price is coiling around a solid key level - 0.5966 Bias - Bullish  Goal - 0.6001 My Stop Loss - 0.5946  #NZDUSD 💹Time Frame : 8H (signal)  🍀;0.6001
💜 EURUSD Set To Fall! SELL! 👩‍💻 My dear subscribers, My technical analysis for EURUSD is below: The price is coiling around a solid key level - 1.1521 Bias - Bearish Goal - 1.1496  #EURUSD 💹Time Frame :  3H (forecast)  🍀;1.1496
💜 AUDCHF Technical Analysis! BUY! 👩‍💻 My dear friends, Please, find my technical outlook for AUDCHF below: The instrument tests an important psychological level 0.5278 Bias - Bullish Target - 0.5302  #AUDCHF 💹Time Frame :  5H (forecast)  🍀;0.5302
💜 EURAUD My Opinion! SELL! 👩‍💻 My dear followers, This is my opinion on the EURAUD next move: The asset is approaching an important pivot point 1.7858 Bias - Bearish — Safe Stop Loss - 1.7914 Goal - 1.7748  #EURAUD 💹Time Frame : 8H (signal)  🍀;1.7748
💜 GOLD What Next? SELL! 👩‍💻 My dear friends, My technical analysis for GOLD is below: The market is trading on 3376.9 pivot level. Bias - Bearish  Target - 3366.2 Recommended Stop Loss - 3383.0  #GOLD 💹Time Frame : 30m (signal)  🍀;3366.2
💜 AUDUSD Sellers In Panic! BUY! 👩‍💻 My dear followers , This is my opinion on the AUDUSD next move: The asset is approaching an important pivot point 0.6427 Bias - Bullish Goal - 0.6462  #AUDUSD 💹Time Frame :  3H (forecast)  🍀;0.6462
💜 AUDCAD The Target Is UP! BUY! 👩‍💻 My dear subscribers, AUDCAD looks like it will make a good move, and here are the details: The market is trading on 0.8830 pivot level. Bias - Bullish Target - 0.8861  #AUDCAD 💹Time Frame :  5H (forecast)  🍀;0.8861
💜 GBPAUD Trading Opportunity! SELL! 👩‍💻 My dear friends, Please, find my technical outlook for GBPAUD below: The price is coiling around a solid key level - 2.0968 Bias - Bearish — Goal - 2.0858 Safe Stop Loss - 2.1029  #GBPAUD 💹Time Frame : 12H (signal) —— ❤️TEXT ME TO JOIN VIP➡️  ❤️ALSO JOIN IN THE BOT➡️;2.0858
💜 EURJPY Will Explode! BUY! 👩‍💻 My dear friends, My technical analysis for EURJPY is below: The market is trading on 168.01 pivot level. Bias - Bullish Target - 168.66  #EURJPY 💹Time Frame :  1H (forecast)  🍀;168.66
💜 EURUSD A Fall Expected! SELL! 👩‍💻 My dear friends, Please, find my technical outlook for EURUSD below: The price is coiling around a solid key level - 1.1609 Bias - Bearish Goal - 1.1532  #EURUSD 💹Time Frame :  5H (forecast)  🍀;1.1532
💜 EURCHF Set To Grow! BUY! 👩‍💻 My dear subscribers, This is my opinion on the EURCHF next move: The instrument tests an important psychological level 0.9359 Bias - Bullish — Target - 0.9386 My Stop Loss - 0.9345  #EURCHF 💹Time Frame : 8H (signal)  🍀;0.9386
💜 GBPUSD Technical Analysis! SELL! 👩‍💻 My dear friends, GBPUSD looks like it will make a good move, and here are the details: The market is trading on 1.3622 pivot level. Bias - Bearish  Goal - 1.3558 Recommended Stop Loss - 1.3653  #GBPUSD 💹Time Frame : 12H (signal) —— ❤️TEXT ME TO JOIN VIP➡️  ❤️ALSO JOIN IN THE BOT➡️;1.3558
💜 GOLD My Opinion! BUY! 👩‍💻 My dear followers, I analysed this chart on GOLD and concluded the following: The market is trading on 3313.7 pivot level. Bias - Bullish  Target - 3321.8 Safe Stop Loss - 3309.7  #GOLD 💹Time Frame : 30m (signal)  🍀;3321.8
💜 AUDJPY Under Pressure! SELL! 👩‍💻 My dear subscribers, This is my opinion on the AUDJPY next move: The instrument tests an important psychological level 94.650 Bias - Bearish Target - 94.434  #AUDJPY 💹Time Frame :  1H (forecast)  🍀;94.434
💜 AUDCAD Massive Short! SELL! 👩‍💻 My dear friends, AUDCAD looks like it will make a good move, and here are the details: The market is trading on 0.8911 pivot level. Bias - Bearish Goal - 0.8881  #AUDCAD 💹Time Frame :  5H (forecast)  🍀;0.8881
💜 NZDJPY Buyers In Panic! SELL! 👩‍💻 My dear subscribers, My technical analysis for NZDJPY is below: The price is coiling around a solid key level - 87.737 Bias - Bearish  Goal - 87.205 My Stop Loss - 87.976  #NZDJPY 💹Time Frame : 8H (signal) —— ❤️TEXT ME TO JOIN VIP➡️  ❤️ALSO JOIN IN THE BOT➡️;87.205
💜 AUDNZD The Target Is DOWN! SELL! 👩‍💻 My dear followers, I analysed this chart on AUDNZD and concluded the following: The market is trading on 1.0803 pivot level. Bias - Bearish Target - 1.0792  #AUDNZD 💹Time Frame :  1H (forecast)  🍀;1.0792
💜 EURUSD Will Collapse! SELL! 👩‍💻 My dear subscribers, My technical analysis for EURUSD is below: The price is coiling around a solid key level - 1.1716 Bias - Bearish Goal - 1.1644  #EURUSD 💹Time Frame :  5H (forecast)  🍀;1.1644
💜 CADJPY What Next? BUY! 👩‍💻 My dear friends, Please, find my technical outlook for CADJPY below: The instrument tests an important psychological level 105.74 Bias - Bullish  Target - 106.26 Recommended Stop Loss - 105.43  #CADJPY 💹Time Frame : 8H (signal)  🍀;106.26
💜 AUDUSD Set To Fall! SELL! 👩‍💻 My dear followers, This is my opinion on the AUDUSD next move: The asset is approaching an important pivot point 0.6555 Bias - Bearish  Safe Stop Loss - 0.6583 Goal - 0.6497  #AUDUSD 💹Time Frame : 12H (signal) —— ❤️TEXT ME TO JOIN VIP➡️  ❤️ALSO JOIN IN THE BOT➡️;0.6497
💜 GOLD Trading Opportunity! BUY! 👩‍💻 My dear subscribers, GOLD looks like it will make a good move, and here are the details: The market is trading on 3270.6 pivot level. Bias - Bullish — My Stop Loss - 3260.7 Target - 3289.4  #GOLD 💹Time Frame : 30m (signal)  🍀;3289.4
💜 EURCAD My Opinion! SELL! 👩‍💻 My dear friends, Please, find my technical outlook for EURCAD below: The instrument tests an important psychological level 1.6006 Bias - Bearish Target - 1.5978  #EURCAD 💹Time Frame :  1H (forecast)  🍀;1.5978
💜 AUDNZD On The Rise! BUY! 👩‍💻 My dear followers, This is my opinion on the AUDNZD next move: The asset is approaching an important pivot point 1.0782 Bias - Bullish Goal - 1.0797  #AUDNZD 💹Time Frame :  5H (forecast)  🍀;1.0797
💜 USDCAD Expected Growth! BUY! 👩‍💻 My dear friends, My technical analysis for USDCAD is below: The market is trading on 1.3649 pivot level. Bias - Bullish  Target - 1.3697 Recommended Stop Loss - 1.3624  #USDCAD 💹Time Frame : 8H (signal) —— ❤️TEXT ME TO JOIN VIP➡️  ❤️ALSO JOIN IN THE BOT➡️;1.3697
💜 GBPCHF Technical Analysis! BUY! 👩‍💻 My dear subscribers, GBPCHF looks like it will make a good move, and here are the details: The market is trading on 1.0959 pivot level. Bias - Bullish Target - 1.0979  #GBPCHF 💹Time Frame :  1H (forecast)  🍀;1.0979
💜 EURUSD What Next? SELL! 👩‍💻 My dear friends, My technical analysis for EURUSD is below: The market is trading on 1.1716 pivot level. Bias - Bearish Target - 1.1635  #EURUSD 💹Time Frame :  5H (forecast)  🍀;1.1635
💜 EURCHF Massive Long! BUY! 👩‍💻 My dear friends, Please, find my technical outlook for EURCHF below: The price is coiling around a solid key level - 0.9364 Bias - Bullish  Goal - 0.9388 Safe Stop Loss - 0.9355  #EURCHF 💹Time Frame : 8H (signal)  🍀;0.9388
💜 SILVER Sellers In Panic! BUY! 👩‍💻 My dear friends, Please, find my technical outlook for SILVER below: The price is coiling around a solid key level - 35.993 Bias -Bullish Goal - 36.378  #SILVER 💹Time Frame :  1H (forecast)  🍀;36.378
💜 QQQ A Fall Expected! SELL! 👩‍💻 My dear subscribers, This is my opinion on the QQQ next move: The instrument tests an important psychological level 548.21 Bias - Bearish Target - 535.27  #QQQ 💹Time Frame :  5H (forecast)  🍀;535.27
💜 SPY Technical Analysis! SELL! 👩‍💻 My dear followers, I analysed this chart on SPY and concluded the following: The market is trading on 614.85 pivot level. Bias - Bearish  Target - 586.37 Safe Stop Loss - 631.68  #SPY 💹Time Frame : 12H (signal);586.37
💜 GBPCAD Set To Grow! BUY! 👩‍💻 My dear friends, GBPCAD looks like it will make a good move, and here are the details: The market is trading on 1.8698 pivot level. Bias - Bullish Goal - 1.8728  #GBPCAD 💹Time Frame :  1H (forecast)  🍀;1.8728
💜 GBPCHF My Opinion! BUY! 👩‍💻 My dear followers, I analysed this chart on GBPCHF and concluded the following: The market is trading on 1.0911 pivot level. Bias - Bullish Target - 1.0951  #GBPCHF 💹Time Frame :  5H (forecast)  🍀;1.0951
💜 EURUSD Under Pressure! SELL! 👩‍💻 My dear subscribers, My technical analysis for EURUSD is below: The price is coiling around a solid key level - 1.1726 Bias - Bearish — Goal - 1.1612 My Stop Loss - 1.1783  #EURUSD 💹Time Frame : 8H (signal)  🍀;1.1612
EURCHF What Next? BUY! 👩‍💻 My dear friends, Please, find my technical outlook for EURCHF below: The instrument tests an important psychological level 0.9343 Bias - Bullish — Target - 0.9377 Recommended Stop Loss - 0.9329  #EURCHF 💹Time Frame : 12H (signal);0.9377
💜 GOLD Massive Short! SELL! 👩‍💻 My dear followers, This is my opinion on the GOLD next move: The asset is approaching an important pivot point 3350.4 Bias - Bearish —— Safe Stop Loss - 3363.2 Goal - 3328.2  #GOLD 💹Time Frame : 30m (signal)  🍀;3328.2
💜 AUDJPY Trading Opportunity! BUY! 👩‍💻 My dear subscribers, My technical analysis for AUDJPY is below: The price is coiling around a solid key level - 94.200 Bias - Bullish Goal - 94.441  #AUDJPY 💹Time Frame :  1H (forecast)  🍀;94.441
💜 GBPJPY On The Rise! BUY! 👩‍💻 My dear friends, Please, find my technical outlook for GBPJPY below: The instrument tests an important psychological level 196.72 Bias - Bullish Target - 197.78  #GBPJPY 💹Time Frame :  5H (forecast)  🍀;197.78
💜 AUDUSD Buyers In Panic! SELL! 👩‍💻 My dear subscribers, AUDUSD looks like it will make a good move, and here are the details: The market is trading on 0.6571 pivot level. Bias - Bearish — My Stop Loss - 0.6603 Target - 0.6511  #AUDUSD 💹Time Frame : 12H (signal);0.6511
💜 EURUSD Expected Growth! BUY! 👩‍💻 My dear followers, This is my opinion on the EURUSD next move: The asset is approaching an important pivot point 1.1774 Bias -Bullish Goal - 1.1792  #EURUSD 💹Time Frame :  1H (forecast)  🍀;1.1792
💜 AUDNZD The Target Is DOWN! SELL! 👩‍💻 My dear subscribers, AUDNZD looks like it will make a good move, and here are the details: The market is trading on 1.0817 pivot level. Bias - Bearish Target - 1.0798  #AUDNZD 💹Time Frame :  5H (forecast)  🍀;1.0798
💜 GBPAUD Technical Analysis! BUY! 👩‍💻 My dear friends, My technical analysis for GBPAUD is below: The market is trading on 2.0742 pivot level. Bias - Bullish — Target - 2.0862 Recommended Stop Loss - 2.0677  #GBPAUD 💹Time Frame : 8H (signal)  🍀;2.0862
AUDNZD Will Collapse! SELL! 👩‍💻 My dear friends , Please, find my technical outlook for AUDNZD below: The price is coiling around a solid key level - 1.0816 Bias - Bearish — Goal - 1.0794 Safe Stop Loss - 1.0829  #AUDNZD 💹Time Frame : 12H (signal);1.0794
💜 GOLD Massive Long! BUY! 👩‍💻 My dear subscribers, This is my opinion on the GOLD next move: The instrument tests an important psychological level 3326.7 Bias - Bullish — Target - 3337.9 My Stop Loss - 3320.0  #GOLD 💹Time Frame : 30m (signal)  🍀;3337.9
💜 CHFJPY Set To Fall! SELL! 👩‍💻 My dear subscribers, CHFJPY looks like it will make a good move, and here are the details: The market is trading on 182.35 pivot level. Bias - Bearish Target - 181.92  #CHFJPY 💹Time Frame :  1H (forecast)  🍀;181.92
💜 EURJPY What Next? SELL! 👩‍💻 My dear friends, My technical analysis for EURJPY is below: The market is trading on 170.54 pivot level. Bias - Bearish Target - 169.84  #EURJPY 💹Time Frame :  5H (forecast)  🍀;169.84
CADJPY Trading Opportunity! SELL! 👩‍💻 My dear friends, CADJPY looks like it will make a good move, and here are the details: The market is trading on 106.86 pivot level. Bias - Bearish  Goal - 106.29 Recommended Stop Loss - 107.19  #CADJPY 💹Time Frame : 8H (signal);106.29
💜 GBPUSD Sellers In Panic! BUY! 👩‍💻 My dear friends, Please, find my technical outlook for GBPUSD below: The price is coiling around a solid key level - 1.3638 Bias - Bullish Goal - 1.3653  #GBPUSD 💹Time Frame :  1H (forecast)  🍀;1.3653
💜 NZDUSD The Target Is UP! BUY! 👩‍💻 My dear subscribers, This is my opinion on the NZDUSD next move: The instrument tests an important psychological level 0.6056 Bias - Bullish Target - 0.6080  #NZDUSD 💹Time Frame :  4H (forecast)  🍀;0.6080
💜 GBPCAD Will Explode! BUY! 👩‍💻 My dear followers, I analysed this chart on GBPCAD and concluded the following: The market is trading on 1.8563 pivot level. Bias - Bullish — Target - 1.8667 Safe Stop Loss - 1.8504 —— #GBPCAD 💹Time Frame : 8H (signal)  🍀;1.8667
💜 EURUSD A Fall Expected! SELL! 👩‍💻 My dear subscribers, My technical analysis for EURUSD is below: The price is coiling around a solid key level - 1.1784 Bias - Bearish  Goal - 1.1667 My Stop Loss - 1.1853  #EURUSD 💹Time Frame : 12H (signal);1.1667
💜 SILVER Technical Analysis! SELL! 👩‍💻 My dear followers, I analysed this chart on SILVER and concluded the following: The market is trading on 36.935 pivot level. Bias - Bearish Target - 36.582  #SILVER 💹Time Frame :  5H (forecast)  🍀;36.582
💜 SPY Under Pressure! SELL! 👩‍💻 My dear friends, Please, find my technical outlook for SPY below: The instrument tests an important psychological level 625.36 Bias - Bearish — Target - 610.17 Recommended Stop Loss - 632.61  #SPY 💹Time Frame : 8H (signal)  🍀;610.17
💜 APPLE Massive Short! SELL! 👩‍💻 My dear friends, Please, find my technical outlook for APPLE below: The instrument tests an important psychological level 213.58 Bias - Bearish Target - 208.03  #APPLE 💹Time Frame :  5H (forecast)  🍀;208.03
💜 QQQ Massive Short! SELL! 👩‍💻 My dear subscribers, QQQ looks like it will make a good move, and here are the details: The market is trading on 556.22 pivot level. Bias - Bearish — My Stop Loss - 564.94 Target - 542.15  #QQQ 💹Time Frame : 8H (signal)  🍀;542.15
💜 EURUSD Buyers In Panic! SELL! 👩‍💻 My dear friends, My technical analysis for EURUSD is below: The market is trading on 1.1775 pivot level. Bias - Bearish — Target - 1.1648 Recommended Stop Loss - 1.1840  #EURUSD 💹Time Frame : 12H (signal);1.1648
💜 GOLD The Target Is DOWN! SELL! 👩‍💻 My dear friends, Please, find my technical outlook for GOLD below: The price is coiling around a solid key level - 3316.4 Bias - Bearish — Goal - 3307.9 Safe Stop Loss - 3320.5  #GOLD 💹Time Frame : 30m (signal)  🍀;3307.9
💜 USDCHF Will Collapse! SELL! 👩‍💻 My dear followers, This is my opinion on the USDCHF next move: The asset is approaching an important pivot point 0.7969 Bias - Bearish Goal - 0.7955  #USDCHF 💹Time Frame :  5H (forecast)  🍀;0.7955
💜 AUDCAD Trading Opportunity! BUY! 👩‍💻 My dear subscribers, AUDCAD looks like it will make a good move, and here are the details: The market is trading on 0.8881 pivot level. Bias - Bullish Target - 0.8927  #AUDCAD 💹Time Frame :  5H (forecast)  🍀;0.8927
💜 GBPNZD Set To Fall! SELL! 👩‍💻 My dear subscribers, This is my opinion on the GBPNZD next move: The instrument tests an important psychological level 2.2694 Bias - Bearish —— Target - 2.2568 My Stop Loss - 2.2759  #GBPNZD 💹Time Frame : 12H (signal);2.2568
💜 EURUSD On The Rise! BUY! 👩‍💻 My dear friends, My technical analysis for EURUSD is below: The market is trading on 1.1709 pivot level. Bias - Bullish Target - 1.1729  #EURUSD 💹Time Frame :  1H (forecast)  🍀;1.1729
💜 USDCAD My Opinion! SELL! 👩‍💻 My dear friends, Please, find my technical outlook for USDCAD below: The price is coiling around a solid key level - 1.3669 Bias - Bearish Goal - 1.3621  #USDCAD 💹Time Frame :  5H (forecast)  🍀;1.3621
💜 GBPUSD Expected Growth! BUY! 👩‍💻 My dear friends, GBPUSD looks like it will make a good move, and here are the details: The market is trading on 1.3557 pivot level. Bias - Bullish —— Goal - 1.3657 Recommended Stop Loss - 1.3503  #GBPUSD 💹Time Frame : 8H (signal)  🍀;1.3657
💜 USDJPY What Next? SELL! 👩‍💻 My dear followers, I analysed this chart on USDJPY and concluded the following: The market is trading on 146.88 pivot level. Bias - Bearish —— Target - 145.35 Safe Stop Loss - 147.68  #USDJPY 💹Time Frame : 12H (signal);145.35
💜 GOLD Trading Opportunity! SELL! 👩‍💻 My dear subscribers, My technical analysis for GOLD is below: The price is coiling around a solid key level - 3297.6 Bias - Bearish — Goal - 3291.9 My Stop Loss - 3301.3  #GOLD 💹Time Frame : 30m (signal)  🍀;3291.9
💜 GBPNZD A Fall Expected! SELL! 👩‍💻 My dear subscribers, This is my opinion on the GBPNZD next move: The instrument tests an important psychological level 2.2683 Bias - Bearish Target - 2.2655  #GBPNZD 💹Time Frame :  1H (forecast)  🍀;2.2655
💜 CADCHF Sellers In Panic! BUY! 👩‍💻 My dear friends, CADCHF looks like it will make a good move, and here are the details: The market is trading on 0.5811 pivot level. Bias - Bullish Goal - 0.5831 — 💐 #CADCHF 💹Time Frame :  5H (forecast)  🍀;0.5831
💜 EURCHF The Target Is UP! BUY! 👩‍💻 My dear friends, Please, find my technical outlook for EURCHF below: The instrument tests an important psychological level 0.9312 Bias - Bullish  Target - 0.9349 Recommended Stop Loss - 0.9293  #EURCHF 💹Time Frame : 12H (signal);0.9349
💜 EURUSD Will Explode! BUY! 👩‍💻 My dear followers, I analysed this chart on EURUSD and concluded the following: The market is trading on 1.1686 pivot level. Bias - Bullish Target - 1.1706  #EURUSD 💹Time Frame :  1H (forecast)  🍀;1.1706
💜 AUDCHF Technical Analysis! SELL! 👩‍💻 My dear subscribers, My technical analysis for AUDCHF is below: The price is coiling around a solid key level - 0.5226 Bias - Bearish Goal - 0.5205  #AUDCHF 💹Time Frame :  5H (forecast)  🍀;0.5205
💜 EURAUD Set To Grow! BUY! 👩‍💻 My dear followers, This is my opinion on the EURAUD next move: The asset is approaching an important pivot point 1.7833 Bias - Bullish  Safe Stop Loss - 1.7781 Goal - 1.7932 — 💐 #EURAUD 💹Time Frame : 8H (signal)  🍀;1.7932
💜 CADJPY Under Pressure! SELL! 👩‍💻 My dear subscribers, CADJPY looks like it will make a good move, and here are the details: The market is trading on 107.07 pivot level. Bias - Bearish —— My Stop Loss - 107.40 Target - 106.39  #CADJPY 💹Time Frame : 12H (signal);106.39
💜 GOLD Massive Short! SELL! 👩‍💻 My dear friends, My technical analysis for GOLD is below: The market is trading on 3353.5 pivot level. Bias - Bearish — Target - 3343.00 Recommended Stop Loss - 3359.88  #GOLD 💹Time Frame : 30m (signal)  🍀;3343.00
NZDCHF My Opinion! BUY! 👩‍💻 My dear friends, Please, find my technical outlook for NZDCHF below: The instrument tests an important psychological level 0.4784 Bias - Bullish Target - 0.4796  #NZDCHF 💹Time Frame :  1H (forecast)  🍀;0.4796
💜 NZDJPY Buyers In Panic! SELL! 👩‍💻 My dear followers, This is my opinion on the NZDJPY next move: The asset is approaching an important pivot point 88.573 Bias - Bearish Goal - 88.065  #NZDJPY 💹Time Frame :  5H (forecast)  🍀;88.065
💜 USDJPY The Target Is DOWN! SELL! 👩‍💻 My dear friends, Please, find my technical outlook for USDJPY below: The price is coiling around a solid key level - 147.41 Bias - Bearish — Goal - 146.00 Safe Stop Loss - 148.14  #USDJPY 💹Time Frame : 12H (signal);146.00
💜 GBPNZD What Next? BUY! 👩‍💻 My dear friends, My technical analysis for GBPNZD is below: The market is trading on 2.2457 pivot level. Bias - Bullish Target - 2.2547  #GBPNZD 💹Time Frame :  5H (forecast)  🍀;2.2547
💜 EURUSD Trading Opportunity! BUY! 👩‍💻 My dear subscribers, This is my opinion on the EURUSD next move: The instrument tests an important psychological level 1.1689 Bias - Bullish  Target - 1.1748 My Stop Loss - 1.1659 — 💐 #EURUSD 💹Time Frame : 8H (signal)  🍀;1.1748
💜 APPLE Set To Fall! SELL! 👩‍💻 My dear friends, APPLE looks like it will make a good move, and here are the details: The market is trading on 211.08 pivot level. Bias - Bearish — Goal - 206.69 Recommended Stop Loss - 213.91  #APPLE 💹Time Frame : 12H (signal);206.69
💜 TESLA My Opinion! SELL! 👩‍💻 My dear friends, Please, find my technical outlook for TESLA below: The price is coiling around a solid key level - 313.47 Bias - Bearish Goal - 303.67  #TESLA 💹Time Frame :  1H (forecast)  🍀;303.67
💜 EURCHF On The Rise! BUY! 👩‍💻 My dear subscribers, This is my opinion on the EURCHF next move: The instrument tests an important psychological level 0.9305 Bias - Bullish Target - 0.9326  #EURCHF 💹Time Frame :  5H (forecast)  🍀;0.9326
💜 QQQ What Next? SELL! 👩‍💻 My dear followers, I analysed this chart on QQQ and concluded the following: The market is trading on 554.20 pivot level. Bias - Bearish  Target - 540.50 Safe Stop Loss - 560.82 — 💐 #QQQ 💹Time Frame : 8H (signal)  🍀;540.50
💜 SILVER Trading Opportunity! SELL! 👩‍💻 My dear subscribers, My technical analysis for SILVER is below: The price is coiling around a solid key level - 38.415 Bias - Bearish  Goal - 37.591 My Stop Loss - 38.905  #SILVER 💹Time Frame : 12H (signal);37.591
💜 AUDCHF Expected Growth! BUY! 👩‍💻 My dear friends, AUDCHF looks like it will make a good move, and here are the details: The market is trading on 0.5224 pivot level. Bias - Bullish Goal - 0.5232  #AUDCHF 💹Time Frame :  1H (forecast)  🍀;0.5232
💜 GBPCHF Technical Analysis! BUY! 👩‍💻 My dear followers, I analysed this chart on GBPCHF and concluded the following: The market is trading on 1.0733 pivot level. Bias - Bullish Target - 1.0775  #GBPCHF 💹Time Frame :  4H (forecast)  🍀;1.0775
💜 GBPCAD Massive Long! BUY! 👩‍💻 My dear friends, Please, find my technical outlook for GBPCAD below: The instrument tests an important psychological level 1.8447 Bias - Bullish  Target - 1.8505 Recommended Stop Loss - 1.8418  #GBPCAD 💹Time Frame : 8H (signal)  🍀;1.8505
EURUSD Sellers In Panic! BUY! 👩‍💻 My dear followers, This is my opinion on the EURUSD next move: The asset is approaching an important pivot point 1.1684 Bias - Bullish  Safe Stop Loss - 1.1633 Goal - 1.1776  #EURUSD 💹Time Frame : 12H (signal);1.1776
💜 GOLD The Target Is UP! BUY! 👩‍💻 My dear subscribers, GOLD looks like it will make a good move, and here are the details: The market is trading on 3340.39 pivot level. Bias - Bullish — My Stop Loss - 3336.8 Target - 3348.3  #GOLD 💹Time Frame : 30m (signal)  🍀;3348.3
💜 GBPJPY A Fall Expected! SELL! 👩‍💻My dear subscribers, My technical analysis for GBPJPY is below: The price is coiling around a solid key level - 199.16 Bias - Bearish Goal - 198.88  #GBPJPY 💹Time Frame :  1H (forecast)  🍀;198.88
💜 NZDJPY Technical Analysis! SELL! 👩‍💻 My dear friends, Please, find my technical outlook for NZDJPY below: The instrument tests an important psychological level 88.688 Bias - Bearish Target - 88.235  #NZDJPY 💹Time Frame :  5H (forecast)  🍀;88.235
💜 GBPUSD Will Explode! BUY! 👩‍💻 My dear friends, My technical analysis for GBPUSD is below: The market is trading on 1.3409 pivot level. Bias - Bullish  Target - 1.3535 Recommended Stop Loss - 1.3347 — 💐 #GBPUSD 💹Time Frame : 12H (signal);1.3535
💜 AUDNZD Under Pressure! SELL! 👩‍💻 My dear followers, This is my opinion on the AUDNZD next move: The asset is approaching an important pivot point 1.0975 Bias - Bearish Goal - 1.0966  #AUDNZD 💹Time Frame :  1H (forecast)  🍀;1.0966
💜 AUDUSD Set To Grow! BUY! 👩‍💻 My dear subscribers, AUDUSD looks like it will make a good move, and here are the details: The market is trading on 0.6521 pivot level. Bias - Bullish Target - 0.6550  #AUDUSD 💹Time Frame :  5H (forecast)  🍀;0.6550
💜 EURUSD My Opinion! BUY! 👩‍💻 My dear friends, Please, find my technical outlook for EURUSD below: The price is coiling around a solid key level - 1.1584 Bias - Bullish  Goal - 1.1670 Safe Stop Loss - 1.1546  #EURUSD 💹Time Frame : 8H (signal)  🍀;1.1670
💜 USDCAD Massive Short! SELL! 👩‍💻 My dear subscribers, This is my opinion on the USDCAD next move: The instrument tests an important psychological level 1.3730 Bias - Bearish — Target - 1.3668 My Stop Loss - 1.3761 — 💐 #GBPUSD 💹Time Frame : 12H (signal);1.3668
💜 GOLD What Next? BUY! 👩‍💻 My dear friends, GOLD looks like it will make a good move, and here are the details: The market is trading on 3328.1 pivot level. Bias - Bullish - Goal - 3340.9 Recommended Stop Loss - 3320.8  #GOLD 💹Time Frame : 30m (signal)  🍀;3340.9
💜 EURGBP Trading Opportunity! BUY! 👩‍💻 My dear friends, My technical analysis for EURGBP is below: The market is trading on 0.8645 pivot level. Bias - Bullish Target - 0.8660  #EURGBP 💹Time Frame :  1H (forecast)  🍀;0.8660
💜 EURAUD Buyers In Panic! SELL! 👩‍💻 My dear friends, Please, find my technical outlook for EURAUD below: The price is coiling around a solid key level - 1.7893 Bias - Bearish Goal - 1.7812  #EURAUD 💹Time Frame :  5H (forecast)  🍀;1.7812
💜 USDCHF The Target Is DOWN! SELL! 👩‍💻 My dear followers, I analysed this chart on USDCHF and concluded the following: The market is trading on 0.8050 pivot level. Bias - Bearish — Target - 0.7970 Safe Stop Loss - 0.8093  #USDCHF 💹Time Frame : 12H (signal);0.7970
💜 EURUSD Will Collapse! SELL! 👩‍💻 My dear subscribers, This is my opinion on the EURUSD next move: The instrument tests an important psychological level 1.1663 Bias - Bearish Target - 1.1632  #EURUSD 💹Time Frame :  1H (forecast)  🍀;1.1632
💜 EURNZD On The Rise! BUY! 👩‍💻 My dear friends, EURNZD looks like it will make a good move, and here are the details: The market is trading on 1.9481 pivot level. Bias - Bullish Goal - 1.9535  #EURNZD 💹Time Frame :  4H (forecast)  🍀;1.9535
💜 NZDJPY Set To Fall! SELL! 👩‍💻 My dear subscribers, My technical analysis for NZDJPY is below: The price is coiling around a solid key level - 88.786 Bias - Bearish  Goal - 88.284 My Stop Loss - 89.075  #NZDJPY 💹Time Frame : 8H (signal)  🍀;88.284
💜 USDJPY Under Pressure! SELL! 👩‍💻 My dear friends, Please, find my technical outlook for USDJPY below: The instrument tests an important psychological level 148.46 Bias - Bearish — Target - 147.15 Recommended Stop Loss - 149.17 — 💐 #USDJPY 💹Time Frame : 12H (signal);147.15
💜 GBPUSD Expected Growth! BUY! 👩‍💻 My dear followers, I analysed this chart on GBPUSD and concluded the following: The market is trading on 1.3413 pivot level. Bias - Bullish Target - 1.3430  #GBPUSD 💹Time Frame :  1H (forecast)  🍀;1.3430
💜 TESLA My Opinion! SELL! 👩‍💻 My dear subscribers, My technical analysis for TESLA is below: The price is coiling around a solid key level - 329.59 Bias - Bearish Goal - 310.44  #TESLA 💹Time Frame :  5H (forecast)  🍀;310.44
💜 SILVER Massive Short! SELL! 👩‍💻 My dear subscribers, SILVER looks like it will make a good move, and here are the details: The market is trading on 38.213 pivot level. Bias - Bearish  My Stop Loss - 38.708 Target - 37.413 — 💐 #SILVER 💹Time Frame : 12H (signal);37.413
💜 SPY What Next? SELL! 👩‍💻 My dear friends, Please, find my technical outlook for SPY below: The instrument tests an important psychological level 627.59 Bias - Bearish Target - 625.38  #SPY 💹Time Frame :  1H (forecast)  🍀;625.38
💜 APPLE A Fall Expected! SELL! 👩‍💻 My dear friends, My technical analysis for APPLE is below: The market is trading on 211.18 pivot level. Bias - Bearish — Target - 205.87 Recommended Stop Loss - 213.80  #APPLE 💹Time Frame : 8H (signal)  🍀;205.87
💜 EURUSD Massive Long! BUY! 👩‍💻 My dear friends, Please, find my technical outlook for EURUSD below: The price is coiling around a solid key level - 1.1627 Bias - Bullish — Goal - 1.1710 Safe Stop Loss - 1.1577  #EURUSD 💹Time Frame : 12H (signal);1.1710
💜 GOLD Technical Analysis! SELL! 👩‍💻 My dear subscribers, This is my opinion on the GOLD next move: The instrument tests an important psychological level 3387.7 Bias - Bearish — Target - 3374.3 My Stop Loss - 3394.5  #GOLD 💹Time Frame : 30m (signal)  🍀;3374.3
💜 GBPUSD Under Pressure! SELL! 👩‍💻 My dear subscribers, GBPUSD looks like it will make a good move, and here are the details: The market is trading on 1.3483 pivot level. Bias - Bearish Target - 1.3457  #GBPUSD 💹Time Frame :  1H (forecast)  🍀;1.3457
💜 EURCAD Buyers In Panic! SELL! 👩‍💻 My dear friends, My technical analysis for EURCAD is below: The market is trading on 1.6005 pivot level. Bias - Bearish Target - 1.5956  #EURCAD 💹Time Frame :  5H (forecast)  🍀;1.5956
💜 NZDJPY Set To Grow! BUY! 👩‍💻 My dear friends, My technical analysis for NZDJPY is below: The market is trading on 88.079 pivot level. Bias - Bullish  Target - 88.472 Recommended Stop Loss - 87.861 — 💐 #NZDJPY 💹Time Frame : 12H (signal);88.472
💜 EURGBP The Target Is DOWN! SELL! 👩‍💻 My dear friends, Please, find my technical outlook for EURGBP below: The price is coiling around a solid key level - 0.8676 Bias - Bearish Goal - 0.8670  #EURGBP 💹Time Frame :  1H (forecast)  🍀;0.8670
💜 EURUSD Will Collapse! SELL! 👩‍💻 My dear subscribers, This is my opinion on the EURUSD next move: The instrument tests an important psychological level 1.1696 Bias - Bearish Target - 1.1651  #EURUSD 💹Time Frame :  5H (forecast)  🍀;1.1651
💜 EURAUD Set To Fall! SELL! 👩‍💻 My dear followers, I analysed this chart on EURAUD and concluded the following: The market is trading on 1.7917 pivot level. Bias - Bearish  Target - 1.7840 Safe Stop Loss - 1.7966  #EURAUD 💹Time Frame : 8H (signal)  🍀;1.7840
💜 USDJPY Sellers In Panic! BUY! 👩‍💻 My dear subscribers, My technical analysis for USDJPY is below: The price is coiling around a solid key level - 146.36 Bias - Bullish — Goal - 147.90 My Stop Loss - 145.68 — 💐 #USDJPY 💹Time Frame : 12H (signal);147.90
💜 GOLD The Target Is UP! BUY! 👩‍💻 My dear friends, Please, find my technical outlook for GOLD below: The price is coiling around a solid key level - 3414.2 Bias - Bullish — Goal - 3423.6 Safe Stop Loss - 3409.3  #GOLD 💹Time Frame : 30m (signal)  🍀;3423.6
💜 GBPCHF My Opinion! SELL! 👩‍💻 My dear followers, I analysed this chart on GBPCHFand concluded the following: The market is trading on 1.0756 pivot level. Bias - Bearish Target - 1.0738  #GBPCHF 💹Time Frame :  1H (forecast)  🍀;1.0738
💜 EURJPY Will Explode! BUY! 👩‍💻 My dear subscribers, My technical analysis for EURJPY is below: The price is coiling around a solid key level - 171.82 Bias - Bullish Goal - 172.34  #EURJPY 💹Time Frame :  5H (forecast)  🍀;172.34
💜 NZDUSD What Next? SELL! 👩‍💻 My dear subscribers, This is my opinion on the NZDUSD next move: The instrument tests an important psychological level 0.6033 Bias - Bearish — Target - 0.5987 My Stop Loss - 0.6061 — 💐 #NZDUSD 💹Time Frame : 12H (signal);0.5987
💜 EURCHF Trading Opportunity! SELL! 👩‍💻 My dear subscribers, EURCHF looks like it will make a good move, and here are the details: The market is trading on 0.9335 pivot level. Bias - Bearish — My Stop Loss - 0.9341 Target - 0.9324  #EURCHF 💹Time Frame : 1H (signal)  🍀;0.9324
💜 EURUSD A Fall Expected! SELL! 👩‍💻 My dear friends, Please, find my technical outlook for EURUSD below: The instrument tests an important psychological level 1.1751 Bias - Bearish Target - 1.1708  #EURUSD 💹Time Frame :  4H (forecast)  🍀;1.1708
💜 GBPUSD Massive Long! BUY! 👩‍💻 My dear friends, GBPUSD looks like it will make a good move, and here are the details: The market is trading on 1.3528 pivot level. Bias - Bullish  Goal - 1.3556 Recommended Stop Loss - 1.3512  #GBPUSD 💹Time Frame : 1H (signal)  🍀;1.3556
💜 GBPAUD Sellers In Panic! BUY! 👩‍💻 My dear followers, This is my opinion on the GBPAUD next move: The asset is approaching an important pivot point 2.0491 Bias - Bullish Goal - 2.0573  #GBPAUD 💹Time Frame :  4H (forecast);2.0573
💜 GOLD The Target Is UP! BUY! 👩‍💻 My dear followers, I analysed this chart on GOLD and concluded the following: The market is trading on 3354.1 pivot level. Bias - Bullish — Target - 3361.01 Safe Stop Loss - 3350.5  #GOLD 💹Time Frame : 30m (signal)  🍀;3361.01
💜 EURJPY Technical Analysis! SELL! 👩‍💻 My dear subscribers, EURJPY looks like it will make a good move, and here are the details: The market is trading on 173.19 pivot level. Bias - Bearish Target - 172.73  #EURJPY 💹Time Frame :  4H (forecast)  🍀;172.73
💜 USDJPY Under Pressure! SELL! 👩‍💻 My dear subscribers, My technical analysis for USDJPY is below: The price is coiling around a solid key level - 147.83 Bias - Bearish — Goal - 147.34 My Stop Loss - 148.12  #USDJPY 💹Time Frame : 1H (signal)  🍀;147.34
💜 GBPNZD Will Explode! BUY! 👩‍💻 My dear friends, My technical analysis for GBPNZD is below: The market is trading on 2.2361 pivot level. Bias - Bullish Target - 2.2454  #GBPNZD 💹Time Frame :  4H (forecast);2.2454
💜 QQQ Massive Short! SELL! 👩‍💻 My dear followers, This is my opinion on the QQQ next move: The asset is approaching an important pivot point 566.35 Bias - Bearish —— Safe Stop Loss - 567.41 Goal - 564.18  #QQQ 💹Time Frame : 1H (signal)  🍀;564.18
💜 USDCAD Buyers In Panic! SELL! 👩‍💻 My dear subscribers, This is my opinion on the USDCAD next move: The instrument tests an important psychological level 1.3704 Bias - Bearish Target - 1.3660  #USDCAD 💹Time Frame :  4H (forecast);1.3660
💜 EURCAD The Target Is DOWN! SELL! 👩‍💻 My dear subscribers, EURCAD looks like it will make a good move, and here are the details: The market is trading on 1.6089 pivot level. Bias - Bearish - My Stop Loss - 1.6104 Target - 1.6061  #EURCAD 💹Time Frame : 1H (signal)  🍀;1.6061
💜 SILVER Trading Opportunity! BUY! 👩‍💻 My dear friends, Please, find my technical outlook for SILVER below: The price is coiling around a solid key level - 38.174 Bias - Bearish Goal - 38.708  #SILVER 💹Time Frame :  4H (forecast)  🍀;38.708
💜 EURCHF Set To Fall! SELL! 👩‍💻 My dear friends, My technical analysis for EURCHF is below: The market is trading on 0.9349 pivot level. Bias - Bearish  Target - 0.9340 Recommended Stop Loss - 0.9355  #EURCHF 💹Time Frame : 1H (signal)  🍀;0.9340
💜 SPY Will Collapse! SELL! 👩‍💻 My dear subscribers, This is my opinion on the SPY next move: The instrument tests an important psychological level 637.01 Bias - Bearish Target - 628.63  #SPY 💹Time Frame :  4H (forecast);628.63
💜 GBPJPY What Next? SELL! 👩‍💻 My dear friends, Please, find my technical outlook for GBPJPY below: The price is coiling around a solid key level - 199.08 Bias - Bearish —— Goal - 198.77 Safe Stop Loss - 199.23  #USOIL 💹Time Frame : 1H (signal)  🍀;198.77
💜 EURUSD Massive Long! BUY! 👩‍💻 My dear friends, EURUSD looks like it will make a good move, and here are the details: The market is trading on 1.1665 pivot level. Bias - Bullish Goal - 1.1728  #EURUSD 💹Time Frame :  4H (forecast)  🍀;1.1728
💜 EURJPY Sellers In Panic! BUY! 👩‍💻 My dear friends, Please, find my technical outlook for EURJPY below: The price is coiling around a solid key level - 172.51 Bias - Bullish  Goal - 173.00 Safe Stop Loss - 172.29  #EURJPY 💹Time Frame : 1H (signal)  🍀;173.00
💜 CADJPY Trading Opportunity! SELL! 👩‍💻 My dear followers, I analysed this chart on CADJPY and concluded the following: The market is trading on 108.08 pivot level. Bias - Bearish Target - 107.79  #CADJPY 💹Time Frame :  4H (forecast);107.79
💜 GOLD The Target Is UP! BUY! 👩‍💻 My dear subscribers, This is my opinion on the GOLD next move: The instrument tests an important psychological level 3317.7 Bias - Bullish —- Target - 3326.4 My Stop Loss - 3313.0  #GOLD 💹Time Frame : 30m (signal)  🍀;3326.4
💜 USDJPY A Fall Expected! SELL! 👩‍💻 My dear subscribers, My technical analysis for USDJPY is below: The price is coiling around a solid key level - 148.71 Bias - Bearish Goal - 147.93  #USDJPY 💹Time Frame :  4H (forecast)  🍀;147.93
💜 AUDNZD Technical Analysis! SELL! 👩‍💻 My dear friends, AUDNZD looks like it will make a good move, and here are the details: The market is trading on 1.0935 pivot level. Bias - Bearish  Goal - 1.0928 Recommended Stop Loss - 1.0939  #AUDNZD 💹Time Frame : 1H (signal)  🍀;1.0928
💜 GBPUSD Will Explode! BUY! 👩‍💻 My dear friends, Please, find my technical outlook for GBPUSD below: The instrument tests an important psychological level 1.3339 Bias - Bullish Target - 1.3419  #GBPUSD 💹Time Frame :  4H (forecast);1.3419
💜 EURAUD Under Pressure! SELL! 👩‍💻 My dear followers, I analysed this chart on EURAUD and concluded the following: The market is trading on 1.7780 pivot level. Bias - Bearish —— Target - 1.7751 Safe Stop Loss - 1.7794  #EURAUD 💹Time Frame : 1H (signal)  🍀;1.7751
💜 EURUSD Set To Grow! BUY! 👩‍💻 My dear followers, This is my opinion on the EURUSD next move: The asset is approaching an important pivot point 1.1557 Bias - Bullish Goal - 1.1632  #EURUSD 💹Time Frame :  4H (forecast)  🍀;1.1632
💜 GBPAUD Massive Short! SELL! 👩‍💻 My dear subscribers, My technical analysis for GBPAUDis below: The price is coiling around a solid key level - 2.0596 Bias - Bearish — Goal - 2.0543 My Stop Loss - 2.0626  #EURJPY 💹Time Frame : 1H (signal)  🍀;2.0543
💜 AUDUSD My Opinion! BUY! 👩‍💻 My dear subscribers, AUDUSD looks like it will make a good move, and here are the details: The market is trading on 0.6455 pivot level. Bias - Bullish Target - 0.6512  #AUDUSD 💹Time Frame :  4H (forecast);0.6512
💜 GOLD Buyers In Panic! SELL! 👩‍💻 My dear friends, Please, find my technical outlook for GOLD below: The instrument tests an important psychological level 3309.2  Target - 3296.9 Recommended Stop Loss - 3316.4  #GOLD 💹Time Frame : 30m (signal)  🍀;3296.9
💜 EURCAD What Next? BUY! 👩‍💻 My dear friends, My technical analysis for EURCAD is below: The market is trading on 1.5784 pivot level. Bias - Bullish Target - 1.5907  #EURCAD 💹Time Frame :  4H (forecast)  🍀;1.5907
💜 GBPCHF Trading Opportunity! BUY! 👩‍💻 My dear followers, This is my opinion on the GBPCHF next move: The asset is approaching an important pivot point 1.0737 Bias - Bullish  Safe Stop Loss - 1.0728 Goal - 1.0756  #GBPCHF 💹Time Frame : 1H (signal)  🍀;1.0756
💜 NZDJPY The Target Is DOWN! SELL! 👩‍💻 My dear friends, Please, find my technical outlook for NZDJPY below: The price is coiling around a solid key level - 88.806 Bias - Bearish Goal - 88.388  #NZDJPY 💹Time Frame :  4H (forecast);88.388
💜 EURGBP Will Collapse! SELL! 👩‍💻 My dear subscribers, EURGBP looks like it will make a good move, and here are the details: The market is trading on 0.8667 pivot level. Bias - Bearish — My Stop Loss - 0.8675 Target - 0.8650  #EURGBP 💹Time Frame : 1H (signal)  🍀;0.8650
💜 EURNZD Set To Fall! SELL! 👩‍💻 My dear subscribers, This is my opinion on the EURNZD next move: The instrument tests an important psychological level 1.9459 Bias - Bearish Target - 1.9390  #EURNZD 💹Time Frame :  4H (forecast)  🍀;1.9390
💜 CHFJPY On The Rise! BUY! 👩‍💻 My dear friends, My technical analysis for CHFJPY is below: The market is trading on 183.63 pivot level. Bias - Bullish  Target - 184.54 Recommended Stop Loss - 183.16  #CHFJPY 💹Time Frame : 1H (signal)  🍀;184.54
💜 CADJPY Expected Growth! BUY! 👩‍💻 My dear friends, CADJPY looks like it will make a good move, and here are the details: The market is trading on 107.35 pivot level. Bias - Bullish Goal - 107.90  #CADJPY 💹Time Frame :  4H (forecast);107.90
💜 SILVER My Opinion! SELL! 👩‍💻 My dear friends, Please, find my technical outlook for SILVER below: The price is coiling around a solid key level - 37.026 Bias - Bearish  Goal - 36.725 Safe Stop Loss - 37.189  #SILVER 💹Time Frame : 1H (signal)  🍀;36.725
💜 NZDUSD What Next? SELL! 👩‍💻 My dear subscribers, This is my opinion on the NZDUSD next move: The instrument tests an important psychological level 0.5920 Bias - Bearish  Target - 0.5899 My Stop Loss - 0.5932  #NZDUSD 💹Time Frame : 1H (signal)  🍀;0.5899
💜 SPY Massive Long! BUY! 👩‍💻 My dear subscribers, My technical analysis for SPY is below: The price is coiling around a solid key level - 621.72 Bias - Bullish Goal - 629.55  #SPY 💹Time Frame :  4H (forecast);629.55
