loss,grad_norm,learning_rate,epoch,step
6.693236827850342,0.7267745137214661,0.0,0.00020420665713702266,1
6.447324752807617,0.523215115070343,0.0002,0.0010210332856851133,5
7.1509033203125,1.186045527458191,0.00045000000000000004,0.0020420665713702267,10
6.532838439941406,0.970434308052063,0.0004999999084162468,0.00306309985705534,15
6.845777130126953,1.175940990447998,0.0004999995363573647,0.004084133142740453,20
5.175665283203125,1.269028663635254,0.0004999988780997945,0.005105166428425566,25
5.895551300048828,0.8522720336914062,0.0004999979336442898,0.00612619971411068,30
5.632176208496094,1.1978175640106201,0.0004999967029919319,0.007147232999795793,35
4.835015869140625,1.3788925409317017,0.0004999951861441297,0.008168266285480907,40
5.138376617431641,0.960808277130127,0.0004999933831026195,0.00918929957116602,45
5.5855567932128904,1.3076707124710083,0.0004999912938694655,0.010210332856851132,50
6.083640289306641,1.1886693239212036,0.0004999889184470595,0.011231366142536246,55
5.14234619140625,1.0742517709732056,0.000499986256838121,0.01225239942822136,60
5.504028701782227,0.906183123588562,0.0004999833090456967,0.013273432713906474,65
5.163136291503906,1.101098895072937,0.0004999800750731612,0.014294465999591586,70
5.2004646301269535,0.9517253637313843,0.0004999765549242171,0.0153154992852767,75
5.50997314453125,1.9315253496170044,0.0004999727486028941,0.016336532570961813,80
5.656648635864258,1.3492181301116943,0.0004999686561135495,0.017357565856646925,85
5.305179595947266,1.3788846731185913,0.0004999642774608686,0.01837859914233204,90
5.200975036621093,1.1987961530685425,0.0004999596126498639,0.019399632428017153,95
5.092938613891602,1.1194967031478882,0.0004999546616858757,0.020420665713702265,100
4.927429962158203,0.9180615544319153,0.000499949424574572,0.02144169899938738,105
4.418896484375,1.2090767621994019,0.000499943901321948,0.022462732285072493,110
4.760370254516602,0.9239957928657532,0.0004999380919343268,0.023483765570757608,115
5.2159278869628904,0.9285072088241577,0.000499931996418359,0.02450479885644272,120
4.986710739135742,0.9928953051567078,0.0004999256147810228,0.025525832142127832,125
4.17889175415039,3.4131157398223877,0.0004999189470296236,0.026546865427812948,130
5.152495574951172,2.972503185272217,0.0004999119931717948,0.02756789871349806,135
4.35309066772461,1.3688538074493408,0.0004999047532154973,0.02858893199918317,140
4.27213134765625,1.3862987756729126,0.0004998972271690191,0.029609965284868287,145
5.085602951049805,0.9656915068626404,0.0004998894150409762,0.0306309985705534,150
5.14532470703125,1.1221414804458618,0.0004998813168403118,0.031652031856238515,155
6.19372329711914,1.003201961517334,0.0004998729325762967,0.03267306514192363,160
4.622966766357422,0.998329758644104,0.0004998642622585293,0.03369409842760874,165
5.089048385620117,2.2987310886383057,0.0004998553058969352,0.03471513171329385,170
5.0825447082519535,1.0373876094818115,0.0004998460635017676,0.03573616499897897,175
5.6850746154785154,1.3061176538467407,0.0004998365350836073,0.03675719828466408,180
4.738528823852539,0.8228126764297485,0.0004998267206533624,0.037778231570349194,185
5.181884765625,1.1588459014892578,0.0004998166202222683,0.038799264856034306,190
5.047573089599609,1.0238010883331299,0.0004998062338018881,0.03982029814171942,195
5.115457916259766,1.2459970712661743,0.0004997955614041119,0.04084133142740453,200
4.776147079467774,0.929537832736969,0.0004997846030411577,0.04186236471308965,205
5.525366973876953,1.208016276359558,0.0004997733587255704,0.04288339799877476,210
4.8455322265625,0.7622473239898682,0.0004997618284702226,0.04390443128445987,215
4.894538116455078,1.4439998865127563,0.000499750012288314,0.044925464570144985,220
4.086579895019531,1.5774757862091064,0.0004997379101933716,0.0459464978558301,225
4.634152603149414,1.0533515214920044,0.0004997255221992502,0.046967531141515216,230
4.305178833007813,1.2978720664978027,0.0004997128483201314,0.04798856442720033,235
4.825932312011719,1.4931069612503052,0.0004996998885705241,0.04900959771288544,240
5.222896575927734,0.9031133055686951,0.0004996866429652645,0.05003063099857055,245
5.100186157226562,1.0535353422164917,0.0004996731115195163,0.051051664284255664,250
4.698120880126953,1.1413664817810059,0.0004996592942487704,0.05207269756994078,255
5.407769393920899,1.5345371961593628,0.0004996451911688445,0.053093730855625895,260
4.65562629699707,1.004978060722351,0.0004996308022958837,0.05411476414131101,265
5.135195541381836,1.1754251718521118,0.0004996161276463607,0.05513579742699612,270
4.511760711669922,1.0276508331298828,0.0004996011672370747,0.05615683071268123,275
4.389344024658203,0.9709784388542175,0.0004995859210851525,0.05717786399836634,280
4.937499237060547,1.6253825426101685,0.0004995703892080477,0.05819889728405146,285
4.5679786682128904,1.1704075336456299,0.0004995545716235411,0.059219930569736574,290
5.05022964477539,0.8298079967498779,0.0004995384683497408,0.060240963855421686,295
4.337161636352539,1.6853388547897339,0.0004995220794050818,0.0612619971411068,300
5.067702102661133,4.975937843322754,0.0004995054048083259,0.06228303042679191,305
4.756626129150391,0.9200839996337891,0.0004994884445785623,0.06330406371247703,310
4.973106765747071,0.9383929371833801,0.0004994711987352069,0.06432509699816213,315
5.329216384887696,1.1017102003097534,0.0004994536672980028,0.06534613028384725,320
4.8741615295410154,1.0040425062179565,0.0004994358502870198,0.06636716356953237,325
5.0668998718261715,1.0345216989517212,0.000499417747722655,0.06738819685521748,330
4.1490943908691404,0.9206733107566833,0.0004993993596256319,0.0684092301409026,335
5.267330551147461,0.923723042011261,0.0004993806860170012,0.0694302634265877,340
4.811351013183594,1.2757707834243774,0.0004993617269181405,0.07045129671227282,345
4.706926345825195,1.2082240581512451,0.000499342482350754,0.07147232999795794,350
4.713011169433594,0.9837660789489746,0.000499322952336873,0.07249336328364304,355
4.6207328796386715,1.0212620496749878,0.0004993031368988551,0.07351439656932816,360
4.573646545410156,2.128147602081299,0.0004992830360593851,0.07453542985501327,365
5.323202133178711,1.165053129196167,0.0004992626498414745,0.07555646314069839,370
4.991349792480468,1.0586628913879395,0.0004992419782684612,0.0765774964263835,375
4.81719970703125,0.888075590133667,0.00049922102136401,0.07759852971206861,380
4.936319351196289,0.9209333062171936,0.0004991997791521124,0.07861956299775373,385
4.584184265136718,1.2163530588150024,0.0004991782516570862,0.07964059628343884,390
4.743390274047852,1.4003984928131104,0.0004991564389035763,0.08066162956912395,395
4.690044021606445,1.231552243232727,0.0004991343409165536,0.08168266285480906,400
5.114662551879883,1.847643494606018,0.000499111957721316,0.08270369614049418,405
5.179450607299804,1.264424443244934,0.0004990892893434877,0.0837247294261793,410
4.853188323974609,1.1557689905166626,0.0004990663358090192,0.0847457627118644,415
5.305155181884766,1.1496098041534424,0.0004990430971441878,0.08576679599754952,420
4.789638519287109,1.121813416481018,0.0004990195733755971,0.08678782928323463,425
5.188229370117187,1.203006386756897,0.0004989957645301768,0.08780886256891975,430
4.817208862304687,1.1244944334030151,0.0004989716706351834,0.08882989585460487,435
5.135812377929687,0.9903150796890259,0.0004989472917181995,0.08985092914028997,440
4.606538009643555,1.3167400360107422,0.0004989226278071339,0.09087196242597509,445
5.012844848632812,0.8201625943183899,0.0004988976789302219,0.0918929957116602,450
5.206967163085937,1.049839735031128,0.0004988724451160248,0.09291402899734531,455
4.619447708129883,0.9019972681999207,0.0004988469263934302,0.09393506228303043,460
4.579921722412109,0.8323606848716736,0.0004988211227916519,0.09495609556871554,465
4.519145965576172,1.1692967414855957,0.0004987950343402298,0.09597712885440066,470
4.8298187255859375,1.2648054361343384,0.0004987686610690297,0.09699816214008576,475
5.292636871337891,2.1210594177246094,0.0004987420030082439,0.09801919542577088,480
4.726324462890625,1.2901835441589355,0.0004987150601883903,0.099040228711456,485
4.68721923828125,1.4569073915481567,0.0004986878326403131,0.1000612619971411,490
4.230287170410156,0.9739224314689636,0.000498660320395182,0.10108229528282622,495
4.640895843505859,1.389076590538025,0.0004986325234844932,0.10210332856851133,500
4.761542510986328,0.8313228487968445,0.0004986044419400685,0.10312436185419645,505
5.259189605712891,1.3066320419311523,0.0004985760757940555,0.10414539513988157,510
4.634585189819336,1.106759786605835,0.0004985474250789277,0.10516642842556667,515
5.0115100860595705,1.6540374755859375,0.0004985184898274843,0.10618746171125179,520
4.516147613525391,1.0172972679138184,0.0004984892700728504,0.1072084949969369,525
5.096703338623047,1.1078020334243774,0.0004984597658484767,0.10822952828262201,530
4.761118316650391,0.8274015784263611,0.0004984299771881392,0.10925056156830713,535
5.186645126342773,1.260332465171814,0.0004983999041259403,0.11027159485399224,540
4.1866802215576175,0.8511550426483154,0.0004983695466963073,0.11129262813967736,545
4.964598846435547,1.327012538909912,0.0004983389049339934,0.11231366142536246,550
5.137266159057617,1.5292900800704956,0.0004983079788740772,0.11333469471104758,555
4.73695068359375,1.3448295593261719,0.0004982767685519626,0.11435572799673269,560
4.605305099487305,1.3931989669799805,0.0004982452740033793,0.1153767612824178,565
4.732933807373047,1.1485847234725952,0.000498213495264382,0.11639779456810292,570
5.011759185791016,1.3689279556274414,0.0004981814323713508,0.11741882785378803,575
4.91400032043457,1.2685179710388184,0.0004981490853609915,0.11843986113947315,580
4.955222702026367,1.058688759803772,0.0004981164542703348,0.11946089442515825,585
4.9599761962890625,1.122261881828308,0.0004980835391367364,0.12048192771084337,590
4.9049537658691404,1.4063769578933716,0.0004980503399978777,0.12150296099652849,595
4.177330780029297,1.1020296812057495,0.000498016856891765,0.1225239942822136,600
4.556642150878906,1.1190215349197388,0.0004979830898567294,0.12354502756789872,605
5.23370246887207,0.9981440901756287,0.0004979490389314274,0.12456606085358382,610
5.573422241210937,1.2979254722595215,0.0004979147041548406,0.12558709413926894,615
4.310624313354492,1.2088236808776855,0.0004978800855662751,0.12660812742495406,620
4.900442504882813,1.9751083850860596,0.0004978451832053622,0.12762916071063918,625
4.688434600830078,1.3027013540267944,0.0004978099971120581,0.12865019399632427,630
4.367805862426758,1.610533356666565,0.0004977745273266436,0.1296712272820094,635
5.221101379394531,1.1797997951507568,0.0004977387738897245,0.1306922605676945,640
4.862406158447266,1.0634464025497437,0.0004977027368422313,0.13171329385337963,645
5.296134948730469,1.8565411567687988,0.0004976664162254188,0.13273432713906475,650
5.676244735717773,1.2488222122192383,0.0004976298120808672,0.13375536042474984,655
4.016056823730469,1.3661742210388184,0.0004975929244504803,0.13477639371043496,660
4.7189483642578125,1.1768816709518433,0.0004975557533764873,0.13579742699612007,665
4.284374237060547,1.2625622749328613,0.0004975182989014413,0.1368184602818052,670
5.1324005126953125,0.9972329139709473,0.0004974805610682202,0.1378394935674903,675
4.4437908172607425,1.2171907424926758,0.0004974425399200262,0.1388605268531754,680
4.848112869262695,1.7318941354751587,0.0004974042355003857,0.13988156013886052,685
5.11108169555664,1.1655906438827515,0.0004973656478531495,0.14090259342454564,690
4.350578308105469,0.8327175974845886,0.0004973267770224927,0.14192362671023076,695
4.819475173950195,1.4883376359939575,0.0004972876230529143,0.14294465999591588,700
5.1800994873046875,1.2427923679351807,0.0004972481859892377,0.14396569328160097,705
5.0117443084716795,2.1867315769195557,0.0004972084658766106,0.1449867265672861,710
4.390605163574219,0.8315518498420715,0.000497168462760504,0.1460077598529712,715
4.943105316162109,6.72786808013916,0.0004971281766867139,0.14702879313865633,720
4.828428268432617,1.2815037965774536,0.0004970876077013592,0.14804982642434145,725
4.680610275268554,1.871885895729065,0.0004970467558508833,0.14907085971002654,730
4.429395294189453,1.356328010559082,0.0004970056211820533,0.15009189299571166,735
5.089079284667969,1.2757420539855957,0.0004969642037419601,0.15111292628139678,740
4.419758224487305,1.7916654348373413,0.000496922503578018,0.1521339595670819,745
5.214100646972656,1.4962513446807861,0.0004968805207379656,0.153154992852767,750
4.810838317871093,1.201317548751831,0.0004968382552698644,0.1541760261384521,755
4.957662200927734,1.1642998456954956,0.0004967957072221,0.15519705942413722,760
4.630767059326172,1.1687705516815186,0.0004967528766433811,0.15621809270982234,765
4.89893913269043,1.6874905824661255,0.00049670976358274,0.15723912599550746,770
5.278119659423828,1.2497971057891846,0.0004966663680895327,0.15826015928119258,775
4.427079772949218,1.5620923042297363,0.0004966226902134379,0.15928119256687767,780
4.713019943237304,1.3165671825408936,0.0004965787300044579,0.1603022258525628,785
4.407349395751953,1.0960479974746704,0.0004965344875129185,0.1613232591382479,790
4.967811965942383,1.2284572124481201,0.000496489962789468,0.16234429242393303,795
4.604304504394531,1.1897329092025757,0.0004964451558850785,0.16336532570961812,800
4.306356048583984,1.106858253479004,0.0004964000668510446,0.16438635899530324,805
5.110372161865234,1.3582029342651367,0.000496354695738984,0.16540739228098836,810
4.877912521362305,2.5316426753997803,0.0004963090426008377,0.16642842556667348,815
4.953804779052734,1.1647206544876099,0.0004962631074888691,0.1674494588523586,820
4.767264938354492,1.0548334121704102,0.0004962168904556645,0.1684704921380437,825
4.218458557128907,1.3810778856277466,0.0004961703915541332,0.1694915254237288,830
4.286967849731445,1.656969428062439,0.0004961236108375067,0.17051255870941393,835
5.076791763305664,1.408481478691101,0.0004960765483593398,0.17153359199509904,840
4.848533630371094,1.1356977224349976,0.0004960292041735092,0.17255462528078416,845
4.917074203491211,1.045433521270752,0.0004959815783342144,0.17357565856646925,850
4.447499465942383,1.1642296314239502,0.0004959336708959776,0.17459669185215437,855
4.900199508666992,1.0698877573013306,0.0004958854819136427,0.1756177251378395,860
5.279868316650391,1.7068437337875366,0.0004958370114423765,0.1766387584235246,865
4.571320343017578,1.007784128189087,0.0004957882595376678,0.17765979170920973,870
4.2468620300292965,0.8915623426437378,0.0004957392262553277,0.17868082499489482,875
5.193775177001953,1.096783995628357,0.0004956899116514891,0.17970185828057994,880
4.563285064697266,2.084381103515625,0.0004956403157826076,0.18072289156626506,885
5.198659896850586,0.9880399107933044,0.00049559043870546,0.18174392485195018,890
4.3136646270751955,1.1493366956710815,0.0004955402804771457,0.1827649581376353,895
5.109304046630859,1.3917180299758911,0.0004954898411550857,0.1837859914233204,900
5.061196899414062,1.1551227569580078,0.0004954391207970224,0.1848070247090055,905
5.127269744873047,1.5093010663986206,0.0004953881194610208,0.18582805799469063,910
5.171053695678711,1.3541953563690186,0.0004953368372054667,0.18684909128037575,915
5.004098129272461,1.4016563892364502,0.0004952852740890681,0.18787012456606086,920
4.5362396240234375,0.9571763873100281,0.0004952334301708541,0.18889115785174596,925
4.741984939575195,1.3546124696731567,0.0004951813055101757,0.18991219113743107,930
4.8087821960449215,1.0058634281158447,0.0004951289001667048,0.1909332244231162,935
5.010210037231445,1.396060585975647,0.0004950762142004351,0.1919542577088013,940
4.247763061523438,1.0136178731918335,0.000495023247671681,0.19297529099448643,945
4.888675689697266,0.8422744274139404,0.0004949700006410787,0.19399632428017152,950
4.3864891052246096,1.102112054824829,0.0004949164731695853,0.19501735756585664,955
4.734098052978515,1.2871499061584473,0.0004948626653184787,0.19603839085154176,960
4.317862319946289,0.843916118144989,0.0004948085771493579,0.19705942413722688,965
5.1993247985839846,1.0370197296142578,0.000494754208724143,0.198080457422912,970
4.505473709106445,1.1420786380767822,0.0004946995601050749,0.1991014907085971,975
4.801458358764648,1.0205669403076172,0.0004946446313547148,0.2001225239942822,980
5.192584228515625,1.0928782224655151,0.0004945894225359454,0.20114355727996733,985
4.785609436035156,1.389089584350586,0.0004945339337119693,0.20216459056565245,990
5.042636871337891,1.1368763446807861,0.00049447816494631,0.20318562385133757,995
4.813754653930664,1.154593825340271,0.0004944221163028116,0.20420665713702266,1000
4.476627349853516,1.5732609033584595,0.0004943657878456381,0.20522769042270778,1005
4.769172668457031,1.4512437582015991,0.0004943091796392742,0.2062487237083929,1010
5.291081237792969,1.8862673044204712,0.000494252291748525,0.207269756994078,1015
4.377014923095703,1.5274596214294434,0.0004941951242385154,0.20829079027976313,1020
4.537791442871094,1.0060993432998657,0.0004941376771746907,0.20931182356544822,1025
4.536654281616211,1.5229511260986328,0.0004940799506228161,0.21033285685113334,1030
4.191962432861328,1.935803771018982,0.0004940219446489766,0.21135389013681846,1035
4.5377758026123045,1.2413890361785889,0.0004939636593195775,0.21237492342250358,1040
4.476885986328125,1.4752274751663208,0.0004939050947013436,0.2133959567081887,1045
4.429449462890625,1.2213321924209595,0.0004938462508613194,0.2144169899938738,1050
4.512052536010742,1.696921706199646,0.0004937871278668691,0.2154380232795589,1055
4.211348342895508,3.4498634338378906,0.0004937277257856767,0.21645905656524403,1060
5.068215942382812,1.118438959121704,0.0004936680446857454,0.21748008985092915,1065
4.6069385528564455,0.9711290597915649,0.0004936080846353981,0.21850112313661427,1070
5.0715290069580075,3.1120781898498535,0.0004935478457032766,0.21952215642229936,1075
4.792377853393555,1.6674716472625732,0.0004934873279583425,0.22054318970798448,1080
4.554349136352539,0.9432286620140076,0.0004934265314698762,0.2215642229936696,1085
5.310237121582031,0.9530558586120605,0.0004933654563074772,0.22258525627935472,1090
4.2541259765625,1.4357664585113525,0.0004933041025410645,0.22360628956503983,1095
4.444796752929688,1.0952837467193604,0.0004932424702408753,0.22462732285072493,1100
4.138090133666992,1.0976758003234863,0.0004931805594774664,0.22564835613641004,1105
4.326240921020508,0.8902298212051392,0.0004931183703217129,0.22666938942209516,1110
4.572198104858399,1.5840046405792236,0.0004930559028448087,0.22769042270778028,1115
4.580181121826172,1.1806856393814087,0.0004929931571182666,0.22871145599346537,1120
4.994586181640625,1.8517870903015137,0.0004929301332139174,0.2297324892791505,1125
5.2522632598876955,1.4900237321853638,0.0004928668312039108,0.2307535225648356,1130
5.014576721191406,3.422722578048706,0.0004928032511607148,0.23177455585052073,1135
4.888098526000976,1.1628077030181885,0.0004927393931571155,0.23279558913620585,1140
4.82554931640625,1.692491054534912,0.0004926752572662177,0.23381662242189094,1145
4.778120422363282,1.2428439855575562,0.0004926108435614435,0.23483765570757606,1150
4.055276870727539,1.3517879247665405,0.0004925461521165337,0.23585868899326118,1155
4.729940032958984,1.1298761367797852,0.000492481183005547,0.2368797222789463,1160
4.726284027099609,0.9836215972900391,0.0004924159363028596,0.23790075556463142,1165
4.767729187011719,1.043182373046875,0.0004923504120831659,0.2389217888503165,1170
4.797667694091797,1.728664755821228,0.0004922846104214777,0.23994282213600163,1175
4.291140365600586,1.161575198173523,0.0004922185313931247,0.24096385542168675,1180
4.808603668212891,1.0397592782974243,0.0004921521750737537,0.24198488870737186,1185
4.5441947937011715,0.9837164282798767,0.0004920855415393295,0.24300592199305698,1190
4.063697814941406,1.3684850931167603,0.0004920186308661338,0.24402695527874207,1195
4.898579406738281,1.2977547645568848,0.0004919514431307658,0.2450479885644272,1200
5.062303161621093,1.0104310512542725,0.0004918839784101417,0.2460690218501123,1205
4.596399307250977,1.0063174962997437,0.000491816236781495,0.24709005513579743,1210
5.066558456420898,1.2188663482666016,0.000491748218322376,0.24811108842148255,1215
5.030438232421875,1.2733936309814453,0.0004916799231106521,0.24913212170716764,1220
5.241841506958008,1.2918741703033447,0.0004916113512245075,0.2501531549928528,1225
5.3774974822998045,1.3998521566390991,0.0004915425027424429,0.2511741882785379,1230
4.838834381103515,0.9285303354263306,0.0004914733777432761,0.25219522156422297,1235
4.9162342071533205,1.6273536682128906,0.0004914039763061409,0.2532162548499081,1240
4.0321044921875,1.0815964937210083,0.0004913342985104881,0.2542372881355932,1245
4.547414016723633,1.0093371868133545,0.0004912643444360845,0.25525832142127836,1250
4.9595684051513675,1.4444624185562134,0.0004911941141630132,0.25627935470696345,1255
4.585784149169922,1.7540264129638672,0.0004911236077716738,0.25730038799264854,1260
4.92944107055664,1.387141227722168,0.0004910528253427816,0.2583214212783337,1265
4.6785736083984375,1.3320518732070923,0.0004909817669573682,0.2593424545640188,1270
4.554552459716797,1.451468825340271,0.0004909104326967811,0.2603634878497039,1275
4.415957260131836,1.3605539798736572,0.0004908388226426834,0.261384521135389,1280
4.790292358398437,1.6513677835464478,0.0004907669368770541,0.2624055544210741,1285
4.768867111206054,1.5046143531799316,0.0004906947754821879,0.26342658770675925,1290
4.2984966278076175,1.0658539533615112,0.0004906223385406948,0.26444762099244434,1295
4.808817672729492,1.639520525932312,0.0004905496261355005,0.2654686542781295,1300
4.744175720214844,1.1047381162643433,0.0004904766383498459,0.2664896875638146,1305
5.0312763214111325,1.2273002862930298,0.000490403375267287,0.2675107208494997,1310
4.138505554199218,1.4621168375015259,0.0004903298369716956,0.2685317541351848,1315
4.362440490722657,1.1005494594573975,0.0004902560235472576,0.2695527874208699,1320
4.732940673828125,1.2257846593856812,0.0004901819350784747,0.27057382070655506,1325
3.978993225097656,1.1435835361480713,0.000490107571650163,0.27159485399224015,1330
4.304283142089844,1.2331303358078003,0.0004900329333474537,0.27261588727792524,1335
3.9620548248291017,1.0579123497009277,0.0004899580202557922,0.2736369205636104,1340
4.251715087890625,1.8294202089309692,0.0004898828324609391,0.2746579538492955,1345
4.259022903442383,0.9199671745300293,0.0004898073700489689,0.2756789871349806,1350
4.651663970947266,1.582273006439209,0.0004897316331062709,0.2767000204206657,1355
4.47465705871582,1.014983057975769,0.0004896556217195483,0.2777210537063508,1360
4.671418762207031,1.4887242317199707,0.0004895793359758191,0.27874208699203595,1365
4.2352149963378904,1.3102208375930786,0.0004895027759624145,0.27976312027772104,1370
4.595135498046875,1.553375482559204,0.0004894259417669805,0.2807841535634062,1375
4.118019485473633,1.4378176927566528,0.0004893488334774764,0.2818051868490913,1380
4.694212341308594,1.2691134214401245,0.0004892714511821758,0.2828262201347764,1385
4.321584701538086,1.342226266860962,0.0004891937949696656,0.2838472534204615,1390
3.8767677307128907,0.8943784832954407,0.0004891158649288462,0.2848682867061466,1395
4.554895401000977,1.2803548574447632,0.000489037661148932,0.28588931999183176,1400
4.331032562255859,1.33290696144104,0.0004889591837194501,0.28691035327751685,1405
4.113267517089843,1.1777886152267456,0.0004888804327302415,0.28793138656320194,1410
4.008211517333985,1.098458170890808,0.00048880140827146,0.2889524198488871,1415
5.274528503417969,1.4070369005203247,0.0004887221104335725,0.2899734531345722,1420
4.178934478759766,1.1666171550750732,0.0004886425393073589,0.2909944864202573,1425
4.719912338256836,1.738957166671753,0.0004885626949839121,0.2920155197059424,1430
4.942094421386718,1.9407929182052612,0.0004884825775546375,0.2930365529916275,1435
4.740027999877929,1.3114087581634521,0.0004884021871112534,0.29405758627731265,1440
5.034658813476563,1.195400357246399,0.0004883215237457904,0.29507861956299775,1445
4.639925003051758,1.009653091430664,0.00048824058755059176,0.2960996528486829,1450
3.8917449951171874,0.9978203773498535,0.000488159378618313,0.297120686134368,1455
4.428462982177734,1.3957841396331787,0.0004880778970419217,0.2981417194200531,1460
4.6107627868652346,1.5506166219711304,0.00048799614291469796,0.2991627527057382,1465
4.737248229980469,1.0144416093826294,0.0004879141163302334,0.3001837859914233,1470
4.538815307617187,1.4533921480178833,0.00048783181738243196,0.30120481927710846,1475
4.770952224731445,1.2502491474151611,0.0004877492461655092,0.30222585256279355,1480
4.028770446777344,1.3902602195739746,0.0004876664027739923,0.30324688584847864,1485
4.997488784790039,1.469977617263794,0.0004875832873027202,0.3042679191341638,1490
4.576493835449218,1.3713862895965576,0.00048749989984684327,0.3052889524198489,1495
4.552480316162109,0.9809640049934387,0.0004874162405018231,0.306309985705534,1500
4.75550422668457,1.5131691694259644,0.00048733230936343265,0.3073310189912191,1505
5.08284912109375,1.2161246538162231,0.0004872481065277561,0.3083520522769042,1510
4.071876525878906,0.9521446228027344,0.0004871636320911885,0.30937308556258936,1515
5.058714294433594,1.192107081413269,0.0004870788861504361,0.31039411884827445,1520
5.26329231262207,2.191837787628174,0.0004869938688025156,0.3114151521339596,1525
5.008766174316406,1.3703938722610474,0.0004869085801447547,0.3124361854196447,1530
4.996440124511719,1.271919846534729,0.00048682302027479155,0.3134572187053298,1535
4.271032333374023,1.5631484985351562,0.0004867371892905748,0.3144782519910149,1540
4.4981037139892575,5.385091304779053,0.0004866510872903636,0.3154992852767,1545
4.41136360168457,0.9323264360427856,0.00048656471437272703,0.31652031856238516,1550
4.687982177734375,1.0512523651123047,0.0004864780706365448,0.31754135184807025,1555
4.402177429199218,1.2814244031906128,0.00048639115618100614,0.31856238513375534,1560
4.726447296142578,2.028144121170044,0.00048630397110561063,0.3195834184194405,1565
4.6730693817138675,1.0575385093688965,0.0004862165155101674,0.3206044517051256,1570
4.570992660522461,0.9693432450294495,0.00048612878949479544,0.3216254849908107,1575
4.290840530395508,1.1896198987960815,0.0004860407931599231,0.3226465182764958,1580
4.979644775390625,1.248183012008667,0.0004859525266062883,0.3236675515621809,1585
4.787449645996094,1.2793065309524536,0.00048586398993493834,0.32468858484786606,1590
4.469517517089844,1.167275071144104,0.0004857751832472298,0.32570961813355115,1595
5.270745086669922,1.335797905921936,0.0004856861066448282,0.32673065141923624,1600
4.304558944702149,1.0336729288101196,0.0004855967602297082,0.3277516847049214,1605
4.424869537353516,1.2975132465362549,0.0004855071441041533,0.3287727179906065,1610
5.216953277587891,1.2127289772033691,0.0004854172583707558,0.3297937512762916,1615
4.266455841064453,1.2944422960281372,0.0004853271031324165,0.3308147845619767,1620
4.9740955352783205,1.1941452026367188,0.0004852366784923449,0.3318358178476618,1625
4.401129531860351,0.9840661287307739,0.0004851459845540589,0.33285685113334695,1630
4.065927124023437,1.0392013788223267,0.0004850550214213845,0.33387788441903204,1635
4.151216888427735,1.2921476364135742,0.00048496378919845614,0.3348989177047172,1640
4.385562896728516,1.1981366872787476,0.00048487228798971613,0.3359199509904023,1645
4.66455078125,1.1569796800613403,0.0004847805178999147,0.3369409842760874,1650
5.212385940551758,1.180100917816162,0.0004846884790341101,0.3379620175617725,1655
4.7315513610839846,1.4143599271774292,0.0004845961714976681,0.3389830508474576,1660
5.289131164550781,1.1073116064071655,0.000484503595396262,0.34000408413314276,1665
5.06688232421875,1.6510510444641113,0.00048441075083587265,0.34102511741882785,1670
3.52193603515625,1.4111769199371338,0.0004843176379227883,0.34204615070451294,1675
5.407960510253906,0.9088859558105469,0.00048422425676360425,0.3430671839901981,1680
4.877793884277343,1.0129072666168213,0.00048413060746522297,0.3440882172758832,1685
4.229314804077148,1.4166693687438965,0.00048403669013485386,0.3451092505615683,1690
4.4232322692871096,0.8001329898834229,0.00048394250488001324,0.3461302838472534,1695
4.673174285888672,1.5637904405593872,0.0004838480518085241,0.3471513171329385,1700
4.727680969238281,1.05255126953125,0.0004837533310285159,0.34817235041862366,1705
4.429347229003906,1.4767807722091675,0.00048365834264842486,0.34919338370430875,1710
4.704914093017578,1.003894329071045,0.00048356308677699326,0.3502144169899939,1715
4.658559036254883,0.9255260825157166,0.00048346756352326983,0.351235450275679,1720
4.339784622192383,1.453521966934204,0.0004833717729966092,0.3522564835613641,1725
4.6865379333496096,1.4553166627883911,0.00048327571530667205,0.3532775168470492,1730
4.119976806640625,1.468717336654663,0.00048317939056342495,0.3542985501327343,1735
4.450080871582031,1.6508148908615112,0.00048308279887714024,0.35531958341841946,1740
5.348422241210938,1.3966517448425293,0.0004829859403583957,0.35634061670410455,1745
4.130542755126953,1.1369600296020508,0.0004828888151180747,0.35736164998978964,1750
4.939532470703125,0.9168002009391785,0.0004827914232673659,0.3583826832754748,1755
4.452728271484375,1.2036501169204712,0.00048269376491776316,0.3594037165611599,1760
4.820190811157227,1.370278239250183,0.0004825958401810655,0.360424749846845,1765
4.454568099975586,1.1793447732925415,0.00048249764916937686,0.3614457831325301,1770
4.281091690063477,0.9859477281570435,0.00048239919199510596,0.3624668164182152,1775
4.587210083007813,0.8509608507156372,0.00048230046877096623,0.36348784970390036,1780
3.913593292236328,1.6455585956573486,0.00048220147960997573,0.36450888298958545,1785
4.536213684082031,2.12349271774292,0.00048210222462545706,0.3655299162752706,1790
4.3010917663574215,1.3785490989685059,0.00048200270393103687,0.3665509495609557,1795
4.607352066040039,1.7788503170013428,0.0004819029176406462,0.3675719828466408,1800
4.8990028381347654,1.4328159093856812,0.0004818028658685201,0.3685930161323259,1805
4.456641006469726,1.3157565593719482,0.00048170254872919737,0.369614049418011,1810
3.9785171508789063,1.3024588823318481,0.0004816019663375211,0.37063508270369616,1815
5.487965393066406,1.5687363147735596,0.00048150111880863736,0.37165611598938125,1820
3.90338020324707,1.1335211992263794,0.00048140000625799623,0.37267714927506634,1825
4.5398414611816404,1.1091030836105347,0.000481298628801351,0.3736981825607515,1830
4.610954666137696,1.7648662328720093,0.00048119698655475833,0.3747192158464366,1835
4.233312606811523,1.1954361200332642,0.0004810950796345779,0.37574024913212173,1840
4.898530960083008,1.090667724609375,0.0004809929081574725,0.3767612824178068,1845
4.555340194702149,1.6028251647949219,0.0004808904722404076,0.3777823157034919,1850
4.4824882507324215,1.2870256900787354,0.0004807877720006516,0.37880334898917706,1855
3.9851314544677736,0.7774712443351746,0.0004806848075557754,0.37982438227486215,1860
4.6020149230957035,1.3253742456436157,0.0004805815790236523,0.3808454155605473,1865
4.8030235290527346,1.714737057685852,0.0004804780865224581,0.3818664488462324,1870
5.169060516357422,1.1526967287063599,0.0004803743301706707,0.3828874821319175,1875
5.029193115234375,1.2991265058517456,0.00048027031008706993,0.3839085154176026,1880
4.093905639648438,1.3338723182678223,0.0004801660263907378,0.3849295487032877,1885
4.503173446655273,2.631340980529785,0.00048006147920105785,0.38595058198897286,1890
5.128562927246094,1.355643391609192,0.0004799566686377155,0.38697161527465795,1895
5.055264282226562,1.7588030099868774,0.0004798515948206974,0.38799264856034305,1900
4.292910766601563,1.8057066202163696,0.0004797462578702918,0.3890136818460282,1905
5.137366867065429,1.0357073545455933,0.0004796406579070881,0.3900347151317133,1910
5.152809524536133,4.047510147094727,0.00047953479505197683,0.39105574841739843,1915
5.272183227539062,1.4616899490356445,0.0004794286694261495,0.3920767817030835,1920
4.966889572143555,1.0014599561691284,0.00047932228115109835,0.3930978149887686,1925
4.253763198852539,0.908560037612915,0.00047921563034861625,0.39411884827445376,1930
4.490059280395508,0.9394471645355225,0.00047910871714079684,0.39513988156013885,1935
4.631084823608399,1.0951533317565918,0.00047900154165003396,0.396160914845824,1940
4.347955322265625,1.1200544834136963,0.0004788941039990218,0.3971819481315091,1945
4.222941589355469,1.5485235452651978,0.0004787864043107546,0.3982029814171942,1950
4.402670288085938,1.1010706424713135,0.00047867844270852675,0.3992240147028793,1955
4.565272521972656,2.9676713943481445,0.00047857021931593227,0.4002450479885644,1960
4.546372985839843,1.159542441368103,0.0004784617342568649,0.40126608127424956,1965
4.82750358581543,1.0102286338806152,0.00047835298765551806,0.40228711455993466,1970
4.400846862792969,1.5620085000991821,0.00047824397963638454,0.40330814784561975,1975
4.351734924316406,1.345451831817627,0.00047813471032425635,0.4043291811313049,1980
5.137825012207031,1.1357958316802979,0.0004780251798442248,0.40535021441699,1985
5.428765487670899,1.8375415802001953,0.00047791538832167975,0.40637124770267513,1990
4.092546081542968,1.2471034526824951,0.0004778053358823104,0.4073922809883602,1995
4.534540176391602,1.2680988311767578,0.0004776950226521044,0.4084133142740453,2000
4.161307525634766,1.2497766017913818,0.000477584448757348,0.40943434755973046,2005
4.616230010986328,0.9793374538421631,0.0004774736143246258,0.41045538084541555,2010
4.8480369567871096,1.3895577192306519,0.0004773625194808207,0.4114764141311007,2015
4.832307815551758,1.0589596033096313,0.00047725116435311384,0.4124974474167858,2020
5.056241226196289,1.7276455163955688,0.00047713954906898414,0.4135184807024709,2025
5.1595306396484375,1.205034852027893,0.0004770276737562084,0.414539513988156,2030
4.468257904052734,1.07522714138031,0.0004769155385428612,0.4155605472738411,2035
5.0968505859375,1.3650786876678467,0.00047680314355731456,0.41658158055952627,2040
4.314477920532227,1.3616604804992676,0.0004766904889282379,0.41760261384521136,2045
4.486905670166015,1.28529691696167,0.0004765775747845979,0.41862364713089645,2050
4.992654800415039,1.5979195833206177,0.0004764644012556583,0.4196446804165816,2055
4.338909149169922,0.9364914298057556,0.0004763509684709798,0.4206657137022667,2060
4.378924560546875,1.3944127559661865,0.0004762372765604199,0.42168674698795183,2065
4.092415618896484,1.4873477220535278,0.0004761233256541328,0.4227077802736369,2070
4.731546401977539,1.1085659265518188,0.000476009115882569,0.423728813559322,2075
4.3006134033203125,1.519116759300232,0.0004758946473764757,0.42474984684500716,2080
4.628403854370117,1.135129690170288,0.00047577992026689585,0.42577088013069225,2085
4.594525146484375,2.0585269927978516,0.00047566493468516894,0.4267919134163774,2090
4.0870506286621096,1.6684030294418335,0.00047554969076292984,0.4278129467020625,2095
4.540845108032227,0.8979830741882324,0.0004754341886321096,0.4288339799877476,2100
4.461848449707031,0.8929521441459656,0.00047531842842493476,0.42985501327343273,2105
4.637522888183594,1.5145046710968018,0.00047520241027392706,0.4308760465591178,2110
4.635581588745117,1.1814864873886108,0.00047508613431190383,0.43189707984480297,2115
4.800798797607422,1.2595716714859009,0.0004749696006719774,0.43291811313048806,2120
4.094879531860352,1.1611390113830566,0.00047485280948755506,0.43393914641617315,2125
4.37509765625,1.3043608665466309,0.00047473576089233905,0.4349601797018583,2130
5.120176696777344,1.4842653274536133,0.0004746184550203263,0.4359812129875434,2135
4.723523712158203,1.825975775718689,0.0004745008920058081,0.43700224627322853,2140
4.852449798583985,0.869178056716919,0.00047438307198337026,0.4380232795589136,2145
4.8513446807861325,0.7666685581207275,0.00047426499508789285,0.4390443128445987,2150
4.2158973693847654,0.822302520275116,0.00047414666145454977,0.44006534613028386,2155
4.979803085327148,1.9072396755218506,0.00047402807121880915,0.44108637941596895,2160
4.992976379394531,1.4217654466629028,0.0004739092245164326,0.4421074127016541,2165
4.354097747802735,1.0178852081298828,0.00047379012148347554,0.4431284459873392,2170
4.492341613769531,1.4474416971206665,0.00047367076225628667,0.4441494792730243,2175
4.541446685791016,1.1721186637878418,0.00047355114697150816,0.44517051255870943,2180
4.097795867919922,1.0334506034851074,0.00047343127576607514,0.4461915458443945,2185
4.41637954711914,1.200086236000061,0.00047331114877721583,0.44721257913007967,2190
4.112943267822265,1.3459036350250244,0.0004731907661424512,0.44823361241576476,2195
4.629990005493164,0.80910325050354,0.00047307012799959494,0.44925464570144985,2200
4.296469879150391,1.4021096229553223,0.0004729492344867532,0.450275678987135,2205
4.848697662353516,1.5806199312210083,0.0004728280857423245,0.4512967122728201,2210
4.672623825073242,1.020437240600586,0.0004727066819049995,0.4523177455585052,2215
4.6960704803466795,1.3023021221160889,0.00047258502311376104,0.4533387788441903,2220
4.438778686523437,0.9175477027893066,0.0004724631095078836,0.4543598121298754,2225
4.548329162597656,1.4182108640670776,0.0004723409412269336,0.45538084541556056,2230
4.790195083618164,1.1209832429885864,0.0004722185184107689,0.45640187870124566,2235
5.2893718719482425,1.11404287815094,0.0004720958411995387,0.45742291198693075,2240
4.820152282714844,1.288123607635498,0.0004719729097336835,0.4584439452726159,2245
4.093698120117187,0.6158437728881836,0.0004718497241539349,0.459464978558301,2250
4.366662216186524,0.9948505759239197,0.0004717262846013153,0.46048601184398613,2255
4.105729675292968,1.3729866743087769,0.00047160259121713797,0.4615070451296712,2260
4.770458984375,1.258194088935852,0.0004714786441430067,0.4625280784153563,2265
4.471783065795899,2.6163761615753174,0.0004713544435208156,0.46354911170104146,2270
4.684793090820312,0.9559983611106873,0.0004712299894927494,0.46457014498672655,2275
4.932201766967774,1.3711614608764648,0.00047110528220128245,0.4655911782724117,2280
4.639966201782227,1.4254295825958252,0.00047098032178917936,0.4666122115580968,2285
4.872015380859375,1.3551830053329468,0.0004708551083994944,0.4676332448437819,2290
4.0466571807861325,1.3405765295028687,0.0004707296421755716,0.46865427812946703,2295
4.648642730712891,1.6601698398590088,0.00047060392326104405,0.4696753114151521,2300
4.823824310302735,1.4914100170135498,0.0004704779517998346,0.47069634470083727,2305
4.032384872436523,1.262946605682373,0.00047035172793615486,0.47171737798652236,2310
4.626333618164063,1.1758147478103638,0.00047022525181450556,0.47273841127220745,2315
4.196451568603516,0.9528167247772217,0.0004700985235796761,0.4737594445578926,2320
4.751427459716797,1.894901156425476,0.00046997154337674466,0.4747804778435777,2325
4.8233592987060545,1.0321475267410278,0.00046984431135107776,0.47580151112926283,2330
4.653037643432617,1.4121038913726807,0.00046971682764833015,0.4768225444149479,2335
4.778260040283203,0.9673716425895691,0.0004695890924144449,0.477843577700633,2340
4.536183929443359,1.0169522762298584,0.00046946110579565274,0.47886461098631816,2345
4.437866973876953,1.238270878791809,0.00046933286793847254,0.47988564427200325,2350
5.010865020751953,1.546789288520813,0.00046920437898971047,0.4809066775576884,2355
4.240118408203125,1.8049564361572266,0.00046907563909646033,0.4819277108433735,2360
5.4278411865234375,1.0443803071975708,0.0004689466484061031,0.4829487441290586,2365
4.377748107910156,0.9499672651290894,0.00046881740706630694,0.48396977741474373,2370
4.36675796508789,1.7295135259628296,0.00046868791522502697,0.4849908107004288,2375
4.890671920776367,1.2478156089782715,0.000468558173030505,0.48601184398611397,2380
4.295079040527344,1.1591112613677979,0.00046842818063126955,0.48703287727179906,2385
3.777424621582031,1.09296715259552,0.0004682979381761354,0.48805391055748415,2390
4.554436492919922,1.0016831159591675,0.0004681674458142038,0.4890749438431693,2395
4.850647735595703,1.3643797636032104,0.00046803670369486205,0.4900959771288544,2400
4.562901306152344,1.537128210067749,0.0004679057119677832,0.49111701041453953,2405
4.4041015625,1.3194564580917358,0.00046777447078292616,0.4921380437002246,2410
4.924664688110352,2.0115127563476562,0.00046764298029053553,0.4931590769859097,2415
4.784747314453125,0.8505449891090393,0.0004675112406411411,0.49418011027159486,2420
4.863558197021485,1.1055580377578735,0.00046737925198555815,0.49520114355727995,2425
4.646403121948242,1.0795408487319946,0.0004672470144748868,0.4962221768429651,2430
4.265451049804687,0.95829176902771,0.0004671145282605121,0.4972432101286502,2435
4.618356323242187,1.0293692350387573,0.0004669817934941039,0.4982642434143353,2440
4.074276351928711,0.7420505881309509,0.00046684881032761654,0.49928527670002043,2445
4.458678436279297,1.454890251159668,0.00046671557891328876,0.5003063099857056,2450
4.870860290527344,1.7924981117248535,0.00046658209940364346,0.5013273432713906,2455
5.094671630859375,1.5623154640197754,0.00046644837195148757,0.5023483765570758,2460
4.5998790740966795,1.1623575687408447,0.0004663143967099118,0.5033694098427609,2465
4.7401683807373045,1.2875100374221802,0.0004661801738322906,0.5043904431284459,2470
4.7370342254638675,0.9972173571586609,0.00046604570347228195,0.5054114764141311,2475
4.705461502075195,1.1500434875488281,0.00046591098578382706,0.5064325096998162,2480
4.958220672607422,1.2556703090667725,0.00046577602092115033,0.5074535429855014,2485
4.102274703979492,0.894315779209137,0.0004656408090387592,0.5084745762711864,2490
4.180270385742188,1.1604444980621338,0.0004655053502914437,0.5094956095568716,2495
5.119876480102539,1.028519868850708,0.00046536964483427656,0.5105166428425567,2500
4.566684341430664,1.1138393878936768,0.000465233692822613,0.5115376761282417,2505
4.995434951782227,1.2590081691741943,0.00046509749441209046,0.5125587094139269,2510
4.673841094970703,1.342293620109558,0.00046496104975862854,0.513579742699612,2515
4.557798767089844,1.3958814144134521,0.00046482435901842856,0.5146007759852971,2520
4.613958740234375,0.9349346160888672,0.00046468742234797363,0.5156218092709822,2525
4.602027511596679,1.2933841943740845,0.0004645502399040285,0.5166428425566674,2530
4.127544403076172,1.8051291704177856,0.0004644128118436392,0.5176638758423524,2535
4.373060607910157,1.3572534322738647,0.0004642751383241328,0.5186849091280376,2540
4.762957000732422,1.100080132484436,0.00046413721950311766,0.5197059424137227,2545
4.648969650268555,1.3878064155578613,0.0004639990555384828,0.5207269756994078,2550
4.81195182800293,1.492466926574707,0.00046386064658839786,0.5217480089850929,2555
4.878771209716797,1.351544976234436,0.000463721992811313,0.522769042270778,2560
4.349057006835937,1.3651834726333618,0.0004635830943659587,0.5237900755564632,2565
4.22771987915039,1.4540119171142578,0.0004634439514113453,0.5248111088421482,2570
5.150034713745117,1.7929025888442993,0.00046330456410676325,0.5258321421278334,2575
5.482341384887695,1.7919570207595825,0.00046316493261178284,0.5268531754135185,2580
4.0188652038574215,1.0049315690994263,0.00046302505708625363,0.5278742086992035,2585
4.25530776977539,1.0322223901748657,0.0004628849376903048,0.5288952419848887,2590
5.207563781738282,1.2787928581237793,0.00046274457458434447,0.5299162752705738,2595
4.480659484863281,1.2396996021270752,0.00046260396792906,0.530937308556259,2600
4.102117919921875,1.9475212097167969,0.0004624631178854174,0.531958341841944,2605
4.410040283203125,1.3241384029388428,0.0004623220246146613,0.5329793751276292,2610
4.978481292724609,1.523772954940796,0.00046218068827831506,0.5340004084133143,2615
5.251118850708008,1.1367251873016357,0.00046203910903817977,0.5350214416989993,2620
4.529080200195312,1.0495318174362183,0.00046189728705633504,0.5360424749846845,2625
4.777241897583008,0.9499841332435608,0.00046175522249513825,0.5370635082703696,2630
4.452642822265625,1.1330865621566772,0.0004616129155172245,0.5380845415560547,2635
4.227615737915039,1.0895112752914429,0.00046147036628550633,0.5391055748417398,2640
4.6358592987060545,1.054233193397522,0.00046132757496317357,0.540126608127425,2645
4.943681716918945,1.5264759063720703,0.0004611845417136934,0.5411476414131101,2650
4.527486419677734,1.040594458580017,0.00046104126670080974,0.5421686746987951,2655
4.314328384399414,1.1216068267822266,0.0004608977500885435,0.5431897079844803,2660
4.465604019165039,1.6844698190689087,0.000460753992041192,0.5442107412701654,2665
5.088320922851563,1.2546136379241943,0.00046060999272332895,0.5452317745558505,2670
4.431184387207031,1.2852046489715576,0.00046046575229980434,0.5462528078415356,2675
5.2746330261230465,1.7274898290634155,0.00046032127093574424,0.5472738411272208,2680
4.214439773559571,1.1169991493225098,0.0004601765487965504,0.5482948744129058,2685
4.619815444946289,1.7051421403884888,0.0004600315860479001,0.549315907698591,2690
4.317762756347657,1.6033529043197632,0.00045988638285574657,0.5503369409842761,2695
4.775977325439453,0.8093396425247192,0.0004597409393863178,0.5513579742699612,2700
4.816908645629883,1.2030913829803467,0.00045959525580611694,0.5523790075556463,2705
4.969328689575195,1.8105961084365845,0.00045944933228192226,0.5534000408413314,2710
4.721200180053711,1.282335877418518,0.0004593031689807865,0.5544210741270166,2715
3.7805225372314455,1.4162877798080444,0.0004591567660700369,0.5554421074127016,2720
4.16985969543457,1.1843940019607544,0.000459010123717275,0.5564631406983868,2725
4.252226638793945,1.2595622539520264,0.0004588632420903767,0.5574841739840719,2730
4.532964706420898,1.0008207559585571,0.0004587161213574915,0.5585052072697569,2735
4.722997665405273,1.4599945545196533,0.0004585687616870428,0.5595262405554421,2740
4.8362682342529295,1.3257250785827637,0.00045842116324772744,0.5605472738411272,2745
3.990970993041992,0.9312992691993713,0.0004582733262085157,0.5615683071268124,2750
4.9475654602050785,0.9151318669319153,0.0004581252507386509,0.5625893404124974,2755
5.0068824768066404,1.110406756401062,0.00045797693700764944,0.5636103736981826,2760
5.268350982666016,1.303930640220642,0.00045782838518530034,0.5646314069838677,2765
4.516184997558594,1.7679344415664673,0.0004576795954416654,0.5656524402695527,2770
4.2680400848388675,1.4928487539291382,0.00045753056794707846,0.5666734735552379,2775
4.426848602294922,1.6247307062149048,0.00045738130287214596,0.567694506840923,2780
4.690195465087891,1.475172519683838,0.00045723180038774594,0.5687155401266081,2785
4.443035125732422,1.3914062976837158,0.0004570820606650283,0.5697365734122932,2790
4.637378311157226,1.892423391342163,0.00045693208387541487,0.5707576066979784,2795
4.637297439575195,1.3189293146133423,0.0004567818701905983,0.5717786399836635,2800
4.938010787963867,1.502362847328186,0.00045663141978254297,0.5727996732693486,2805
4.464741897583008,1.2017720937728882,0.00045648073282348396,0.5738207065550337,2810
4.615434265136718,1.4825868606567383,0.0004563298094859273,0.5748417398407188,2815
4.421599960327148,3.5912299156188965,0.00045617864994264935,0.5758627731264039,2820
4.116061019897461,1.3074986934661865,0.00045602725436669726,0.576883806412089,2825
4.34967269897461,0.9921309947967529,0.0004558756229313883,0.5779048396977742,2830
4.036880111694336,1.6411577463150024,0.00045572375581030947,0.5789258729834592,2835
4.626910400390625,1.1609503030776978,0.0004555716531773177,0.5799469062691444,2840
4.267028427124023,1.1115306615829468,0.00045541931520653994,0.5809679395548295,2845
5.0818626403808596,1.477832555770874,0.00045526674207237194,0.5819889728405147,2850
4.531013107299804,1.4985071420669556,0.0004551139339494791,0.5830100061261997,2855
4.446946716308593,1.3491158485412598,0.0004549608910127956,0.5840310394118848,2860
3.624740219116211,1.1097877025604248,0.0004548076134375245,0.58505207269757,2865
4.561829376220703,1.0559988021850586,0.00045465410139913765,0.586073105983255,2870
5.061833190917969,1.2572953701019287,0.00045450035507337493,0.5870941392689402,2875
5.040852737426758,1.5382825136184692,0.0004543463746362448,0.5881151725546253,2880
4.50494384765625,1.4324930906295776,0.0004541921602640235,0.5891362058403103,2885
4.768645477294922,1.1166962385177612,0.0004540377121332552,0.5901572391259955,2890
5.0438896179199215,1.3506754636764526,0.00045388303042075167,0.5911782724116806,2895
4.659261703491211,1.3663362264633179,0.00045372811530359206,0.5921993056973658,2900
4.310771560668945,0.9879330992698669,0.00045357296695912254,0.5932203389830508,2905
4.082007217407226,0.975672721862793,0.0004534175855649567,0.594241372268736,2910
4.538150405883789,1.1567274332046509,0.0004532619712989745,0.5952624055544211,2915
4.92926139831543,1.4195870161056519,0.00045310612433932274,0.5962834388401062,2920
5.598706436157227,1.6829185485839844,0.0004529500448644145,0.5973044721257913,2925
4.429753112792969,1.3013250827789307,0.000452793733052929,0.5983255054114764,2930
4.30083999633789,1.782885193824768,0.0004526371890838118,0.5993465386971615,2935
5.037157440185547,1.9902255535125732,0.0004524804131362736,0.6003675719828466,2940
4.544193267822266,1.1068371534347534,0.00045232340538979115,0.6013886052685318,2945
4.734048080444336,1.069583535194397,0.00045216616602410657,0.6024096385542169,2950
4.614835357666015,1.3194974660873413,0.0004520086952192267,0.603430671839902,2955
4.762469863891601,1.362965703010559,0.00045185099315542395,0.6044517051255871,2960
4.908426666259766,1.626900315284729,0.00045169306001323486,0.6054727384112722,2965
4.119564819335937,1.19474458694458,0.00045153489597346097,0.6064937716969573,2970
4.142478561401367,0.9262645840644836,0.000451376501217168,0.6075148049826424,2975
4.4229789733886715,1.2829296588897705,0.0004512178759256856,0.6085358382683276,2980
4.317342376708984,1.187471628189087,0.0004510590202806077,0.6095568715540126,2985
4.331013488769531,1.4492409229278564,0.0004508999344637916,0.6105779048396978,2990
4.6962932586669925,1.1357823610305786,0.0004507406186573584,0.6115989381253829,2995
4.775912094116211,1.3801254034042358,0.0004505810730436922,0.612619971411068,3000
4.975923919677735,1.5658314228057861,0.00045042129780544036,0.6136410046967531,3005
4.359603500366211,1.6004492044448853,0.00045026129312551304,0.6146620379824382,3010
4.602743911743164,1.345446228981018,0.0004501010591870832,0.6156830712681234,3015
4.7934623718261715,1.5628207921981812,0.00044994059617358605,0.6167041045538084,3020
5.070671844482422,1.8406569957733154,0.0004497799042687192,0.6177251378394936,3025
4.497559356689453,1.0825364589691162,0.00044961898365644215,0.6187461711251787,3030
4.102996826171875,1.2830395698547363,0.00044945783452097647,0.6197672044108637,3035
4.569485092163086,1.681158185005188,0.0004492964570468051,0.6207882376965489,3040
4.099425506591797,1.5064778327941895,0.0004491348514186725,0.621809270982234,3045
4.589570236206055,1.2497261762619019,0.00044897301782158424,0.6228303042679192,3050
4.518585968017578,2.1914680004119873,0.00044881095644080693,0.6238513375536042,3055
4.725074005126953,1.0774140357971191,0.00044864866746186795,0.6248723708392894,3060
4.328929138183594,1.0729924440383911,0.00044848615107055516,0.6258934041249745,3065
4.268788909912109,0.9896876811981201,0.0004483234074529169,0.6269144374106596,3070
4.9101707458496096,1.1103434562683105,0.00044816043679526155,0.6279354706963447,3075
4.5070045471191404,1.7577041387557983,0.0004479972392841574,0.6289565039820298,3080
4.345542144775391,1.3261836767196655,0.0004478338151064323,0.6299775372677149,3085
4.351755142211914,1.318603515625,0.00044767016444917395,0.6309985705534,3090
4.754313659667969,1.1805223226547241,0.000447506287499729,0.6320196038390852,3095
4.5568500518798825,1.2128099203109741,0.0004473421844457033,0.6330406371247703,3100
5.195315933227539,1.4005857706069946,0.0004471778554749616,0.6340616704104554,3105
4.239219284057617,1.0642540454864502,0.000447013300775627,0.6350827036961405,3110
4.817389297485351,1.3344874382019043,0.0004468485205360814,0.6361037369818257,3115
4.636560440063477,1.166820764541626,0.0004466835149449645,0.6371247702675107,3120
5.028112411499023,1.3953049182891846,0.00044651828419117436,0.6381458035531958,3125
4.197886657714844,1.2652723789215088,0.0004463528284638666,0.639166836838881,3130
4.108661270141601,1.4395912885665894,0.0004461871479524543,0.640187870124566,3135
4.518960571289062,0.9772769212722778,0.00044602124284660817,0.6412089034102512,3140
3.997511291503906,1.1709932088851929,0.00044585511333625574,0.6422299366959363,3145
4.821977615356445,0.9108473658561707,0.00044568875961158155,0.6432509699816213,3150
4.222360229492187,0.8935578465461731,0.0004455221818630268,0.6442720032673065,3155
5.026883697509765,1.2866442203521729,0.00044535538028128935,0.6452930365529916,3160
4.690093231201172,1.3453364372253418,0.00044518835505732296,0.6463140698386768,3165
4.893595886230469,1.2164653539657593,0.00044502110638233765,0.6473351031243618,3170
5.081366729736328,1.4548170566558838,0.00044485363444779914,0.648356136410047,3175
4.634532165527344,1.1159313917160034,0.00044468593944542884,0.6493771696957321,3180
4.5904899597167965,0.7251238822937012,0.00044451802156720346,0.6503982029814172,3185
5.657759094238282,1.707233190536499,0.00044434988100535474,0.6514192362671023,3190
4.081257629394531,0.8609495759010315,0.0004441815179523696,0.6524402695527874,3195
5.09620361328125,1.7665449380874634,0.0004440129326009895,0.6534613028384725,3200
4.052402496337891,1.600525140762329,0.00044384412514421036,0.6544823361241576,3205
4.672259521484375,1.128316879272461,0.00044367509577528254,0.6555033694098428,3210
4.590237426757812,1.555412769317627,0.00044350584468771026,0.6565244026955279,3215
4.637690734863281,1.4172708988189697,0.0004433363720752517,0.657545435981213,3220
4.245879364013672,1.468082070350647,0.0004431666781319185,0.6585664692668981,3225
4.340505218505859,1.0278220176696777,0.0004429967630519758,0.6595875025525832,3230
4.884128570556641,1.3762980699539185,0.0004428266270299419,0.6606085358382683,3235
4.5025287628173825,0.9517356753349304,0.0004426562702605879,0.6616295691239534,3240
4.305659484863281,0.994768500328064,0.0004424856929389377,0.6626506024096386,3245
4.80952262878418,0.7998279333114624,0.0004423148952602677,0.6636716356953236,3250
4.544160842895508,1.088610291481018,0.00044214387742010655,0.6646926689810088,3255
4.575439453125,0.9434729218482971,0.000441972639614235,0.6657137022666939,3260
4.7419593811035154,1.018247127532959,0.00044180118203868547,0.666734735552379,3265
5.094903564453125,1.345138430595398,0.0004416295048897421,0.6677557688380641,3270
4.677721405029297,1.4759495258331299,0.0004414576083639404,0.6687768021237492,3275
4.475451278686523,1.270107626914978,0.0004412854926580668,0.6697978354094344,3280
4.490023803710938,1.1138405799865723,0.00044111315796915905,0.6708188686951194,3285
4.674981689453125,1.4986504316329956,0.00044094060449450525,0.6718399019808046,3290
4.194029235839844,1.450981855392456,0.00044076783243164407,0.6728609352664897,3295
4.307316589355469,0.8824403285980225,0.0004405948419783644,0.6738819685521747,3300
4.868745803833008,0.9455827474594116,0.0004404216333327053,0.6749030018378599,3305
4.549600982666016,1.3671379089355469,0.0004402482066929553,0.675924035123545,3310
4.169207763671875,1.0900633335113525,0.00044007456225765286,0.6769450684092302,3315
4.405792236328125,1.2129530906677246,0.0004399007002255855,0.6779661016949152,3320
4.722601699829101,1.099909782409668,0.00043972662079578987,0.6789871349806004,3325
4.290250396728515,1.4061604738235474,0.00043955232416755164,0.6800081682662855,3330
4.277194213867188,1.4731169939041138,0.00043937781054040505,0.6810292015519706,3335
5.087919616699219,0.9318686723709106,0.00043920308011413266,0.6820502348376557,3340
4.034877777099609,1.1897064447402954,0.0004390281330887655,0.6830712681233408,3345
4.825835800170898,1.2167985439300537,0.00043885296966458224,0.6840923014090259,3350
3.922259521484375,1.06684410572052,0.0004386775900421094,0.685113334694711,3355
4.84327278137207,1.1300873756408691,0.00043850199442212103,0.6861343679803962,3360
4.389889907836914,1.1057112216949463,0.00043832618300563853,0.6871554012660813,3365
4.623147583007812,0.8292837142944336,0.0004381501559939303,0.6881764345517664,3370
5.118742370605469,0.9894795417785645,0.0004379739135885113,0.6891974678374515,3375
3.8711048126220704,0.993638813495636,0.00043779745599114347,0.6902185011231367,3380
4.853951263427734,1.0216118097305298,0.0004376207834038348,0.6912395344088217,3385
4.370165252685547,2.021829605102539,0.0004374438960288397,0.6922605676945068,3390
3.7653663635253904,1.3919966220855713,0.0004372667940686581,0.693281600980192,3395
4.484700775146484,1.4566715955734253,0.0004370894777260358,0.694302634265877,3400
4.768928146362304,0.708620011806488,0.00043691194720396403,0.6953236675515622,3405
4.562029266357422,1.2737995386123657,0.0004367342027056792,0.6963447008372473,3410
4.43175048828125,1.0318845510482788,0.0004365562444346626,0.6973657341229325,3415
4.571809005737305,1.0565569400787354,0.00043637807259464033,0.6983867674086175,3420
4.212301635742188,1.0791486501693726,0.00043619968738958304,0.6994078006943026,3425
4.412060165405274,0.9276462197303772,0.00043602108902370543,0.7004288339799878,3430
4.394754028320312,1.5118606090545654,0.00043584227770146635,0.7014498672656728,3435
4.120276260375976,1.2083466053009033,0.0004356632536275685,0.702470900551358,3440
4.734446334838867,1.3379279375076294,0.00043548401700695805,0.7034919338370431,3445
4.624702835083008,0.9584994912147522,0.00043530456804482463,0.7045129671227282,3450
4.681278228759766,1.5374507904052734,0.00043512490694660067,0.7055340004084133,3455
4.737174224853516,1.020966649055481,0.0004349450339179618,0.7065550336940984,3460
4.406714630126953,1.236738920211792,0.00043476494916482603,0.7075760669797836,3465
5.021697998046875,1.6302554607391357,0.0004345846528933537,0.7085971002654686,3470
3.935083770751953,0.5952522158622742,0.00043440414530994766,0.7096181335511538,3475
4.676953125,1.381196141242981,0.00043422342662125223,0.7106391668368389,3480
4.699604034423828,0.9433356523513794,0.0004340424970341537,0.711660200122524,3485
5.05877799987793,1.4158579111099243,0.00043386135675577966,0.7126812334082091,3490
4.423422241210938,0.8594420552253723,0.00043368000599349897,0.7137022666938942,3495
4.706302261352539,1.159467339515686,0.0004334984449549214,0.7147232999795793,3500
4.226997375488281,1.1988266706466675,0.0004333166738478974,0.7157443332652644,3505
4.720620346069336,1.3931779861450195,0.00043313469288051805,0.7167653665509496,3510
4.403775787353515,0.9504923820495605,0.00043295250226111455,0.7177863998366347,3515
4.692630386352539,1.1052592992782593,0.0004327701021982582,0.7188074331223198,3520
4.266288375854492,1.1728655099868774,0.0004325874929007599,0.7198284664080049,3525
4.345938491821289,1.1150777339935303,0.0004324046745776703,0.72084949969369,3530
4.48734130859375,1.3026396036148071,0.0004322216474382793,0.7218705329793751,3535
4.497762298583984,1.3508981466293335,0.00043203841169211566,0.7228915662650602,3540
3.8857406616210937,1.4199920892715454,0.00043185496754894723,0.7239125995507454,3545
4.795262145996094,1.46603262424469,0.0004316713152187801,0.7249336328364304,3550
4.4939697265625,1.5181711912155151,0.00043148745491185914,0.7259546661221156,3555
4.593170547485352,1.402073621749878,0.00043130338683866685,0.7269756994078007,3560
4.644389724731445,1.0077825784683228,0.00043111911120992386,0.7279967326934859,3565
4.183189392089844,1.0306280851364136,0.00043093462823658835,0.7290177659791709,3570
4.070616912841797,1.0640190839767456,0.00043074993812985583,0.730038799264856,3575
4.993842315673828,0.9178116321563721,0.00043056504110115893,0.7310598325505412,3580
5.173890686035156,1.603918433189392,0.0004303799373621672,0.7320808658362262,3585
3.800719451904297,0.9804315567016602,0.00043019462712478684,0.7331018991219114,3590
4.949776077270508,1.1353634595870972,0.0004300091106011604,0.7341229324075965,3595
4.9662212371826175,1.0853482484817505,0.0004298233880036667,0.7351439656932816,3600
4.649012756347656,1.5855954885482788,0.0004296374595449204,0.7361649989789667,3605
4.195285415649414,0.9506471753120422,0.00042945132543777164,0.7371860322646518,3610
4.5572654724121096,1.4038156270980835,0.0004292649858953063,0.738207065550337,3615
4.475614166259765,2.1468939781188965,0.00042907844113084534,0.739228098836022,3620
4.581216812133789,1.3417274951934814,0.00042889169135794446,0.7402491321217072,3625
4.909675598144531,1.2961950302124023,0.00042870473679039445,0.7412701654073923,3630
4.319473648071289,1.4310134649276733,0.0004285175776422201,0.7422911986930774,3635
4.413472747802734,1.1280341148376465,0.00042833021412768074,0.7433122319787625,3640
4.607012176513672,1.7489335536956787,0.0004281426464612695,0.7443332652644477,3645
4.361636734008789,1.2472926378250122,0.0004279548748577132,0.7453542985501327,3650
4.575745010375977,0.9433882236480713,0.00042776689953197234,0.7463753318358178,3655
4.556119537353515,1.3970699310302734,0.0004275787206992404,0.747396365121503,3660
4.1203460693359375,1.1220329999923706,0.0004273903385749438,0.7484173984071881,3665
4.213046264648438,1.0536143779754639,0.000427201753374742,0.7494384316928732,3670
4.354158020019531,1.1458775997161865,0.00042701296531452666,0.7504594649785583,3675
4.711374664306641,1.1810532808303833,0.0004268239746104218,0.7514804982642435,3680
4.1865276336669925,0.916252851486206,0.0004266347814787833,0.7525015315499285,3685
4.142478561401367,1.0702846050262451,0.0004264453861361989,0.7535225648356136,3690
3.878178024291992,0.8686267137527466,0.0004262557887994878,0.7545435981212988,3695
4.894804000854492,2.177276611328125,0.0004260659896857005,0.7555646314069838,3700
4.822916412353516,1.2830049991607666,0.00042587598901211844,0.756585664692669,3705
4.687599945068359,2.2275736331939697,0.0004256857869962537,0.7576066979783541,3710
4.937294006347656,1.0973448753356934,0.000425495383855849,0.7586277312640393,3715
4.947735595703125,1.9907562732696533,0.0004253047798088772,0.7596487645497243,3720
4.82730712890625,1.3041722774505615,0.0004251139750735413,0.7606697978354094,3725
4.827413558959961,1.2840458154678345,0.00042492296986827396,0.7616908311210946,3730
4.936944198608399,1.0566787719726562,0.00042473176441173733,0.7627118644067796,3735
3.9509490966796874,0.9916438460350037,0.00042454035892282283,0.7637328976924648,3740
4.3513843536376955,1.2019222974777222,0.00042434875362065087,0.7647539309781499,3745
4.730345916748047,1.4393199682235718,0.0004241569487245705,0.765774964263835,3750
4.68804931640625,1.2296777963638306,0.0004239649444541595,0.7667959975495201,3755
4.283184051513672,1.3618544340133667,0.0004237727410292237,0.7678170308352052,3760
4.648574447631836,1.2902493476867676,0.00042358033866979697,0.7688380641208904,3765
4.423604583740234,1.3370758295059204,0.0004233877375961409,0.7698590974065754,3770
4.644319152832031,1.3396015167236328,0.0004231949380287447,0.7708801306922606,3775
4.704390335083008,1.0109070539474487,0.0004230019401883246,0.7719011639779457,3780
4.628939819335938,1.353027105331421,0.0004228087442958241,0.7729221972636308,3785
4.354271316528321,1.1325355768203735,0.00042261535057241294,0.7739432305493159,3790
4.244570922851563,1.6731667518615723,0.000422421759239488,0.774964263835001,3795
4.133693695068359,0.9711965322494507,0.0004222279705186718,0.7759852971206861,3800
3.9551265716552733,1.3971970081329346,0.0004220339846318132,0.7770063304063712,3805
3.958551025390625,1.0120654106140137,0.0004218398018009865,0.7780273636920564,3810
4.744012451171875,0.9938631653785706,0.00042164542224849166,0.7790483969777414,3815
4.005886459350586,1.4899297952651978,0.00042145084619685393,0.7800694302634266,3820
4.128926849365234,0.7288259863853455,0.0004212560738688231,0.7810904635491117,3825
4.065926361083984,1.3177067041397095,0.00042106110548737407,0.7821114968347969,3830
4.273241424560547,1.6841387748718262,0.0004208659412757061,0.7831325301204819,3835
4.063285827636719,1.5078727006912231,0.00042067058145724243,0.784153563406167,3840
4.407840347290039,1.1436223983764648,0.0004204750262556304,0.7851745966918522,3845
3.9145389556884767,0.8167290687561035,0.00042027927589474105,0.7861956299775372,3850
4.731250762939453,1.429510235786438,0.00042008333059866874,0.7872166632632224,3855
4.292503738403321,0.8235248327255249,0.00041988719059173106,0.7882376965489075,3860
4.363556671142578,1.5992176532745361,0.00041969085609846844,0.7892587298345926,3865
4.437702560424805,0.909938633441925,0.0004194943273436441,0.7902797631202777,3870
5.422924423217774,1.4727815389633179,0.0004192976045522434,0.7913007964059628,3875
4.277095794677734,1.2373567819595337,0.000419100687949474,0.792321829691648,3880
4.717399215698242,1.0736608505249023,0.0004189035777607655,0.793342862977333,3885
4.951343154907226,1.8304543495178223,0.000418706274211769,0.7943638962630182,3890
5.120989990234375,1.4558411836624146,0.0004185087775283569,0.7953849295487033,3895
4.218084335327148,1.0174823999404907,0.00041831108793662287,0.7964059628343884,3900
4.869268417358398,1.0302735567092896,0.0004181132056628814,0.7974269961200735,3905
4.235332489013672,1.6432740688323975,0.00041791513093366727,0.7984480294057587,3910
4.461742782592774,1.167032241821289,0.00041771686397573606,0.7994690626914437,3915
4.471499252319336,1.2987325191497803,0.0004175184050160631,0.8004900959771288,3920
4.3454948425292965,0.9641705751419067,0.00041731975428184345,0.801511129262814,3925
4.789728164672852,1.134932518005371,0.00041712091200049194,0.8025321625484991,3930
4.395642852783203,1.4729466438293457,0.0004169218783996427,0.8035531958341842,3935
4.583814239501953,1.4323855638504028,0.0004167226537071486,0.8045742291198693,3940
5.172951507568359,1.2556873559951782,0.0004165232381510815,0.8055952624055545,3945
4.284211730957031,1.6268601417541504,0.0004163236319597318,0.8066162956912395,3950
4.823709869384766,1.153448462486267,0.0004161238353616079,0.8076373289769246,3955
3.708922576904297,1.1578701734542847,0.0004159238485854364,0.8086583622626098,3960
4.778439331054687,1.2831604480743408,0.0004157236718601616,0.8096793955482948,3965
4.8462882995605465,1.191473126411438,0.00041552330541494496,0.81070042883398,3970
3.7342052459716797,1.580690622329712,0.00041532274947916567,0.8117214621196651,3975
4.739225769042969,1.0609159469604492,0.0004151220042824193,0.8127424954053503,3980
3.6548641204833983,1.317757248878479,0.0004149210700545184,0.8137635286910353,3985
4.412360382080078,1.1354066133499146,0.0004147199470254919,0.8147845619767204,3990
4.190266036987305,1.3010563850402832,0.0004145186354255848,0.8158055952624056,3995
4.543569183349609,1.222694993019104,0.000414317135485258,0.8168266285480906,4000
4.189456939697266,0.9777226448059082,0.0004141154474351878,0.8178476618337758,4005
4.542893981933593,1.2466298341751099,0.0004139135715062663,0.8188686951194609,4010
5.025473022460938,1.2545969486236572,0.0004137115079296004,0.819889728405146,4015
4.346272659301758,0.8975927233695984,0.0004135092569365117,0.8209107616908311,4020
4.0106971740722654,1.016456961631775,0.00041330681875853667,0.8219317949765163,4025
4.928684234619141,1.6694363355636597,0.0004131041936274258,0.8229528282622014,4030
4.911835098266602,1.0586379766464233,0.0004129013817751437,0.8239738615478864,4035
4.527315902709961,0.8223050236701965,0.0004126983834338689,0.8249948948335716,4040
4.631034088134766,1.393825888633728,0.00041249519883599305,0.8260159281192567,4045
5.0764507293701175,1.35177743434906,0.00041229182821412143,0.8270369614049418,4050
3.7659381866455077,0.9134504199028015,0.0004120882718010719,0.8280579946906269,4055
4.594227600097656,1.128057837486267,0.0004118845298298754,0.829079027976312,4060
4.760178756713867,1.1496798992156982,0.000411680602533775,0.8301000612619971,4065
4.570618057250977,1.3159079551696777,0.000411476490146226,0.8311210945476822,4070
4.009178924560547,1.6196417808532715,0.00041127219290089574,0.8321421278333674,4075
4.428048706054687,1.1099499464035034,0.00041106771103166295,0.8331631611190525,4080
4.125568389892578,1.599136471748352,0.00041086304477261793,0.8341841944047376,4085
4.971985626220703,1.2867217063903809,0.00041065819435806187,0.8352052276904227,4090
4.165928649902344,1.178467869758606,0.000410453160022507,0.8362262609761079,4095
4.0440410614013675,1.3089916706085205,0.0004102479420006759,0.8372472942617929,4100
4.635746002197266,1.4319146871566772,0.0004100425405275015,0.838268327547478,4105
4.630238723754883,1.355292797088623,0.00040983695583812687,0.8392893608331632,4110
3.914157485961914,1.68722403049469,0.0004096311881679047,0.8403103941188482,4115
4.642848968505859,1.1448242664337158,0.000409425237752397,0.8413314274045334,4120
4.313207626342773,1.0767582654953003,0.00040921910482737546,0.8423524606902185,4125
4.3473564147949215,1.4880839586257935,0.00040901278962882017,0.8433734939759037,4130
4.652106857299804,1.1305800676345825,0.0004088062923929202,0.8443945272615887,4135
4.7368934631347654,0.9335700869560242,0.000408599613356073,0.8454155605472738,4140
4.470442581176758,0.9999659657478333,0.00040839275275488397,0.846436593832959,4145
4.281327438354492,0.9177752733230591,0.00040818571082616663,0.847457627118644,4150
4.551786804199219,1.348928689956665,0.00040797848780694173,0.8484786604043292,4155
4.91265869140625,1.0749369859695435,0.00040777108393443766,0.8494996936900143,4160
4.962181472778321,1.3374881744384766,0.00040756349944608974,0.8505207269756994,4165
4.059458923339844,1.2727118730545044,0.0004073557345795401,0.8515417602613845,4170
4.8004302978515625,0.9386872053146362,0.0004071477895726371,0.8525627935470697,4175
4.140356063842773,0.8437603712081909,0.00040693966466343566,0.8535838268327548,4180
4.561002731323242,1.0327993631362915,0.0004067313600901966,0.8546048601184398,4185
4.494645690917968,0.9513033628463745,0.00040652287609138627,0.855625893404125,4190
4.366681289672852,1.5649263858795166,0.0004063142129056765,0.8566469266898101,4195
4.498450088500976,1.115578293800354,0.0004061053707719442,0.8576679599754952,4200
4.398911666870117,0.9032981395721436,0.00040589634992927126,0.8586889932611803,4205
4.765450286865234,1.1580826044082642,0.00040568715061694405,0.8597100265468655,4210
4.5711925506591795,1.4145094156265259,0.0004054777730744534,0.8607310598325505,4215
4.491078186035156,1.328031301498413,0.00040526821754149396,0.8617520931182356,4220
4.46971321105957,1.7051111459732056,0.0004050584842579642,0.8627731264039208,4225
4.6081092834472654,1.1097612380981445,0.0004048485734639662,0.8637941596896059,4230
4.800335693359375,1.4623891115188599,0.0004046384853998053,0.864815192975291,4235
4.732378387451172,1.521245002746582,0.00040442822030598946,0.8658362262609761,4240
4.614653778076172,1.4448634386062622,0.0004042177784232295,0.8668572595466613,4245
4.427462387084961,1.4882179498672485,0.0004040071599924388,0.8678782928323463,4250
5.222700500488282,1.2292808294296265,0.00040379636525473265,0.8688993261180314,4255
3.8534610748291014,1.2388252019882202,0.00040358539445142793,0.8699203594037166,4260
5.15987548828125,1.1766124963760376,0.00040337424782404375,0.8709413926894016,4265
4.16722412109375,1.3441553115844727,0.00040316292561429993,0.8719624259750868,4270
5.051734161376953,1.7096771001815796,0.00040295142806411744,0.8729834592607719,4275
4.826607131958008,1.6234558820724487,0.000402739755415618,0.8740044925464571,4280
4.878286361694336,1.0134960412979126,0.0004025279079111239,0.8750255258321421,4285
4.937848663330078,1.4021637439727783,0.00040231588579315745,0.8760465591178273,4290
3.7596160888671877,1.03212571144104,0.00040210368930444095,0.8770675924035124,4295
4.730555725097656,5.960562229156494,0.0004018913186878962,0.8780886256891974,4300
4.444900131225586,1.5128570795059204,0.00040167877418664446,0.8791096589748826,4305
3.8398021697998046,1.188100814819336,0.000401466056044006,0.8801306922605677,4310
4.3859302520751955,1.25578773021698,0.00040125316450349987,0.8811517255462528,4315
4.268401336669922,1.5002824068069458,0.0004010400998088437,0.8821727588319379,4320
4.006930541992188,1.312369704246521,0.00040082686220395316,0.883193792117623,4325
4.3085590362548825,1.7665977478027344,0.00040061345193294215,0.8842148254033082,4330
5.129285430908203,1.7701936960220337,0.000400399869240122,0.8852358586889932,4335
4.979557037353516,1.290248990058899,0.0004001861143700015,0.8862568919746784,4340
4.5945697784423825,1.283774971961975,0.0003999721875672866,0.8872779252603635,4345
4.161735916137696,1.2612903118133545,0.00039975808907688004,0.8882989585460486,4350
4.552228927612305,1.2712938785552979,0.00039954381914388107,0.8893199918317337,4355
4.713719177246094,1.077576756477356,0.0003993293780135852,0.8903410251174189,4360
4.82129135131836,1.696269154548645,0.000399114765931484,0.8913620584031039,4365
4.239034271240234,0.8532232642173767,0.0003988999831432648,0.892383091688789,4370
4.78446044921875,1.4055930376052856,0.0003986850298948102,0.8934041249744742,4375
4.695451736450195,1.1828393936157227,0.0003984699064321979,0.8944251582601593,4380
4.618987274169922,0.9528944492340088,0.0003982546130017007,0.8954461915458444,4385
4.6225341796875,1.6767021417617798,0.00039803914984978583,0.8964672248315295,4390
5.11962661743164,1.2685768604278564,0.0003978235172231148,0.8974882581172147,4395
4.338140869140625,1.4095185995101929,0.0003976077153685432,0.8985092914028997,4400
4.779269027709961,1.1109850406646729,0.0003973917445331202,0.8995303246885848,4405
4.798449325561523,1.6269606351852417,0.0003971756049640888,0.90055135797427,4410
4.151993942260742,1.291123628616333,0.00039695929690888453,0.901572391259955,4415
4.4773712158203125,1.5104994773864746,0.00039674282061513656,0.9025934245456402,4420
4.3320762634277346,1.1438040733337402,0.00039652617633066607,0.9036144578313253,4425
3.7606197357177735,0.8714174032211304,0.00039630936430348675,0.9046354911170104,4430
3.7419586181640625,1.4630513191223145,0.00039609238478180436,0.9056565244026955,4435
4.314936828613281,0.996836245059967,0.0003958752380140165,0.9066775576883807,4440
3.5749977111816404,1.6795858144760132,0.00039565792424871185,0.9076985909740658,4445
4.830087661743164,1.1086410284042358,0.0003954404437346707,0.9087196242597508,4450
4.464527130126953,1.4759573936462402,0.0003952227967208641,0.909740657545436,4455
4.335721588134765,1.2727999687194824,0.00039500498345645366,0.9107616908311211,4460
4.658850860595703,1.225184440612793,0.0003947870041907912,0.9117827241168062,4465
3.8847461700439454,1.4187933206558228,0.0003945688591734188,0.9128037574024913,4470
4.490216064453125,1.1370822191238403,0.00039435054865406816,0.9138247906881765,4475
4.0021484375,1.2628540992736816,0.0003941320728826605,0.9148458239738615,4480
4.633462142944336,1.5860949754714966,0.0003939134321093062,0.9158668572595466,4485
4.450589752197265,1.2085812091827393,0.0003936946265843045,0.9168878905452318,4490
4.295036315917969,1.5154176950454712,0.0003934756565581433,0.9179089238309169,4495
4.929222106933594,1.6478734016418457,0.0003932565222814989,0.918929957116602,4500
4.122224807739258,1.0829033851623535,0.00039303722400523537,0.9199509904022871,4505
5.0345947265625,1.8025152683258057,0.0003928177619804049,0.9209720236879723,4510
4.537924957275391,1.2233697175979614,0.0003925981364582466,0.9219930569736573,4515
4.655926132202149,1.2793530225753784,0.0003923783476901874,0.9230140902593424,4520
4.628644561767578,1.0744855403900146,0.0003921583959278406,0.9240351235450276,4525
5.095154190063477,1.2900166511535645,0.00039193828142300647,0.9250561568307126,4530
4.348419570922852,1.0274128913879395,0.0003917180044276713,0.9260771901163978,4535
4.403555297851563,1.1533033847808838,0.00039149756519400735,0.9270982234020829,4540
4.898036193847656,1.626987099647522,0.00039127696397437306,0.9281192566877681,4545
4.784300994873047,1.158045768737793,0.0003910562010213119,0.9291402899734531,4550
4.042525100708008,3.3448846340179443,0.0003908352765875525,0.9301613232591383,4555
4.498406219482422,1.3756296634674072,0.00039061419092600863,0.9311823565448234,4560
4.438211059570312,1.5457251071929932,0.00039039294428977835,0.9322033898305084,4565
4.483485412597656,1.3815784454345703,0.0003901715369321441,0.9332244231161936,4570
4.659952926635742,1.2176477909088135,0.0003899499691065725,0.9342454564018787,4575
4.890639114379883,1.1121716499328613,0.0003897282410667135,0.9352664896875638,4580
4.693756103515625,0.8977633118629456,0.0003895063530664008,0.9362875229732489,4585
4.170655059814453,1.4053428173065186,0.000389284305359651,0.9373085562589341,4590
4.506858062744141,1.1931811571121216,0.0003890620982006637,0.9383295895446192,4595
4.54151496887207,1.323589563369751,0.000388839731843821,0.9393506228303042,4600
4.367720031738282,4.130202770233154,0.00038861720654368706,0.9403716561159894,4605
4.779650115966797,1.1271851062774658,0.0003883945225550082,0.9413926894016745,4610
4.419789505004883,1.6003308296203613,0.00038817168013271245,0.9424137226873596,4615
4.026735305786133,1.7383861541748047,0.00038794867953190903,0.9434347559730447,4620
5.185240936279297,1.666773796081543,0.00038772552100788826,0.9444557892587299,4625
4.342041778564453,0.8381121158599854,0.00038750220481612155,0.9454768225444149,4630
4.41373291015625,1.467197060585022,0.00038727873121226035,0.9464978558301,4635
4.845859527587891,1.6667454242706299,0.00038705510045213665,0.9475188891157852,4640
4.514270782470703,1.348912000656128,0.00038683131279176224,0.9485399224014703,4645
4.627302932739258,1.1567339897155762,0.00038660736848732856,0.9495609556871554,4650
5.1399894714355465,1.3430417776107788,0.0003863832677952063,0.9505819889728405,4655
4.759970855712891,1.225155234336853,0.00038615901097194515,0.9516030222585257,4660
4.879362106323242,1.0729104280471802,0.0003859345982742738,0.9526240555442107,4665
5.080864715576172,1.2558780908584595,0.00038571002995909916,0.9536450888298958,4670
4.259339141845703,1.4410330057144165,0.0003854853062835062,0.954666122115581,4675
4.395195007324219,1.2447963953018188,0.0003852604275047581,0.955687155401266,4680
4.663577270507813,1.1213241815567017,0.0003850353938802952,0.9567081886869512,4685
4.010979843139649,1.308059573173523,0.00038481020566773525,0.9577292219726363,4690
4.310270309448242,1.112983226776123,0.00038458486312487316,0.9587502552583215,4695
4.837030410766602,1.1328202486038208,0.0003843593665096804,0.9597712885440065,4700
4.677862548828125,1.2478046417236328,0.00038413371608030474,0.9607923218296917,4705
3.933099365234375,1.5231642723083496,0.00038390791209506995,0.9618133551153768,4710
4.865875625610352,1.3753103017807007,0.0003836819548124759,0.9628343884010618,4715
4.323580932617188,0.9021029472351074,0.0003834558444911977,0.963855421686747,4720
4.085353851318359,1.004949927330017,0.0003832295813900857,0.9648764549724321,4725
4.816675186157227,1.530250072479248,0.00038300316576816534,0.9658974882581172,4730
4.7350929260253904,1.1731181144714355,0.00038277659788463637,0.9669185215438023,4735
4.326273345947266,1.534273624420166,0.0003825498779988731,0.9679395548294875,4740
4.623677444458008,1.189942479133606,0.0003823230063704236,0.9689605881151726,4745
4.7881927490234375,1.1132258176803589,0.00038209598325900996,0.9699816214008576,4750
4.521700286865235,1.2295138835906982,0.00038186880892452746,0.9710026546865428,4755
5.329054260253907,2.188474655151367,0.0003816414836270446,0.9720236879722279,4760
4.370309448242187,1.0927295684814453,0.0003814140076268026,0.973044721257913,4765
3.9748226165771485,0.8005675673484802,0.0003811863811842153,0.9740657545435981,4770
4.822437286376953,1.13871431350708,0.00038095860455986884,0.9750867878292833,4775
4.906920623779297,1.1992815732955933,0.00038073067801452107,0.9761078211149683,4780
4.719835662841797,0.9378619194030762,0.0003805026018091016,0.9771288544006534,4785
4.114324951171875,1.387187123298645,0.00038027437620471137,0.9781498876863386,4790
4.873943328857422,1.262184977531433,0.0003800460014626224,0.9791709209720237,4795
4.3412834167480465,1.3096821308135986,0.00037981747784427734,0.9801919542577088,4800
4.903014373779297,1.3219982385635376,0.00037958880561128925,0.9812129875433939,4805
4.544545364379883,0.8747225403785706,0.00037935998502544143,0.9822340208290791,4810
4.528097534179688,1.407345175743103,0.00037913101634868694,0.9832550541147641,4815
4.466440200805664,1.6004215478897095,0.0003789018998431486,0.9842760874004493,4820
4.35162239074707,1.2544811964035034,0.000378672635771118,0.9852971206861344,4825
4.012144470214844,1.17449152469635,0.0003784432243950561,0.9863181539718194,4830
4.298092651367187,1.3420193195343018,0.0003782136659775923,0.9873391872575046,4835
4.239228057861328,1.4138201475143433,0.0003779839607815243,0.9883602205431897,4840
4.167561721801758,1.146013855934143,0.0003777541090698179,0.9893812538288749,4845
3.714486312866211,1.514641523361206,0.0003775241111056067,0.9904022871145599,4850
4.01714973449707,1.3902816772460938,0.00037729396715219157,0.9914233204002451,4855
4.152275848388672,1.0328916311264038,0.00037706367747304063,0.9924443536859302,4860
4.622956848144531,1.6623029708862305,0.0003768332423317888,0.9934653869716152,4865
5.157337951660156,2.0423803329467773,0.00037660266199223747,0.9944864202573004,4870
4.620534896850586,1.4021685123443604,0.00037637193671835427,0.9955074535429855,4875
4.409869384765625,1.2603561878204346,0.0003761410667742728,0.9965284868286706,4880
4.349481582641602,1.1944471597671509,0.0003759100524242923,0.9975495201143557,4885
4.559971618652344,1.6197792291641235,0.0003756788939328772,0.9985705534000409,4890
4.2698974609375,1.2438571453094482,0.0003754475915646571,0.999591586685726,4895
4.280580043792725,30.23,13.81,27.96,27.96,558.4827,4.385,2.193,1.0,4897
4.7484886169433596,1.3242923021316528,0.0003752161455844262,1.0006126199714112,4900
4.179985427856446,1.0945239067077637,0.0003749845562571431,1.0016336532570962,4905
4.664386749267578,1.0596671104431152,0.00037475282384793053,1.0026546865427812,4910
4.969469451904297,1.3024777173995972,0.00037452094862207503,1.0036757198284665,4915
4.287149047851562,1.283217430114746,0.0003742889308450267,1.0046967531141515,4920
4.70733871459961,1.4102141857147217,0.00037405677078239873,1.0057177863998366,4925
4.327790069580078,1.0622068643569946,0.00037382446869996716,1.0067388196855218,4930
4.345613479614258,1.5466313362121582,0.00037359202486367076,1.0077598529712068,4935
4.011208724975586,0.6250068545341492,0.00037335943953961063,1.0087808862568919,4940
4.350135040283203,1.614970088005066,0.0003731267129940495,1.0098019195425771,4945
5.113461303710937,2.544201135635376,0.00037289384549341205,1.0108229528282622,4950
4.513187408447266,1.3668688535690308,0.00037266083730428436,1.0118439861139472,4955
4.482553100585937,1.2926304340362549,0.00037242768869341343,1.0128650193996325,4960
4.339164733886719,1.1245229244232178,0.000372194399927707,1.0138860526853175,4965
3.9759632110595704,1.2219887971878052,0.0003719609712742334,1.0149070859710028,4970
4.577401351928711,1.1369601488113403,0.000371727403000221,1.0159281192566878,4975
4.689544677734375,1.1677489280700684,0.000371493695373058,1.0169491525423728,4980
4.9333038330078125,0.9122926592826843,0.00037125984866029225,1.017970185828058,4985
4.236470031738281,1.3783155679702759,0.0003710258631296306,1.0189912191137431,4990
5.057963562011719,1.0889863967895508,0.0003707917390489391,1.0200122523994282,4995
4.578443145751953,1.0392138957977295,0.00037055747668624206,1.0210332856851134,5000
4.229439163208008,1.5083179473876953,0.00037032307630972263,1.0220543189707985,5005
4.998649215698242,1.1028577089309692,0.00037008853818772125,1.0230753522564835,5010
3.7764705657958983,0.9546247720718384,0.0003698538625887367,1.0240963855421688,5015
4.1652778625488285,1.4122766256332397,0.00036961904978142476,1.0251174188278538,5020
4.842745590209961,1.1827934980392456,0.00036938410003459844,1.0261384521135388,5025
4.053728485107422,1.25433349609375,0.00036914901361722745,1.027159485399224,5030
4.426859283447266,1.8416075706481934,0.00036891379079843803,1.0281805186849091,5035
4.307604598999023,1.5286037921905518,0.00036867843184751244,1.0292015519705942,5040
4.334220886230469,1.3648393154144287,0.000368442937033889,1.0302225852562794,5045
4.556814956665039,1.6048028469085693,0.0003682073066271612,1.0312436185419644,5050
4.3284870147705075,1.4391731023788452,0.0003679715408970783,1.0322646518276495,5055
3.949053955078125,1.174343466758728,0.000367735640113544,1.0332856851133347,5060
4.723199844360352,1.5927846431732178,0.0003674996045466168,1.0343067183990198,5065
4.553816223144532,1.26206374168396,0.00036726343446650937,1.0353277516847048,5070
4.880176544189453,1.4900790452957153,0.00036702713014358874,1.03634878497039,5075
4.273009490966797,1.475773572921753,0.0003667906918483752,1.037369818256075,5080
4.547736358642578,1.5517852306365967,0.00036655411985154254,1.0383908515417604,5085
4.4179634094238285,1.5404731035232544,0.0003663174144239177,1.0394118848274454,5090
5.229990386962891,1.5616223812103271,0.00036608057583648024,1.0404329181131304,5095
4.754313278198242,1.0766767263412476,0.0003658436043603624,1.0414539513988157,5100
4.744377899169922,1.228090524673462,0.00036560650026684817,1.0424749846845007,5105
4.096234893798828,1.791089653968811,0.0003653692638273738,1.0434960179701858,5110
4.44425048828125,1.141842246055603,0.0003651318953135267,1.044517051255871,5115
4.008766937255859,1.3457329273223877,0.0003648943949970456,1.045538084541556,5120
4.713155364990234,1.448604941368103,0.0003646567631498201,1.046559117827241,5125
4.60118293762207,1.6752153635025024,0.0003644190000438904,1.0475801511129263,5130
4.432431030273437,1.109054684638977,0.00036418110595144704,1.0486011843986114,5135
4.5834815979003904,1.0731323957443237,0.00036394308114483037,1.0496222176842964,5140
4.712543487548828,1.2491772174835205,0.00036370492589653047,1.0506432509699817,5145
4.1971893310546875,1.483042597770691,0.0003634666404791868,1.0516642842556667,5150
5.024890899658203,1.7830629348754883,0.00036322822516558756,1.0526853175413518,5155
4.118082427978516,1.1865568161010742,0.00036298968022867,1.053706350827037,5160
4.455041122436524,1.150456428527832,0.00036275100594151965,1.054727384112722,5165
3.7390419006347657,1.7371753454208374,0.0003625122025773699,1.0557484173984073,5170
4.097373199462891,0.9526687264442444,0.00036227327040960235,1.0567694506840923,5175
4.600837707519531,1.2944875955581665,0.0003620342097117456,1.0577904839697774,5180
4.436639404296875,1.5884579420089722,0.00036179502075747575,1.0588115172554626,5185
4.421703338623047,1.1328147649765015,0.0003615557038206153,1.0598325505411477,5190
3.9670909881591796,1.133224368095398,0.00036131625917513386,1.0608535838268327,5195
4.668486785888672,1.497012972831726,0.0003610766870951468,1.061874617112518,5200
4.652043151855469,1.4395250082015991,0.00036083698785491534,1.062895650398203,5205
4.56136474609375,1.5051047801971436,0.0003605971617288466,1.063916683683888,5210
3.828011703491211,0.9253118634223938,0.0003603572089914927,1.0649377169695733,5215
4.2371978759765625,2.002124547958374,0.00036011712991755075,1.0659587502552583,5220
4.4799243927001955,1.272013783454895,0.00035987692478186255,1.0669797835409434,5225
4.262943267822266,1.2114150524139404,0.00035963659385941426,1.0680008168266286,5230
5.06461181640625,1.2252978086471558,0.0003593961374253359,1.0690218501123137,5235
4.961383438110351,1.222496747970581,0.0003591555557549014,1.0700428833979987,5240
4.797874069213867,1.2448753118515015,0.00035891484912352757,1.071063916683684,5245
4.358084106445313,1.5952255725860596,0.0003586740178067749,1.072084949969369,5250
4.651225280761719,1.2200767993927002,0.0003584330620803462,1.073105983255054,5255
4.458130645751953,1.6779043674468994,0.00035819198222008684,1.0741270165407393,5260
4.211128997802734,1.3497270345687866,0.00035795077850198445,1.0751480498264243,5265
4.17170295715332,1.2453689575195312,0.0003577094512021681,1.0761690831121093,5270
4.629431915283203,1.4464211463928223,0.00035746800059690854,1.0771901163977946,5275
4.4474529266357425,1.406531810760498,0.0003572264269626177,1.0782111496834796,5280
4.350131225585938,1.2599260807037354,0.00035698473057584843,1.079232182969165,5285
3.7609989166259767,1.7757943868637085,0.0003567429117132938,1.08025321625485,5290
4.7038532257080075,1.1207181215286255,0.00035650097065178745,1.081274249540535,5295
4.686411285400391,1.4425184726715088,0.0003562589076683027,1.0822952828262202,5300
4.492153930664062,1.1947524547576904,0.0003560167230399525,1.0833163161119053,5305
4.65881576538086,1.43094801902771,0.0003557744170439891,1.0843373493975903,5310
4.636744689941406,1.1334658861160278,0.0003555319899578036,1.0853583826832756,5315
5.000500106811524,1.4256870746612549,0.00035528944205892566,1.0863794159689606,5320
4.8646598815917965,1.0003024339675903,0.0003550467736250235,1.0874004492546456,5325
4.287596893310547,1.4756861925125122,0.0003548039849339032,1.0884214825403309,5330
4.679917907714843,1.272339940071106,0.00035456107626350835,1.089442515826016,5335
4.603333282470703,0.8547382950782776,0.00035431804789192025,1.090463549111701,5340
4.457856750488281,1.12764310836792,0.00035407490009735674,1.0914845823973862,5345
4.051859664916992,1.3124675750732422,0.000353831633158173,1.0925056156830713,5350
4.403282165527344,1.3751779794692993,0.00035358824735286,1.0935266489687563,5355
4.5333610534667965,1.20824134349823,0.00035334474296004517,1.0945476822544415,5360
3.9814762115478515,1.0816307067871094,0.00035310112025849146,1.0955687155401266,5365
4.873170471191406,1.2911428213119507,0.00035285737952709745,1.0965897488258118,5370
3.650421905517578,1.469158411026001,0.00035261352104489684,1.0976107821114969,5375
4.105324554443359,1.2701716423034668,0.0003523695450910579,1.098631815397182,5380
4.086075973510742,1.6482727527618408,0.00035212545194488376,1.099652848682867,5385
4.5048164367675785,0.9514206051826477,0.00035188124188581125,1.1006738819685522,5390
4.341023635864258,1.1715718507766724,0.0003516369151934115,1.1016949152542372,5395
4.354820251464844,1.5404480695724487,0.00035139247214738874,1.1027159485399225,5400
5.1524200439453125,1.2427698373794556,0.00035114791302758074,1.1037369818256075,5405
4.2721607208251955,0.9531067609786987,0.000350903238113958,1.1047580151112926,5410
4.258568572998047,1.2030408382415771,0.00035065844768662345,1.1057790483969778,5415
3.6184234619140625,0.8357652425765991,0.0003504135420258127,1.1068000816826629,5420
4.450537872314453,1.124433994293213,0.0003501685214118927,1.107821114968348,5425
4.3154747009277346,1.8865400552749634,0.00034992338612536245,1.1088421482540332,5430
4.257925796508789,0.8814065456390381,0.000349678136446852,1.1098631815397182,5435
4.326896667480469,1.4742573499679565,0.0003494327726571224,1.1108842148254032,5440
4.457235717773438,1.5430980920791626,0.00034918729503706546,1.1119052481110885,5445
4.279733657836914,0.8558482527732849,0.000348941703867703,1.1129262813967735,5450
4.004705810546875,1.61800217628479,0.00034869599943018715,1.1139473146824586,5455
3.541086196899414,0.9110141396522522,0.00034845018200579963,1.1149683479681438,5460
3.940461349487305,1.3251627683639526,0.00034820425187595126,1.1159893812538288,5465
4.091163635253906,1.2948848009109497,0.00034795820932218235,1.1170104145395139,5470
4.226254272460937,1.1825934648513794,0.0003477120546261615,1.1180314478251991,5475
3.6392765045166016,1.2032716274261475,0.0003474657880696859,1.1190524811108842,5480
4.305319595336914,1.271749496459961,0.00034721940993468056,1.1200735143965694,5485
4.518911743164063,1.4669045209884644,0.0003469729205031985,1.1210945476822545,5490
4.206330108642578,0.9520015120506287,0.0003467263200574202,1.1221155809679395,5495
4.380898284912109,1.2772108316421509,0.0003464796088796529,1.1231366142536248,5500
4.770822143554687,1.1500300168991089,0.00034623278725233074,1.1241576475393098,5505
4.975030517578125,1.299842357635498,0.0003459858554580146,1.1251786808249948,5510
4.225917816162109,1.3217778205871582,0.00034573881377939104,1.12619971411068,5515
4.32574462890625,1.2863701581954956,0.0003454916624992725,1.1272207473963651,5520
4.441050720214844,1.2249935865402222,0.00034524440190059736,1.1282417806820502,5525
3.907602310180664,1.3292325735092163,0.00034499703226642834,1.1292628139677354,5530
4.40197868347168,1.3298536539077759,0.0003447495538799537,1.1302838472534205,5535
4.167859649658203,1.1650444269180298,0.00034450196702448586,1.1313048805391055,5540
4.133365631103516,0.8716851472854614,0.0003442542719834615,1.1323259138247908,5545
3.735188674926758,6.789207458496094,0.0003440064690404412,1.1333469471104758,5550
4.318847274780273,1.022146463394165,0.00034375855847910877,1.1343679803961608,5555
3.457967758178711,0.6002578139305115,0.00034351054058327156,1.135389013681846,5560
3.9775524139404297,1.4367940425872803,0.0003432624156368598,1.1364100469675311,5565
3.7902130126953124,1.3591573238372803,0.00034301418392392594,1.1374310802532164,5570
3.9599300384521485,1.1014654636383057,0.000342765845728645,1.1384521135389014,5575
4.249516296386719,1.0400463342666626,0.00034251740133531375,1.1394731468245864,5580
4.253546524047851,1.2724226713180542,0.0003422688510283506,1.1404941801102715,5585
4.289990615844727,1.2251307964324951,0.0003420201950922951,1.1415152133959567,5590
4.697330474853516,1.3302743434906006,0.00034177143381180776,1.1425362466816418,5595
4.640982055664063,1.679248571395874,0.0003415225674716699,1.143557279967327,5600
4.191941452026367,1.3724825382232666,0.0003412735963567826,1.144578313253012,5605
4.49816665649414,1.2552827596664429,0.0003410245207521675,1.145599346538697,5610
5.0129447937011715,1.3838083744049072,0.00034077534094296546,1.1466203798243824,5615
3.9522781372070312,0.8372849225997925,0.0003405260572144368,1.1476414131100674,5620
3.374446487426758,1.5441843271255493,0.0003402766698519607,1.1486624463957524,5625
4.287878036499023,1.3141728639602661,0.00034002717914103514,1.1496834796814377,5630
4.237528228759766,1.344435691833496,0.00033977758536727617,1.1507045129671227,5635
4.558034896850586,1.2137300968170166,0.00033952788881641793,1.1517255462528078,5640
4.77160415649414,1.3715533018112183,0.0003392780897743125,1.152746579538493,5645
4.1055755615234375,1.309602975845337,0.00033902818852692867,1.153767612824178,5650
4.174034118652344,1.1402395963668823,0.00033877818536035285,1.154788646109863,5655
4.449495697021485,1.17361581325531,0.00033852808056078796,1.1558096793955484,5660
4.427835083007812,1.2878485918045044,0.0003382778744145531,1.1568307126812334,5665
4.367653656005859,1.3701525926589966,0.0003380275672080834,1.1578517459669184,5670
4.175651550292969,0.9564674496650696,0.0003377771592279298,1.1588727792526037,5675
4.4327751159667965,1.2028162479400635,0.00033752665076075875,1.1598938125382887,5680
4.350992202758789,1.5325242280960083,0.0003372760420933513,1.160914845823974,5685
4.314148712158203,0.9419272541999817,0.00033702533351260357,1.161935879109659,5690
3.66298828125,1.117584466934204,0.00033677452530552594,1.162956912395344,5695
4.369274139404297,1.3777462244033813,0.000336523617759243,1.163977945681029,5700
4.472772216796875,1.381271481513977,0.0003362726111609928,1.1649989789667143,5705
4.554005813598633,1.028825283050537,0.00033602150579812684,1.1660200122523994,5710
4.526215362548828,1.3197574615478516,0.00033577030195811,1.1670410455380846,5715
4.389517974853516,0.9066714644432068,0.0003355189999285194,1.1680620788237697,5720
4.773890686035156,1.501021146774292,0.00033526759999704493,1.1690831121094547,5725
4.248865127563477,1.397039771080017,0.0003350161024514884,1.17010414539514,5730
4.42590103149414,1.3638254404067993,0.0003347645075797635,1.171125178680825,5735
3.540105438232422,0.907224714756012,0.0003345128156698952,1.17214621196651,5740
3.914654541015625,0.31519296765327454,0.0003342610270100195,1.1731672452521953,5745
4.4432415008544925,1.7857719659805298,0.00033400914188838355,1.1741882785378803,5750
3.614451599121094,1.4542495012283325,0.00033375716059334446,1.1752093118235654,5755
4.708234405517578,1.5306713581085205,0.0003335050834133695,1.1762303451092506,5760
4.020109558105469,1.971289038658142,0.00033325291063703613,1.1772513783949357,5765
4.322710800170898,1.2827974557876587,0.00033300064255303077,1.178272411680621,5770
4.261834335327149,1.3308590650558472,0.0003327482794501491,1.179293444966306,5775
4.549309158325196,1.4030975103378296,0.0003324958216172959,1.180314478251991,5780
4.783025741577148,1.444806456565857,0.0003322432693434837,1.181335511537676,5785
4.203630828857422,1.0638684034347534,0.0003319906229178339,1.1823565448233613,5790
4.487903213500976,1.9340933561325073,0.00033173788262957503,1.1833775781090463,5795
4.403845596313476,1.8446648120880127,0.0003314850487680437,1.1843986113947316,5800
5.246744918823242,1.3506386280059814,0.0003312321216226831,1.1854196446804166,5805
5.096607208251953,1.4046379327774048,0.0003309791014830435,1.1864406779661016,5810
4.888330078125,1.1973509788513184,0.00033072598863878155,1.187461711251787,5815
4.467069625854492,1.9408003091812134,0.0003304727833796601,1.188482744537472,5820
4.8761638641357425,1.5958226919174194,0.00033021948599554776,1.189503777823157,5825
4.447879791259766,1.2740843296051025,0.00032996609677641837,1.1905248111088422,5830
3.936920166015625,2.2124569416046143,0.0003297126160123514,1.1915458443945273,5835
4.618528747558594,1.3264352083206177,0.00032945904399353065,1.1925668776802123,5840
4.860440826416015,1.4155036211013794,0.0003292053810102447,1.1935879109658976,5845
4.593498611450196,1.3668078184127808,0.00032895162735288596,1.1946089442515826,5850
4.879579544067383,1.2733856439590454,0.000328697783311951,1.1956299775372676,5855
4.714102554321289,2.6843459606170654,0.00032844384917803967,1.1966510108229529,5860
4.701189422607422,1.3600974082946777,0.0003281898252418549,1.197672044108638,5865
3.5824504852294923,0.9103894233703613,0.00032793571179420253,1.198693077394323,5870
4.636952590942383,1.5883674621582031,0.0003276815091259908,1.1997141106800082,5875
4.330055999755859,1.6282098293304443,0.0003274272175282301,1.2007351439656933,5880
4.715568542480469,1.2966983318328857,0.00032717283729203283,1.2017561772513785,5885
4.432884216308594,1.1417685747146606,0.00032691836870861257,1.2027772105370635,5890
3.8719276428222655,1.0697990655899048,0.0003266638120692842,1.2037982438227486,5895
4.419731521606446,1.8971811532974243,0.00032640916766546327,1.2048192771084336,5900
4.390501403808594,1.2303858995437622,0.000326154435788666,1.2058403103941189,5905
4.5315391540527346,1.3830662965774536,0.0003258996167305086,1.206861343679804,5910
4.421777725219727,1.3575674295425415,0.0003256447107827071,1.2078823769654892,5915
4.092866134643555,1.203832983970642,0.0003253897182370771,1.2089034102511742,5920
4.342105102539063,0.9494339227676392,0.0003251346393855333,1.2099244435368592,5925
4.2738700866699215,1.2126749753952026,0.00032487947452008905,1.2109454768225445,5930
4.354834365844726,1.1619503498077393,0.00032462422393285634,1.2119665101082295,5935
4.568414688110352,1.5984809398651123,0.00032436888791604533,1.2129875433939146,5940
4.498110580444336,1.0537971258163452,0.00032411346676196383,1.2140085766795998,5945
4.2249610900878904,1.622600793838501,0.0003238579607630171,1.2150296099652849,5950
4.2806449890136715,1.364868402481079,0.00032360237021170773,1.21605064325097,5955
4.893561553955078,0.9049861431121826,0.000323346695400635,1.2170716765366552,5960
4.176525497436524,2.651094913482666,0.00032309093662249446,1.2180927098223402,5965
4.366626739501953,1.2783297300338745,0.0003228350941700781,1.2191137431080252,5970
4.282350158691406,1.4325374364852905,0.00032257916833627355,1.2201347763937105,5975
3.5265628814697267,1.267198920249939,0.0003223231594140639,1.2211558096793955,5980
4.265536117553711,1.6541633605957031,0.0003220670676965273,1.2221768429650806,5985
3.996825408935547,1.1439090967178345,0.0003218108934768369,1.2231978762507658,5990
4.11333999633789,0.9020006060600281,0.00032155463704826,1.2242189095364508,5995
4.79974250793457,2.012289524078369,0.00032129829870415817,1.225239942822136,6000
4.540138244628906,1.7206647396087646,0.00032104187873798677,1.2262609761078211,6005
4.460136413574219,1.5188231468200684,0.00032078537744329464,1.2272820093935062,6010
4.882099533081055,1.9718188047409058,0.00032052879511372355,1.2283030426791914,6015
5.055137634277344,1.2914049625396729,0.0003202721320430082,1.2293240759648765,6020
3.9537864685058595,1.2025617361068726,0.00032001538852497575,1.2303451092505615,6025
3.5423240661621094,1.0703046321868896,0.0003197585648535453,1.2313661425362468,6030
4.491687774658203,1.497449278831482,0.00031950166132272773,1.2323871758219318,6035
4.421209335327148,1.3604553937911987,0.0003192446782266255,1.2334082091076168,6040
4.752950286865234,1.1888421773910522,0.00031898761585943204,1.234429242393302,6045
4.439838027954101,1.1827079057693481,0.0003187304745154315,1.2354502756789871,6050
4.283507537841797,1.41025710105896,0.00031847325448899845,1.2364713089646722,6055
4.29017333984375,1.3709362745285034,0.0003182159560745977,1.2374923422503574,6060
4.72315788269043,1.5128391981124878,0.00031795857956678353,1.2385133755360425,6065
4.407340621948242,1.7410293817520142,0.0003177011252601999,1.2395344088217275,6070
4.682089996337891,1.693063497543335,0.0003174435934495796,1.2405554421074128,6075
4.339372253417968,1.6120238304138184,0.0003171859844297443,1.2415764753930978,6080
3.9923751831054686,1.4617810249328613,0.0003169282984956039,1.242597508678783,6085
3.6654788970947267,1.175658941268921,0.0003166705359421566,1.243618541964468,6090
4.359771728515625,1.177090048789978,0.0003164126970644881,1.2446395752501531,6095
4.565203094482422,1.3595945835113525,0.00031615478215777146,1.2456606085358382,6100
4.958739471435547,2.4075541496276855,0.0003158967915172669,1.2466816418215234,6105
4.514812088012695,1.2797483205795288,0.00031563872543832137,1.2477026751072084,6110
3.924454116821289,1.3864673376083374,0.0003153805842163682,1.2487237083928937,6115
3.986499786376953,1.2001324892044067,0.0003151223681469263,1.2497447416785787,6120
4.351331329345703,1.4016097784042358,0.000314864077525601,1.2507657749642638,6125
4.778781127929688,1.433031439781189,0.00031460571264808234,1.2517868082499488,6130
4.359597015380859,1.3178040981292725,0.0003143472738101458,1.252807841535634,6135
4.027393341064453,1.8144783973693848,0.0003140887613076512,1.253828874821319,6140
3.8639881134033205,1.1615492105484009,0.00031383017543654303,1.2548499081070044,6145
4.29686393737793,1.9287031888961792,0.0003135715164928494,1.2558709413926894,6150
4.749387741088867,1.5062000751495361,0.0003133127847726824,1.2568919746783744,6155
4.665304565429688,1.5068602561950684,0.0003130539805722372,1.2579130079640597,6160
4.02680778503418,1.1905471086502075,0.0003127951041877921,1.2589340412497447,6165
4.128306579589844,1.0123355388641357,0.0003125361559157079,1.25995507453543,6170
4.334236145019531,1.4418513774871826,0.0003122771360524278,1.260976107821115,6175
4.088006591796875,1.2169950008392334,0.00031201804489447703,1.2619971411068,6180
3.962109375,0.770776629447937,0.0003117588827384623,1.263018174392485,6185
4.559976959228516,1.3004790544509888,0.0003114996498810715,1.2640392076781704,6190
5.219858551025391,1.2039482593536377,0.00031124034661907373,1.2650602409638554,6195
4.754745101928711,1.1550735235214233,0.0003109809732493185,1.2660812742495406,6200
4.5868377685546875,1.9808987379074097,0.00031072153006873567,1.2671023075352257,6205
3.9527191162109374,1.32210111618042,0.000310462017374335,1.2681233408209107,6210
3.3893692016601564,1.2777379751205444,0.0003102024354632057,1.2691443741065958,6215
4.919239807128906,1.1614137887954712,0.00030994278463251647,1.270165407392281,6220
4.518017578125,1.3884185552597046,0.0003096830651795146,1.271186440677966,6225
4.522875595092773,1.7201595306396484,0.0003094232774015263,1.2722074739636513,6230
4.368737030029297,1.6149078607559204,0.0003091634215959558,1.2732285072493363,6235
4.59655647277832,1.1968464851379395,0.000308903498060285,1.2742495405350214,6240
4.278970336914062,1.3378329277038574,0.00030864350709207373,1.2752705738207066,6245
4.849259948730468,1.2571940422058105,0.00030838344898895877,1.2762916071063917,6250
4.19361457824707,2.856419563293457,0.00030812332404865384,1.2773126403920767,6255
4.422078704833984,2.0545361042022705,0.00030786313256894916,1.278333673677762,6260
4.185779571533203,1.4446824789047241,0.00030760287484771123,1.279354706963447,6265
5.147349548339844,2.4681293964385986,0.0003073425511828821,1.280375740249132,6270
4.490654754638672,1.2558823823928833,0.0003070821618724796,1.2813967735348173,6275
4.819695663452149,1.3116538524627686,0.0003068217072145965,1.2824178068205023,6280
4.608760833740234,1.3451306819915771,0.00030656118750740056,1.2834388401061876,6285
4.231686401367187,1.1042609214782715,0.0003063006030491339,1.2844598733918726,6290
3.9636253356933593,1.003832459449768,0.0003060399541381128,1.2854809066775577,6295
4.324359130859375,1.2676478624343872,0.0003057792410727274,1.2865019399632427,6300
4.435485458374023,1.1351861953735352,0.00030551846415144103,1.287522973248928,6305
4.0649864196777346,0.7848843336105347,0.00030525762367279035,1.288544006534613,6310
4.038142395019531,1.3545795679092407,0.0003049967199353849,1.2895650398202982,6315
4.576163864135742,1.5958329439163208,0.0003047357532379063,1.2905860731059833,6320
4.40204963684082,1.299114465713501,0.0003044747238791083,1.2916071063916683,6325
3.9384666442871095,1.3133002519607544,0.0003042136321578167,1.2926281396773533,6330
3.855540084838867,1.5516092777252197,0.0003039524783729284,1.2936491729630386,6335
4.564781570434571,1.0886077880859375,0.00030369126282341156,1.2946702062487236,6340
4.778572845458984,2.7105588912963867,0.00030342998580830464,1.295691239534409,6345
4.68383903503418,1.7949186563491821,0.0003031686476267171,1.296712272820094,6350
4.185387802124024,1.3067289590835571,0.0003029072485778278,1.297733306105779,6355
4.933392333984375,1.4510843753814697,0.00030264578896088576,1.2987543393914642,6360
3.6512424468994142,1.3559203147888184,0.0003023842690752089,1.2997753726771493,6365
3.9496246337890626,1.2744033336639404,0.0003021226892201845,1.3007964059628345,6370
4.266556167602539,1.1034152507781982,0.0003018610496952684,1.3018174392485196,6375
4.556954193115234,1.3977775573730469,0.0003015993507999847,1.3028384725342046,6380
5.358653259277344,1.3331208229064941,0.0003013375928339254,1.3038595058198896,6385
3.768418884277344,1.4126405715942383,0.0003010757760967503,1.3048805391055749,6390
4.1606903076171875,1.8743367195129395,0.0003008139008881863,1.30590157239126,6395
4.316201019287109,1.5315335988998413,0.0003005519675080273,1.3069226056769452,6400
3.5814540863037108,0.9396282434463501,0.0003002899762561339,1.3079436389626302,6405
4.378015518188477,0.9465160965919495,0.0003000279274324328,1.3089646722483153,6410
4.541777420043945,1.3916921615600586,0.00029976582133691673,1.3099857055340003,6415
4.226976776123047,1.453099012374878,0.00029950365826964394,1.3110067388196855,6420
3.680838775634766,1.144354224205017,0.0002992414385307378,1.3120277721053706,6425
3.75648193359375,1.0650278329849243,0.0002989791624203867,1.3130488053910558,6430
4.617102813720703,1.702109694480896,0.0002987168302388435,1.3140698386767409,6435
4.156208038330078,1.140093207359314,0.00029845444228642545,1.315090871962426,6440
4.317607879638672,1.3872960805892944,0.0002981919988635131,1.3161119052481112,6445
4.550711441040039,1.6538270711898804,0.0002979295002705511,1.3171329385337962,6450
3.4365463256835938,1.3867878913879395,0.00029766694680804693,1.3181539718194812,6455
4.912525939941406,1.5166983604431152,0.000297404338776571,1.3191750051051665,6460
4.453432846069336,1.2278194427490234,0.00029714167647675624,1.3201960383908515,6465
3.8485313415527345,0.8341783881187439,0.0002968789602092975,1.3212170716765366,6470
3.871968460083008,1.2523821592330933,0.0002966161902749517,1.3222381049622218,6475
4.379154205322266,1.6752594709396362,0.00029635336697453687,1.3232591382479069,6480
3.910159683227539,1.1729522943496704,0.0002960904906089323,1.3242801715335921,6485
3.6982131958007813,3.1167538166046143,0.0002958275614790782,1.3253012048192772,6490
4.392314529418945,0.9706592559814453,0.0002955645798859749,1.3263222381049622,6495
4.3442840576171875,1.7534979581832886,0.00029530154613068287,1.3273432713906472,6500
4.552587890625,1.1802750825881958,0.0002950384605143225,1.3283643046763325,6505
4.536536407470703,1.0414495468139648,0.0002947753233380732,1.3293853379620175,6510
4.049085998535157,1.364298939704895,0.00029451213490317373,1.3304063712477028,6515
4.243448257446289,2.0417518615722656,0.0002942488955109212,1.3314274045333878,6520
4.659014129638672,1.299507975578308,0.0002939856054626715,1.3324484378190729,6525
4.166644287109375,1.2914772033691406,0.000293722265059838,1.3334694711047579,6530
4.513699340820312,3.173081636428833,0.0002934588746038921,1.3344905043904431,6535
4.649518203735352,1.4732565879821777,0.00029319543439636236,1.3355115376761282,6540
4.471320343017578,1.597227931022644,0.0002929319447388344,1.3365325709618134,6545
5.080914306640625,1.2663859128952026,0.0002926684059329502,1.3375536042474985,6550
4.898156356811524,2.1420247554779053,0.0002924048182804082,1.3385746375331835,6555
4.867582702636719,1.3238136768341064,0.0002921411820829627,1.3395956708188688,6560
4.206093597412109,1.3846170902252197,0.0002918774976424237,1.3406167041045538,6565
4.385168838500976,1.1678731441497803,0.00029161376526065625,1.341637737390239,6570
4.67297134399414,1.7642470598220825,0.00029134998523958034,1.342658770675924,6575
3.9352691650390623,1.4192078113555908,0.00029108615788117056,1.3436798039616091,6580
4.744447326660156,1.078431248664856,0.0002908222834874556,1.3447008372472942,6585
5.013552856445313,1.2300009727478027,0.00029055836236051806,1.3457218705329794,6590
4.334707260131836,1.4936538934707642,0.0002902943948024941,1.3467429038186645,6595
5.0035850524902346,1.2366688251495361,0.0002900303811155729,1.3477639371043497,6600
4.352194976806641,0.9034479856491089,0.0002897663216019964,1.3487849703900348,6605
3.3964092254638674,1.6844629049301147,0.0002895022165640592,1.3498060036757198,6610
4.448776626586914,1.4257214069366455,0.0002892380663041079,1.3508270369614048,6615
4.332079315185547,1.8227736949920654,0.0002889738711245409,1.35184807024709,6620
4.231229400634765,1.437599778175354,0.0002887096313278081,1.3528691035327751,6625
4.213790512084961,1.1752732992172241,0.0002884453472164104,1.3538901368184604,6630
3.849249267578125,1.7661278247833252,0.00028818101909289923,1.3549111701041454,6635
4.702978134155273,1.2049793004989624,0.00028791664725987665,1.3559322033898304,6640
4.295361328125,1.596409559249878,0.0002876522320199949,1.3569532366755155,6645
4.0100055694580075,1.2293620109558105,0.0002873877736759555,1.3579742699612007,6650
4.69213981628418,1.0342613458633423,0.00028712327253050963,1.3589953032468858,6655
5.01616096496582,1.2785438299179077,0.00028685872888645735,1.360016336532571,6660
4.09830322265625,1.2015354633331299,0.00028659414304664754,1.361037369818256,6665
4.33349380493164,1.083940029144287,0.000286329515313977,1.362058403103941,6670
5.1824298858642575,2.825874090194702,0.0002860648459913909,1.3630794363896264,6675
4.537737274169922,0.9069753289222717,0.0002858001353818819,1.3641004696753114,6680
4.58759765625,1.5306267738342285,0.00028553538378848966,1.3651215029609967,6685
4.714848327636719,1.4223581552505493,0.00028527059151430115,1.3661425362466817,6690
3.905073547363281,1.772527813911438,0.0002850057588624496,1.3671635695323667,6695
4.491138076782226,1.6402829885482788,0.0002847408861361148,1.3681846028180518,6700
4.302394866943359,1.7877130508422852,0.0002844759736385221,1.369205636103737,6705
5.0579071044921875,1.716239333152771,0.00028421102167294245,1.370226669389422,6710
4.548797988891602,0.8472817540168762,0.0002839460305426921,1.3712477026751073,6715
4.55196533203125,1.4141544103622437,0.00028368100055113215,1.3722687359607924,6720
4.445038223266602,1.2839536666870117,0.0002834159320016679,1.3732897692464774,6725
4.6716758728027346,1.3654885292053223,0.00028315082519774913,1.3743108025321624,6730
3.722085189819336,0.8288043141365051,0.0002828856804428694,1.3753318358178477,6735
4.434070205688476,1.363831877708435,0.0002826204980405653,1.3763528691035327,6740
4.22822265625,1.410372018814087,0.0002823552782944171,1.377373902389218,6745
4.4651329040527346,1.1977025270462036,0.0002820900215080474,1.378394935674903,6750
4.611715698242188,2.0358505249023438,0.0002818247279851213,1.379415968960588,6755
4.3963878631591795,1.6593860387802124,0.00028155939802934605,1.3804370022462733,6760
3.7683738708496093,1.1528440713882446,0.0002812940319444706,1.3814580355319583,6765
4.689387512207031,1.4467750787734985,0.00028102863003428506,1.3824790688176434,6770
4.386410140991211,1.2718355655670166,0.00028076319260262087,1.3835001021033286,6775
4.2559150695800785,1.3940489292144775,0.00028049771995334997,1.3845211353890137,6780
3.890945053100586,1.1513324975967407,0.0002802322123903845,1.3855421686746987,6785
4.066119766235351,3.470254421234131,0.0002799666702176769,1.386563201960384,6790
4.348060607910156,1.3409981727600098,0.00027970109373921874,1.387584235246069,6795
4.373859786987305,0.9720080494880676,0.0002794354832590413,1.3886052685317543,6800
3.580120086669922,1.522416114807129,0.0002791698390812147,1.3896263018174393,6805
3.8569992065429686,1.0537281036376953,0.00027890416150984734,1.3906473351031243,6810
4.726847839355469,1.5913875102996826,0.00027863845084908625,1.3916683683888094,6815
5.1428276062011715,1.4377115964889526,0.0002783727074031161,1.3926894016744946,6820
4.3879741668701175,1.7461230754852295,0.00027810693147615925,1.3937104349601797,6825
4.167533111572266,1.443437933921814,0.00027784112337247497,1.394731468245865,6830
4.493994903564453,2.105762004852295,0.0002775752833963597,1.39575250153155,6835
4.883349990844726,0.9824037551879883,0.00027730941185214624,1.396773534817235,6840
3.8792278289794924,1.2398265600204468,0.0002770435090442033,1.39779456810292,6845
4.654644775390625,1.5662614107131958,0.00027677757527693576,1.3988156013886053,6850
4.034320831298828,1.1299914121627808,0.00027651161085478376,1.3998366346742903,6855
4.815473937988282,1.2650076150894165,0.00027624561608222256,1.4008576679599756,6860
4.407013702392578,1.6569780111312866,0.00027597959126376194,1.4018787012456606,6865
4.319251251220703,1.3136407136917114,0.0002757135367039465,1.4028997345313456,6870
5.005370712280273,1.5858166217803955,0.00027544745270735463,1.403920767817031,6875
4.536688995361328,1.9523911476135254,0.00027518133957859825,1.404941801102716,6880
4.458516693115234,2.0009636878967285,0.0002749151976223232,1.4059628343884012,6885
4.164638900756836,0.9159501791000366,0.0002746490271432076,1.4069838676740862,6890
4.783619689941406,1.6101069450378418,0.00027438282844596286,1.4080049009597713,6895
4.383489608764648,1.116824984550476,0.00027411660183533225,1.4090259342454563,6900
4.6412300109863285,1.066179871559143,0.00027385034761609136,1.4100469675311416,6905
4.189365386962891,1.023868203163147,0.00027358406609304694,1.4110680008168266,6910
4.471424865722656,1.0064729452133179,0.00027331775757103734,1.4120890341025119,6915
4.455890274047851,0.9900456666946411,0.00027305142235493175,1.4131100673881969,6920
4.813941955566406,1.4789165258407593,0.00027278506074962993,1.414131100673882,6925
3.96942024230957,1.4291938543319702,0.00027251867306006165,1.415152133959567,6930
4.221519088745117,1.6209042072296143,0.0002722522595911869,1.4161731672452522,6935
4.310677719116211,1.4348942041397095,0.0002719858206479949,1.4171942005309373,6940
3.748857879638672,1.1123236417770386,0.00027171935653550416,1.4182152338166225,6945
4.4491222381591795,1.1756885051727295,0.00027145286755876185,1.4192362671023075,6950
4.495718383789063,1.8412160873413086,0.00027118635402284384,1.4202573003879926,6955
3.9324825286865233,1.8818901777267456,0.00027091981623285393,1.4212783336736778,6960
4.168097686767578,1.9832226037979126,0.0002706532544939238,1.4222993669593629,6965
4.108073806762695,1.3196625709533691,0.0002703866691112124,1.423320400245048,6970
4.612878799438477,1.2652699947357178,0.000270120060389906,1.4243414335307332,6975
4.477696228027344,2.8972647190093994,0.0002698534286352173,1.4253624668164182,6980
5.0853424072265625,1.5997412204742432,0.00026958677415238547,1.4263835001021032,6985
4.633419799804687,1.6504175662994385,0.0002693200972466759,1.4274045333877885,6990
4.345957183837891,1.6668568849563599,0.0002690533982233793,1.4284255666734735,6995
4.44879264831543,1.8064383268356323,0.000268786677387812,1.4294465999591588,7000
4.243446731567383,1.5901119709014893,0.0002685199350453151,1.4304676332448438,7005
4.559223556518555,1.352028250694275,0.00026825317150125437,1.4314886665305289,7010
4.811696624755859,1.1691170930862427,0.00026798638706102007,1.432509699816214,7015
4.569287109375,1.184285283088684,0.000267719582030026,1.4335307331018992,7020
4.226513671875,1.2045234441757202,0.0002674527567137098,1.4345517663875842,7025
4.67779426574707,0.8634305596351624,0.0002671859114175323,1.4355727996732695,7030
4.782305145263672,1.244992733001709,0.0002669190464469771,1.4365938329589545,7035
4.452783584594727,1.7475249767303467,0.00026665216210755035,1.4376148662446395,7040
4.790356063842774,1.7591493129730225,0.0002663852587047805,1.4386358995303246,7045
4.280392456054687,1.4972295761108398,0.0002661183365442176,1.4396569328160098,7050
4.350480270385742,1.623397946357727,0.0002658513959314334,1.4406779661016949,7055
4.057077026367187,0.8884092569351196,0.0002655844371720207,1.44169899938738,7060
4.08064079284668,1.067718505859375,0.0002653174605715931,1.4427200326730651,7065
4.263267517089844,1.133583903312683,0.00026505046643578444,1.4437410659587502,7070
4.3119560241699215,1.3857929706573486,0.0002647834550702489,1.4447620992444354,7075
3.678223419189453,1.3360570669174194,0.00026451642678066014,1.4457831325301205,7080
3.8931224822998045,1.6206822395324707,0.0002642493818727113,1.4468041658158057,7085
3.8772216796875,1.1152794361114502,0.0002639823206521146,1.4478251991014908,7090
4.550138092041015,1.6109864711761475,0.0002637152434246011,1.4488462323871758,7095
4.585157775878907,1.9542020559310913,0.0002634481504959197,1.4498672656728608,7100
4.346233749389649,1.0432015657424927,0.0002631810421718375,1.450888298958546,7105
4.472983932495117,1.6628321409225464,0.0002629139187581396,1.4519093322442311,7110
4.762096786499024,2.1766903400421143,0.0002626467805606278,1.4529303655299164,7115
4.683016967773438,1.2761157751083374,0.00026237962788512104,1.4539513988156014,7120
4.658213043212891,1.3541488647460938,0.00026211246103745507,1.4549724321012865,7125
4.2491710662841795,1.053602933883667,0.00026184528032348147,1.4559934653869715,7130
5.0270545959472654,1.4267178773880005,0.0002615780860490681,1.4570144986726568,7135
4.312426376342773,1.2440760135650635,0.00026131087852009787,1.4580355319583418,7140
4.2892601013183596,1.35360848903656,0.00026104365804246934,1.459056565244027,7145
4.316989898681641,1.2204880714416504,0.00026077642492209556,1.460077598529712,7150
3.944168472290039,1.1551496982574463,0.00026050917946490417,1.4610986318153971,7155
4.0263324737548825,1.5899934768676758,0.000260241921976837,1.4621196651010824,7160
4.651557922363281,1.5505778789520264,0.0002599746527638496,1.4631406983867674,7165
3.5796142578125,0.9974598288536072,0.0002597073721319108,1.4641617316724524,7170
4.033784484863281,1.4985120296478271,0.0002594400803870027,1.4651827649581377,7175
4.3815765380859375,0.9258337616920471,0.00025917277783512016,1.4662037982438227,7180
4.315597152709961,1.4027252197265625,0.0002589054647822702,1.4672248315295078,7185
4.486631393432617,1.328393816947937,0.00025863814153447197,1.468245864815193,7190
4.262171936035156,1.0454682111740112,0.00025837080839775635,1.469266898100878,7195
4.126026916503906,1.040576457977295,0.0002581034656781654,1.4702879313865633,7200
4.822935485839844,1.2304577827453613,0.0002578361136817522,1.4713089646722484,7205
4.0046741485595705,0.92998868227005,0.00025756875271458056,1.4723299979579334,7210
4.167657852172852,1.4241931438446045,0.00025730138308272454,1.4733510312436184,7215
4.416728210449219,1.2429089546203613,0.000257034005092268,1.4743720645293037,7220
3.7483043670654297,1.3875569105148315,0.00025676661904930424,1.4753930978149887,7225
4.390116882324219,1.1685510873794556,0.0002564992252599363,1.476414131100674,7230
5.01506462097168,1.2471989393234253,0.00025623182403027554,1.477435164386359,7235
4.3897136688232425,11.735965728759766,0.00025596441566644215,1.478456197672044,7240
3.964434814453125,1.1755988597869873,0.0002556970004745643,1.479477230957729,7245
4.040584564208984,0.8767966628074646,0.00025542957876077807,1.4804982642434144,7250
5.136900329589844,1.311716079711914,0.00025516215083122714,1.4815192975290994,7255
4.2932487487792965,1.5768296718597412,0.00025489471699206194,1.4825403308147846,7260
4.421262741088867,1.1442151069641113,0.0002546272775494401,1.4835613641004697,7265
3.766321563720703,1.3196653127670288,0.0002543598328095254,1.4845823973861547,7270
4.849713897705078,1.2591603994369507,0.0002540923830784877,1.48560343067184,7275
3.8520767211914064,1.7981411218643188,0.0002538249286625026,1.486624463957525,7280
3.744768524169922,1.1767373085021973,0.00025355746986775116,1.48764549724321,7285
4.584928894042969,0.9846836924552917,0.0002532900070004193,1.4886665305288953,7290
4.1864471435546875,0.8038232326507568,0.0002530225403666978,1.4896875638145803,7295
4.590370178222656,1.4610100984573364,0.0002527550702727814,1.4907085971002654,7300
4.263272857666015,0.9938871264457703,0.0002524875970248693,1.4917296303859506,7305
3.789444351196289,0.9494291543960571,0.0002522201209291638,1.4927506636716357,7310
4.903493118286133,1.2259976863861084,0.0002519526422918708,1.493771696957321,7315
4.129962158203125,1.0122288465499878,0.0002516851614191991,1.494792730243006,7320
3.866901397705078,1.4100151062011719,0.00025141767861735977,1.495813763528691,7325
4.5419971466064455,1.5684332847595215,0.0002511501941925664,1.496834796814376,7330
4.711574935913086,1.4565601348876953,0.00025088270845103434,1.4978558301000613,7335
3.7124061584472656,1.752817988395691,0.00025061522169898045,1.4988768633857463,7340
4.835166168212891,1.443831205368042,0.0002503477342426226,1.4998978966714316,7345
4.4490306854248045,1.3568226099014282,0.00025008024638817973,1.5009189299571166,7350
3.772599792480469,1.3179144859313965,0.000249812758441871,1.5019399632428017,7355
3.902842712402344,1.0601524114608765,0.0002495452707099159,1.5029609965284867,7360
4.035247039794922,1.2941699028015137,0.00024927778349853336,1.503982029814172,7365
4.826413345336914,1.0622478723526,0.00024901029711394204,1.5050030630998572,7370
4.056303405761719,1.798530101776123,0.0002487428118623595,1.5060240963855422,7375
4.831899261474609,1.7294719219207764,0.00024847532805000205,1.5070451296712273,7380
4.445670318603516,1.3816927671432495,0.0002482078459830843,1.5080661629569123,7385
4.268650054931641,1.89743971824646,0.0002479403659678188,1.5090871962425974,7390
4.048694610595703,1.3664748668670654,0.000247672888310416,1.5101082295282826,7395
4.463574600219727,1.0643423795700073,0.0002474054133170834,1.5111292628139679,7400
3.8129817962646486,1.1316921710968018,0.0002471379412940253,1.512150296099653,7405
3.924090576171875,1.2794766426086426,0.00024687047254744323,1.513171329385338,7410
3.750028610229492,0.5011462569236755,0.0002466030073835344,1.514192362671023,7415
4.307188415527344,1.22974693775177,0.0002463355461084921,1.5152133959567082,7420
4.70872688293457,1.3997966051101685,0.0002460680890285052,1.5162344292423933,7425
4.4584907531738285,1.43547523021698,0.00024580063644975765,1.5172554625280785,7430
4.45673713684082,1.4787964820861816,0.00024553318867842844,1.5182764958137636,7435
3.579045867919922,1.1387532949447632,0.0002452657460206907,1.5192975290994486,7440
4.14134521484375,1.5650596618652344,0.00024499830878271225,1.5203185623851336,7445
4.436592102050781,1.2295200824737549,0.0002447308772706542,1.521339595670819,7450
4.82911376953125,1.946270227432251,0.0002444634517906715,1.5223606289565041,7455
4.634733581542969,1.335411548614502,0.0002441960326489118,1.5233816622421892,7460
4.1208961486816404,1.3647054433822632,0.00024392862015151586,1.5244026955278742,7465
4.820296096801758,1.2275896072387695,0.0002436612146046166,1.5254237288135593,7470
4.112632751464844,1.3488984107971191,0.0002433938163143389,1.5264447620992443,7475
4.34031982421875,1.4485307931900024,0.0002431264255867998,1.5274657953849295,7480
4.200158309936524,1.1767463684082031,0.00024285904272810716,1.5284868286706148,7485
4.674668884277343,1.2274059057235718,0.00024259166804436005,1.5295078619562998,7490
3.9534549713134766,1.2843278646469116,0.00024232430184164828,1.5305288952419849,7495
3.9614776611328124,1.407503604888916,0.00024205694442605178,1.53154992852767,7500
3.973349761962891,1.1517010927200317,0.00024178959610364045,1.5325709618133552,7505
4.854805374145508,1.4235944747924805,0.00024152225718047376,1.5335919950990402,7510
4.898009490966797,1.3745774030685425,0.00024125492796260069,1.5346130283847255,7515
4.655700302124023,1.1416903734207153,0.0002409876087560587,1.5356340616704105,7520
4.499726104736328,1.439513087272644,0.0002407202998668741,1.5366550949560955,7525
4.25471076965332,1.0259286165237427,0.00024045300160106114,1.5376761282417806,7530
4.705674743652343,1.3399096727371216,0.00024018571426462216,1.5386971615274658,7535
4.226789855957032,1.664052128791809,0.00023991843816354683,1.5397181948131509,7540
4.418358612060547,1.8310943841934204,0.0002396511736038119,1.5407392280988361,7545
4.339915084838867,1.2154723405838013,0.00023938392089138113,1.5417602613845212,7550
4.036053848266602,1.2494239807128906,0.00023911668033220463,1.5427812946702062,7555
4.408610153198242,1.241748571395874,0.00023884945223221843,1.5438023279558912,7560
4.351402282714844,1.2834124565124512,0.00023858223689734442,1.5448233612415765,7565
4.676781463623047,1.5983741283416748,0.00023831503463349,1.5458443945272617,7570
3.960468292236328,1.6823683977127075,0.00023804784574654741,1.5468654278129468,7575
4.478762435913086,1.4314650297164917,0.00023778067054239355,1.5478864610986318,7580
4.2340843200683596,1.3350794315338135,0.00023751350932688998,1.5489074943843169,7585
3.953347396850586,1.357872724533081,0.00023724636240588193,1.5499285276700019,7590
4.73840446472168,1.3675988912582397,0.0002369792300851983,1.5509495609556871,7595
4.795688247680664,1.254584550857544,0.00023671211267065143,1.5519705942413724,7600
4.903154754638672,1.1759971380233765,0.00023644501046803638,1.5529916275270574,7605
4.525473785400391,1.1052435636520386,0.000236177923783131,1.5540126608127425,7610
3.634622573852539,0.9273906946182251,0.00023591085292169525,1.5550336940984275,7615
4.6801605224609375,1.3503786325454712,0.00023564379818947112,1.5560547273841128,7620
3.8669254302978517,0.9972949028015137,0.00023537675989218195,1.5570757606697978,7625
3.6887653350830076,1.3877201080322266,0.0002351097383355324,1.558096793955483,7630
4.755006408691406,1.756312370300293,0.00023484273382520785,1.559117827241168,7635
4.757287216186524,1.638581395149231,0.00023457574666687427,1.5601388605268531,7640
4.397977828979492,1.3545106649398804,0.00023430877716617754,1.5611598938125382,7645
4.281914138793946,1.7197744846343994,0.00023404182562874383,1.5621809270982234,7650
5.00111083984375,1.573306918144226,0.0002337748923601782,1.5632019603839085,7655
4.153901672363281,1.4437999725341797,0.0002335079776660652,1.5642229936695937,7660
4.779967498779297,1.562180519104004,0.00023324108185196777,1.5652440269552788,7665
4.03525390625,1.3473930358886719,0.0002329742052234275,1.5662650602409638,7670
4.236222457885742,1.5485856533050537,0.00023270734808596388,1.5672860935266488,7675
3.6076786041259767,1.1861246824264526,0.00023244051074507402,1.568307126812334,7680
4.219970703125,1.5897316932678223,0.0002321736935062327,1.5693281600980193,7685
4.333606719970703,1.5195759534835815,0.00023190689667489133,1.5703491933837044,7690
4.557246398925781,1.4142532348632812,0.0002316401205564781,1.5713702266693894,7695
3.7024269104003906,1.1547263860702515,0.0002313733654563975,1.5723912599550744,7700
4.202190780639649,0.7178757190704346,0.00023110663168002997,1.5734122932407595,7705
4.372480773925782,1.7701119184494019,0.0002308399195327314,1.5744333265264447,7710
4.452167129516601,1.7409695386886597,0.00023057322931983298,1.57545435981213,7715
3.839870834350586,1.0903241634368896,0.00023030656134664105,1.576475393097815,7720
4.395277786254883,1.180005431175232,0.00023003991591843614,1.5774964263835,7725
3.566682052612305,1.4986329078674316,0.00022977329334047307,1.578517459669185,7730
4.513518142700195,1.374513030052185,0.00022950669391798062,1.5795384929548704,7735
4.37444953918457,1.2361406087875366,0.00022924011795616095,1.5805595262405554,7740
4.323087310791015,1.711977243423462,0.00022897356576018937,1.5815805595262407,7745
4.305702972412109,1.4626383781433105,0.00022870703763521388,1.5826015928119257,7750
4.491046142578125,1.8595529794692993,0.0002284405338863553,1.5836226260976107,7755
4.387577056884766,1.1219875812530518,0.00022817405481870612,1.5846436593832958,7760
4.271485137939453,1.633123517036438,0.00022790760073733082,1.585664692668981,7765
4.33360481262207,1.3001850843429565,0.00022764117194726507,1.5866857259546663,7770
4.5605518341064455,1.4988536834716797,0.0002273747687535159,1.5877067592403513,7775
3.896222686767578,1.021350383758545,0.00022710839146106073,1.5887277925260364,7780
4.5717510223388675,1.2799344062805176,0.0002268420403748474,1.5897488258117214,7785
4.281512069702148,1.1345301866531372,0.00022657571579979397,1.5907698590974064,7790
4.169932556152344,1.4120451211929321,0.00022630941804078792,1.5917908923830917,7795
4.193421936035156,1.4187006950378418,0.00022604314740268602,1.592811925668777,7800
4.655120849609375,1.3351774215698242,0.0002257769041903141,1.593832958954462,7805
4.858271789550781,1.316522240638733,0.0002255106887084666,1.594853992240147,7810
4.044360733032226,1.0497231483459473,0.00022524450126190616,1.595875025525832,7815
4.234276580810547,1.1825907230377197,0.0002249783421553632,1.5968960588115173,7820
4.740623474121094,1.1836601495742798,0.00022471221169353606,1.5979170920972023,7825
4.358899688720703,1.4184073209762573,0.00022444611018108995,1.5989381253828876,7830
4.155928421020508,1.9816316366195679,0.00022418003792265708,1.5999591586685726,7835
4.9213722229003904,1.4853076934814453,0.00022391399522283606,1.6009801919542577,7840
4.439690780639649,1.2635514736175537,0.00022364798238619179,1.6020012252399427,7845
5.028664398193359,1.2493826150894165,0.00022338199971725498,1.603022258525628,7850
4.3911582946777346,1.253812313079834,0.0002231160475205216,1.604043291811313,7855
5.055120849609375,2.0234341621398926,0.0002228501261004531,1.6050643250969983,7860
3.4240463256835936,1.5215104818344116,0.00022258423576147543,1.6060853583826833,7865
4.4835052490234375,1.599371075630188,0.00022231837680797897,1.6071063916683683,7870
4.704606628417968,1.2387702465057373,0.00022205254954431826,1.6081274249540534,7875
3.7773159027099608,0.8094680905342102,0.0002217867542748115,1.6091484582397386,7880
3.7785091400146484,1.5244557857513428,0.0002215209913037402,1.6101694915254239,7885
4.863170623779297,1.1608799695968628,0.0002212552609353491,1.611190524811109,7890
4.735965728759766,1.2730672359466553,0.0002209895634738454,1.612211558096794,7895
4.269583892822266,1.2753301858901978,0.00022072389922339888,1.613232591382479,7900
4.4640758514404295,0.9830737709999084,0.00022045826848814104,1.614253624668164,7905
4.421540832519531,1.5803260803222656,0.00022019267157216514,1.6152746579538493,7910
4.082325744628906,1.3619643449783325,0.00021992710877952564,1.6162956912395345,7915
4.2759452819824215,1.4139665365219116,0.00021966158041423803,1.6173167245252196,7920
4.071494293212891,1.5056079626083374,0.00021939608678027834,1.6183377578109046,7925
3.7454967498779297,1.3755229711532593,0.00021913062818158292,1.6193587910965896,7930
4.230065536499024,1.402299165725708,0.00021886520492204784,1.620379824382275,7935
3.8827396392822267,1.2033880949020386,0.0002185998173055289,1.62140085766796,7940
4.828680419921875,1.4461990594863892,0.00021833446563584102,1.6224218909536452,7945
4.284489440917969,1.2907873392105103,0.00021806915021675794,1.6234429242393302,7950
4.561330413818359,2.653489112854004,0.00021780387135201179,1.6244639575250153,7955
4.505788421630859,5.548720359802246,0.00021753862934529322,1.6254849908107003,7960
4.029093551635742,1.042303204536438,0.00021727342450025033,1.6265060240963856,7965
5.195168685913086,1.8989025354385376,0.00021700825712048878,1.6275270573820708,7970
4.716854476928711,1.5710065364837646,0.0002167431275095714,1.6285480906677559,7975
4.530506896972656,1.430300235748291,0.00021647803597101773,1.629569123953441,7980
4.553527069091797,1.8290656805038452,0.00021621298280830376,1.630590157239126,7985
4.189710235595703,1.4535889625549316,0.00021594796832486135,1.631611190524811,7990
4.253929901123047,1.056873083114624,0.0002156829928240785,1.6326322238104962,7995
4.279367065429687,1.9585906267166138,0.00021541805660929824,1.6336532570961815,8000
4.074595642089844,1.225122094154358,0.00021515315998381875,1.6346742903818665,8005
3.8620986938476562,1.3943357467651367,0.00021488830325089273,1.6356953236675515,8010
4.118507766723633,0.7350940704345703,0.00021462348671372748,1.6367163569532366,8015
4.726174926757812,1.768289566040039,0.0002143587106754841,1.6377373902389218,8020
4.742369842529297,1.3065654039382935,0.00021409397543927725,1.6387584235246069,8025
4.042073059082031,1.3076708316802979,0.00021382928130817523,1.6397794568102921,8030
4.71944580078125,1.4249234199523926,0.00021356462858519894,1.6408004900959772,8035
4.27606201171875,1.4659839868545532,0.00021330001757332198,1.6418215233816622,8040
4.818138885498047,2.025965452194214,0.00021303544857547018,1.6428425566673472,8045
3.7741207122802733,0.8546657562255859,0.0002127709218945214,1.6438635899530325,8050
4.481454467773437,0.9023014307022095,0.0002125064378333049,1.6448846232387175,8055
4.022267532348633,1.4425114393234253,0.0002122419966946011,1.6459056565244028,8060
4.8993682861328125,1.6572072505950928,0.00021197759878114158,1.6469266898100878,8065
4.379195022583008,4.156126499176025,0.00021171324439560817,1.6479477230957729,8070
3.966554641723633,0.9013994336128235,0.00021144893384063295,1.648968756381458,8075
4.990388870239258,1.465957522392273,0.0002111846674187978,1.6499897896671432,8080
4.005718994140625,1.2452504634857178,0.00021092044543263402,1.6510108229528284,8085
4.457859039306641,1.486869215965271,0.00021065626818462228,1.6520318562385135,8090
4.327004623413086,1.4325246810913086,0.00021039213597719164,1.6530528895241985,8095
4.667516708374023,1.5780885219573975,0.0002101280491127201,1.6540739228098835,8100
3.9244266510009767,1.25010347366333,0.00020986400789353333,1.6550949560955686,8105
4.599307250976563,1.4705215692520142,0.0002096000126219049,1.6561159893812538,8110
4.548284530639648,1.2192320823669434,0.00020933606360005577,1.657137022666939,8115
3.7884105682373046,1.1193794012069702,0.00020907216113015399,1.658158055952624,8120
3.9344364166259767,1.340430736541748,0.00020880830551431415,1.6591790892383091,8125
4.303811264038086,1.24520742893219,0.0002085444970545975,1.6602001225239942,8130
4.647442245483399,1.6967251300811768,0.00020828073605301103,1.6612211558096794,8135
4.290919494628906,1.4736731052398682,0.00020801702281150763,1.6622421890953645,8140
4.019371414184571,2.4619922637939453,0.00020775335763198533,1.6632632223810497,8145
4.075052261352539,1.1429216861724854,0.00020748974081628719,1.6642842556667348,8150
4.632245635986328,1.2728815078735352,0.00020722617266620094,1.6653052889524198,8155
4.578828430175781,1.8832682371139526,0.0002069626534834585,1.6663263222381048,8160
4.550833511352539,1.4349137544631958,0.00020669918356973588,1.66734735552379,8165
3.2496368408203127,0.6845951080322266,0.00020643576322665265,1.6683683888094751,8170
4.051876068115234,1.2976080179214478,0.00020617239275577147,1.6693894220951604,8175
4.733532333374024,3.4942080974578857,0.00020590907245859817,1.6704104553808454,8180
4.409405517578125,1.5111536979675293,0.00020564580263658094,1.6714314886665305,8185
4.267831802368164,1.4232288599014282,0.00020538258359111027,1.6724525219522155,8190
4.279750061035156,2.1482348442077637,0.00020511941562351846,1.6734735552379008,8195
3.272617721557617,0.9418671131134033,0.0002048562990350793,1.674494588523586,8200
4.324857330322265,0.9793049097061157,0.00020459323412700805,1.675515621809271,8205
4.294559478759766,1.6628214120864868,0.00020433022120046045,1.676536655094956,8210
4.644601058959961,1.3596519231796265,0.00020406726055653292,1.6775576883806411,8215
3.92921142578125,0.8993605971336365,0.000203804352496262,1.6785787216663262,8220
4.603689575195313,2.8168563842773438,0.00020354149732062395,1.6795997549520114,8225
4.575334167480468,1.7051488161087036,0.00020327869533053465,1.6806207882376967,8230
3.9763362884521483,1.2864203453063965,0.0002030159468268488,1.6816418215233817,8235
4.606851196289062,1.154598355293274,0.0002027532521103603,1.6826628548090667,8240
3.9882217407226563,1.3424330949783325,0.00020249061148180114,1.6836838880947518,8245
4.630326843261718,1.344132900238037,0.00020222802524184148,1.684704921380437,8250
5.031333923339844,1.4099533557891846,0.00020196549369108928,1.685725954666122,8255
4.3024147033691404,1.326560616493225,0.0002017030171300898,1.6867469879518073,8260
4.611125564575195,1.628580927848816,0.00020144059585932528,1.6877680212374924,8265
4.298161315917969,0.8908509612083435,0.00020117823017921495,1.6887890545231774,8270
4.476122283935547,1.3459465503692627,0.0002009159203901142,1.6898100878088624,8275
4.9052070617675785,1.2570265531539917,0.0002006536667923144,1.6908311210945477,8280
3.3105327606201174,0.7457841634750366,0.00020039146968604265,1.691852154380233,8285
3.675465393066406,0.8391571640968323,0.00020012932937146132,1.692873187665918,8290
3.82864990234375,1.4881609678268433,0.00019986724614866797,1.693894220951603,8295
4.666806030273437,1.9950518608093262,0.00019960522031769442,1.694915254237288,8300
3.694529342651367,0.792194128036499,0.00019934325217850732,1.695936287522973,8305
4.486566543579102,1.2452484369277954,0.0001990813420310068,1.6969573208086584,8310
3.935541534423828,0.9859448671340942,0.00019881949017502685,1.6979783540943436,8315
4.128060150146484,1.7289705276489258,0.0001985576969103346,1.6989993873800286,8320
4.670249938964844,1.6626709699630737,0.0001982959625366301,1.7000204206657137,8325
3.9764022827148438,1.646468162536621,0.0001980342873535462,1.7010414539513987,8330
4.643277359008789,1.7509443759918213,0.00019777267166064762,1.702062487237084,8335
4.2972900390625,1.0514702796936035,0.00019751111575743146,1.703083520522769,8340
4.263227081298828,1.209517478942871,0.00019724961994332593,1.7041045538084543,8345
4.07360725402832,1.58531653881073,0.0001969881845176907,1.7051255870941393,8350
4.45201416015625,1.1899129152297974,0.00019672680977981613,1.7061466203798243,8355
4.131238555908203,1.5614854097366333,0.00019646549602892328,1.7071676536655094,8360
4.0015312194824215,2.258124828338623,0.00019620424356416323,1.7081886869511946,8365
4.465269470214844,0.9824668169021606,0.00019594305268461705,1.7092097202368797,8370
4.577370071411133,1.476855993270874,0.0001956819236892952,1.710230753522565,8375
4.888767242431641,1.4360872507095337,0.00019542085687713746,1.71125178680825,8380
4.734181213378906,1.4762985706329346,0.00019515985254701221,1.712272820093935,8385
4.3053333282470705,1.3094676733016968,0.0001948989109977164,1.71329385337962,8390
4.860718154907227,1.2396286725997925,0.0001946380325279751,1.7143148866653053,8395
4.105261993408203,3.766947031021118,0.0001943772174364411,1.7153359199509906,8400
4.9688568115234375,1.684604525566101,0.00019411646602169477,1.7163569532366756,8405
4.197997283935547,1.103424072265625,0.00019385577858224356,1.7173779865223606,8410
4.406022644042968,1.40199613571167,0.00019359515541652152,1.7183990198080457,8415
4.323528289794922,1.1342204809188843,0.0001933345968228894,1.7194200530937307,8420
4.518109130859375,1.3696985244750977,0.00019307410309963376,1.720441086379416,8425
4.779838180541992,2.2097268104553223,0.00019281367454496696,1.7214621196651012,8430
3.947539520263672,1.1751034259796143,0.00019255331145702687,1.7224831529507862,8435
4.182962417602539,0.7865078449249268,0.0001922930141338762,1.7235041862364713,8440
4.398099517822265,0.8818336129188538,0.00019203278287350273,1.7245252195221563,8445
4.546037673950195,1.7094719409942627,0.00019177261797381827,1.7255462528078416,8450
4.4857734680175785,0.9865113496780396,0.0001915125197326588,1.7265672860935266,8455
4.454326629638672,1.4376559257507324,0.000191252488447784,1.7275883193792119,8460
4.511643981933593,1.3925583362579346,0.00019099252441687686,1.728609352664897,8465
3.8382843017578123,1.177873134613037,0.00019073262793754337,1.729630385950582,8470
4.502214050292968,1.4879142045974731,0.00019047279930731209,1.730651419236267,8475
3.7537616729736327,1.2426717281341553,0.00019021303882363428,1.7316724525219522,8480
4.481438064575196,1.8967341184616089,0.00018995334678388278,1.7326934858076375,8485
4.741650390625,1.6914806365966797,0.0001896937234853522,1.7337145190933225,8490
3.728476715087891,1.3136086463928223,0.00018943416922525858,1.7347355523790076,8495
4.045234680175781,1.4579505920410156,0.00018917468430073878,1.7357565856646926,8500
4.577675247192383,1.2829304933547974,0.0001889152690088503,1.7367776189503776,8505
4.647937774658203,1.6932919025421143,0.00018865592364657088,1.737798652236063,8510
4.52209701538086,1.1780331134796143,0.00018839664851079852,1.7388196855217481,8515
3.5926490783691407,1.2097550630569458,0.0001881374438983504,1.7398407188074332,8520
4.541451263427734,1.0797311067581177,0.0001878783101059632,1.7408617520931182,8525
3.6469005584716796,0.742070734500885,0.00018761924743029244,1.7418827853788033,8530
4.6545154571533205,1.5270558595657349,0.00018736025616791232,1.7429038186644885,8535
4.343801879882813,1.3334450721740723,0.0001871013366153152,1.7439248519501735,8540
4.681506729125976,1.3533121347427368,0.00018684248906891126,1.7449458852358588,8545
3.8645099639892577,1.176966667175293,0.00018658371382502864,1.7459669185215438,8550
4.540872573852539,1.3800480365753174,0.0001863250111799122,1.7469879518072289,8555
4.23651351928711,1.200284481048584,0.00018606638142972405,1.748008985092914,8560
4.227382659912109,1.097577691078186,0.00018580782487054255,1.7490300183785992,8565
4.678958129882813,1.6547892093658447,0.0001855493417983626,1.7500510516642842,8570
5.214048767089844,1.4840368032455444,0.0001852909325090947,1.7510720849499695,8575
3.6858200073242187,1.3102105855941772,0.00018503259729856511,1.7520931182356545,8580
4.658619689941406,1.4637149572372437,0.00018477433646251512,1.7531141515213395,8585
4.892115783691406,1.4905954599380493,0.00018451615029660095,1.7541351848070246,8590
4.42701530456543,1.3913692235946655,0.00018425803909639333,1.7551562180927098,8595
4.451514053344726,1.1883652210235596,0.00018400000315737708,1.756177251378395,8600
5.3075920104980465,2.1777751445770264,0.0001837420427749509,1.7571982846640801,8605
4.125315093994141,1.5807780027389526,0.00018348415824442714,1.7582193179497652,8610
4.799873733520508,1.3771754503250122,0.00018322634986103116,1.7592403512354502,8615
4.744755554199219,1.4192652702331543,0.00018296861791990127,1.7602613845211352,8620
4.555279922485352,1.3171050548553467,0.00018271096271608807,1.7612824178068205,8625
4.3396141052246096,1.3644330501556396,0.00018245338454455455,1.7623034510925057,8630
4.296319198608399,1.2864644527435303,0.00018219588370017528,1.7633244843781908,8635
4.064619445800782,1.4361581802368164,0.00018193846047773643,1.7643455176638758,8640
4.124446105957031,1.614007592201233,0.00018168111517193535,1.7653665509495609,8645
4.487006378173828,1.0421992540359497,0.00018142384807738021,1.766387584235246,8650
4.208013916015625,0.8931180238723755,0.00018116665948858944,1.7674086175209311,8655
3.567616271972656,1.2980951070785522,0.0001809095496999918,1.7684296508066164,8660
4.695842361450195,1.1674386262893677,0.00018065251900592583,1.7694506840923014,8665
4.422274398803711,1.282049536705017,0.00018039556770063937,1.7704717173779865,8670
4.778958511352539,1.5268199443817139,0.0001801386960782895,1.7714927506636715,8675
4.711386108398438,1.6045619249343872,0.00017988190443294193,1.7725137839493568,8680
3.8809635162353517,1.1894431114196777,0.00017962519305857123,1.773534817235042,8685
4.775328826904297,1.6203254461288452,0.0001793685622490595,1.774555850520727,8690
3.903403091430664,1.5511982440948486,0.00017911201229819704,1.775576883806412,8695
4.434812927246094,1.0016319751739502,0.0001788555434996814,1.7765979170920971,8700
4.5164939880371096,1.1192238330841064,0.00017859915614711725,1.7776189503777822,8705
3.6789398193359375,1.2004859447479248,0.00017834285053401603,1.7786399836634674,8710
4.533044052124024,1.6654434204101562,0.00017808662695379548,1.7796610169491527,8715
4.623909759521484,1.8018196821212769,0.00017783048569977976,1.7806820502348377,8720
4.251646041870117,1.6574249267578125,0.00017757442706519856,1.7817030835205228,8725
4.440108871459961,1.289790153503418,0.00017731845134318685,1.7827241168062078,8730
4.12481918334961,1.1462289094924927,0.00017706255882678497,1.783745150091893,8735
4.753968048095703,1.298125147819519,0.0001768067498089378,1.784766183377578,8740
4.335615921020508,1.516605257987976,0.00017655102458249478,1.7857872166632633,8745
4.670360565185547,1.4539121389389038,0.00017629538344020917,1.7868082499489484,8750
4.28857307434082,2.021841526031494,0.0001760398266747384,1.7878292832346334,8755
4.318789672851563,1.2740683555603027,0.0001757843545786429,1.7888503165203185,8760
4.328706741333008,1.3846021890640259,0.0001755289674443864,1.7898713498060037,8765
4.7959026336669925,1.4673337936401367,0.0001752736655643352,1.7908923830916887,8770
4.003682327270508,1.1778342723846436,0.0001750184492307582,1.791913416377374,8775
4.352904510498047,2.2793097496032715,0.00017476331873582623,1.792934449663059,8780
3.6263172149658205,0.9219618439674377,0.00017450827437161175,1.793955482948744,8785
3.7901840209960938,1.8597352504730225,0.00017425331643008903,1.794976516234429,8790
4.233998870849609,1.6155335903167725,0.00017399844520313287,1.7959975495201144,8795
4.329734039306641,1.376376748085022,0.0001737436609825192,1.7970185828057996,8800
4.2563323974609375,1.7984288930892944,0.00017348896405992408,1.7980396160914847,8805
3.6280345916748047,1.2694425582885742,0.0001732343547269239,1.7990606493771697,8810
4.083079147338867,1.5358942747116089,0.0001729798332749945,1.8000816826628547,8815
4.0098316192626955,1.6087112426757812,0.00017272539999551122,1.8011027159485398,8820
3.6961444854736327,1.3701756000518799,0.00017247105517974865,1.802123749234225,8825
4.7144519805908205,1.7643948793411255,0.00017221679911887984,1.8031447825199103,8830
3.7535552978515625,1.6639412641525269,0.00017196263210397634,1.8041658158055953,8835
4.92699966430664,1.7216993570327759,0.00017170855442600775,1.8051868490912804,8840
4.457609939575195,1.598885178565979,0.00017145456637584133,1.8062078823769654,8845
5.340251159667969,1.198336124420166,0.00017120066824424197,1.8072289156626506,8850
4.319124984741211,1.6788557767868042,0.00017094686032187125,1.8082499489483357,8855
3.952614593505859,1.177344799041748,0.00017069314289928792,1.809270982234021,8860
3.6623706817626953,0.9546684622764587,0.00017043951626694677,1.810292015519706,8865
4.46383056640625,0.9961662292480469,0.00017018598071519875,1.811313048805391,8870
4.347883224487305,1.6164194345474243,0.00016993253653429063,1.812334082091076,8875
4.705132293701172,1.4781583547592163,0.00016967918401436443,1.8133551153767613,8880
4.198041534423828,1.2027299404144287,0.00016942592344545746,1.8143761486624463,8885
4.167018890380859,1.3820629119873047,0.00016917275511750147,1.8153971819481316,8890
4.6656654357910154,1.781936764717102,0.00016891967932032285,1.8164182152338166,8895
4.562432861328125,1.6975599527359009,0.00016866669634364202,1.8174392485195017,8900
4.504703140258789,1.4060039520263672,0.00016841380647707307,1.8184602818051867,8905
4.798244476318359,1.1895049810409546,0.0001681610100101235,1.819481315090872,8910
4.605677795410156,1.3745036125183105,0.00016790830723219398,1.8205023483765572,8915
4.699057388305664,1.5860834121704102,0.00016765569843257773,1.8215233816622423,8920
3.785791015625,1.2385733127593994,0.00016740318390046064,1.8225444149479273,8925
4.695472335815429,1.6406705379486084,0.0001671507639249205,1.8235654482336123,8930
4.632154083251953,1.4391525983810425,0.00016689843879492695,1.8245864815192974,8935
4.889444732666016,2.096727132797241,0.000166646208799341,1.8256075148049826,8940
3.587080383300781,1.3288559913635254,0.00016639407422691478,1.8266285480906679,8945
3.859667205810547,1.0947117805480957,0.0001661420353662911,1.827649581376353,8950
4.3267364501953125,1.1063414812088013,0.00016589009250600318,1.828670614662038,8955
4.458095550537109,1.1171351671218872,0.00016563824593447465,1.829691647947723,8960
4.298177337646484,1.8764441013336182,0.00016538649594001855,1.8307126812334082,8965
4.348620986938476,1.3228520154953003,0.00016513484281083747,1.8317337145190933,8970
4.283582305908203,1.3836652040481567,0.00016488328683502315,1.8327547478047785,8975
4.658299255371094,1.2588160037994385,0.00016463182830055612,1.8337757810904636,8980
4.32250862121582,1.4765650033950806,0.00016438046749530527,1.8347968143761486,8985
4.764723587036133,1.7490614652633667,0.0001641292047070276,1.8358178476618336,8990
4.285098266601563,1.593308925628662,0.0001638780402233681,1.836838880947519,8995
4.981857681274414,1.5162639617919922,0.00016362697433185909,1.8378599142332042,9000
4.582212829589844,1.665958046913147,0.00016337600731991991,1.8388809475188892,9005
3.92833251953125,1.517172932624817,0.00016312513947485684,1.8399019808045742,9010
4.755260467529297,1.3413772583007812,0.00016287437108386272,1.8409230140902593,9015
3.7727725982666014,1.3118929862976074,0.00016262370243401629,1.8419440473759443,9020
4.864647293090821,1.4646137952804565,0.00016237313381228216,1.8429650806616296,9025
3.9728416442871093,1.2238974571228027,0.00016212266550551076,1.8439861139473148,9030
4.507437133789063,1.429837942123413,0.00016187229780043728,1.8450071472329999,9035
4.592008590698242,1.2658355236053467,0.00016162203098368184,1.846028180518685,9040
4.95379409790039,1.0617483854293823,0.00016137186534174915,1.84704921380437,9045
4.372211837768555,3.238293409347534,0.0001611218011610281,1.8480702470900552,9050
3.9135169982910156,1.259326696395874,0.0001608718387277914,1.8490912803757402,9055
4.286872100830078,0.787956714630127,0.00016062197832819507,1.8501123136614255,9060
4.035563278198242,1.2829599380493164,0.00016037222024827875,1.8511333469471105,9065
4.0879364013671875,1.2255620956420898,0.00016012256477396464,1.8521543802327955,9070
4.523149108886718,1.2717036008834839,0.0001598730121910575,1.8531754135184806,9075
3.311177444458008,1.4342870712280273,0.0001596235627852444,1.8541964468041658,9080
4.95520133972168,1.3684645891189575,0.00015937421684209414,1.8552174800898509,9085
4.236118316650391,1.1972057819366455,0.0001591249746470573,1.8562385133755361,9090
4.014365386962891,1.1742721796035767,0.00015887583648546545,1.8572595466612212,9095
4.883993911743164,1.3055166006088257,0.00015862680264253128,1.8582805799469062,9100
4.155458068847656,1.2937002182006836,0.00015837787340334795,1.8593016132325912,9105
4.570813751220703,1.3814818859100342,0.00015812904905288883,1.8603226465182765,9110
4.114407348632812,1.4329330921173096,0.0001578803298760073,1.8613436798039618,9115
4.487496566772461,1.2234711647033691,0.0001576317161574362,1.8623647130896468,9120
4.727440261840821,1.1769177913665771,0.00015738320818178784,1.8633857463753318,9125
4.349269866943359,1.4056308269500732,0.0001571348062335533,1.8644067796610169,9130
3.8826984405517577,0.9445334672927856,0.0001568865105971024,1.865427812946702,9135
4.170536804199219,1.4794013500213623,0.00015663832155668323,1.8664488462323872,9140
4.562618637084961,0.9626937508583069,0.00015639023939642183,1.8674698795180724,9145
5.525712585449218,1.3191437721252441,0.00015614226440032182,1.8684909128037575,9150
4.6454620361328125,1.6778178215026855,0.00015589439685226425,1.8695119460894425,9155
4.606812286376953,1.5784811973571777,0.00015564663703600707,1.8705329793751275,9160
4.663204956054687,1.1207942962646484,0.00015539898523518495,1.8715540126608128,9165
4.7587543487548825,1.3831604719161987,0.0001551514417333089,1.8725750459464978,9170
3.979213333129883,1.232212781906128,0.00015490400681376606,1.873596079232183,9175
4.0921989440917965,1.2224406003952026,0.00015465668075981904,1.8746171125178681,9180
3.8317729949951174,1.377703070640564,0.00015440946385460598,1.8756381458035531,9185
4.317361450195312,1.298639178276062,0.00015416235638113994,1.8766591790892382,9190
4.818328857421875,1.158416509628296,0.00015391535862230887,1.8776802123749234,9195
4.3671928405761715,1.6987643241882324,0.00015366847086087487,1.8787012456606087,9200
4.945991897583008,1.1099021434783936,0.00015342169337947454,1.8797222789462937,9205
4.741412353515625,1.2290096282958984,0.00015317502646061776,1.8807433122319788,9210
4.763871765136718,1.4072715044021606,0.00015292847038668816,1.8817643455176638,9215
4.315046691894532,1.2011547088623047,0.00015268202543994237,1.8827853788033488,9220
4.298221206665039,1.0987917184829712,0.00015243569190250976,1.883806412089034,9225
3.7890113830566405,1.1557579040527344,0.00015218947005639206,1.8848274453747194,9230
4.035774993896484,1.3479129076004028,0.0001519433601834635,1.8858484786604044,9235
4.65238037109375,1.2111833095550537,0.0001516973625654698,1.8868695119460894,9240
4.271630859375,0.71941739320755,0.0001514514774840282,1.8878905452317745,9245
3.7865787506103517,1.6209344863891602,0.00015120570522062724,1.8889115785174597,9250
3.9891929626464844,1.34133780002594,0.00015096004605662624,1.8899326118031448,9255
5.012602996826172,1.4657162427902222,0.00015071450027325507,1.89095364508883,9260
3.777899169921875,1.650812029838562,0.0001504690681516136,1.891974678374515,9265
3.9668479919433595,1.1188026666641235,0.000150223749972672,1.8929957116602,9270
4.436437606811523,1.1146607398986816,0.0001499785460172696,1.8940167449458851,9275
4.334246444702148,1.583985686302185,0.00014973345656611525,1.8950377782315704,9280
5.074057388305664,1.3143196105957031,0.0001494884818997864,1.8960588115172554,9285
4.499678039550782,1.6422141790390015,0.00014924362229872944,1.8970798448029407,9290
4.096039962768555,1.5752084255218506,0.00014899887804325888,1.8981008780886257,9295
4.0686195373535154,1.3081746101379395,0.00014875424941355697,1.8991219113743107,9300
3.7865680694580077,1.08431875705719,0.00014850973668967404,1.9001429446599958,9305
4.429130554199219,1.3427952527999878,0.00014826534015152746,1.901163977945681,9310
4.221448135375977,1.5328218936920166,0.00014802106007890154,1.9021850112313663,9315
4.495229721069336,0.9030596613883972,0.00014777689675144737,1.9032060445170513,9320
4.131683731079102,1.147796630859375,0.0001475328504486823,1.9042270778027364,9325
3.688921356201172,0.9166942834854126,0.00014728892144998994,1.9052481110884214,9330
4.932658767700195,1.78297758102417,0.00014704511003461922,1.9062691443741064,9335
4.131523895263672,1.3727442026138306,0.00014680141648168487,1.9072901776597917,9340
4.519229888916016,1.4103111028671265,0.00014655784107016652,1.908311210945477,9345
4.130465698242188,1.7316075563430786,0.00014631438407890847,1.909332244231162,9350
4.54302978515625,1.4361789226531982,0.00014607104578661948,1.910353277516847,9355
3.89862174987793,1.2878432273864746,0.00014582782647187248,1.911374310802532,9360
4.9691509246826175,1.4082398414611816,0.00014558472641310432,1.9123953440882173,9365
4.519284057617187,1.4607914686203003,0.00014534174588861487,1.9134163773739024,9370
3.847739410400391,1.031347632408142,0.0001450988851765679,1.9144374106595876,9375
4.3691566467285154,1.6506961584091187,0.00014485614455498925,1.9154584439452726,9380
4.390660095214844,6.279982566833496,0.0001446135243017679,1.9164794772309577,9385
4.523765945434571,1.1545305252075195,0.00014437102469465446,1.9175005105166427,9390
4.17291259765625,1.7443629503250122,0.0001441286460112619,1.918521543802328,9395
4.886102294921875,1.5898206233978271,0.00014388638852906466,1.9195425770880132,9400
4.702291870117188,1.3389478921890259,0.00014364425252539804,1.9205636103736983,9405
4.112496948242187,1.191892147064209,0.00014340223827745896,1.9215846436593833,9410
3.8174896240234375,1.6116591691970825,0.00014316034606230433,1.9226056769450683,9415
4.5367778778076175,1.2209222316741943,0.00014291857615685176,1.9236267102307534,9420
4.403656768798828,1.3045320510864258,0.00014267692883787847,1.9246477435164386,9425
4.1290733337402346,1.344058871269226,0.00014243540438202174,1.925668776802124,9430
4.627102279663086,2.093907356262207,0.000142194003065778,1.926689810087809,9435
4.212194442749023,1.1071466207504272,0.00014195272516550247,1.927710843373494,9440
4.619863510131836,1.5225718021392822,0.00014171157095740975,1.928731876659179,9445
4.353414154052734,1.3241750001907349,0.0001414705407175721,1.929752909944864,9450
4.646736145019531,1.5225285291671753,0.0001412296347219204,1.9307739432305493,9455
4.279227447509766,1.6390721797943115,0.0001409888532462429,1.9317949765162346,9460
4.941756820678711,1.3403338193893433,0.00014074819656618556,1.9328160098019196,9465
4.550328063964844,1.1591521501541138,0.00014050766495725148,1.9338370430876046,9470
4.536964035034179,1.4626812934875488,0.00014026725869480022,1.9348580763732897,9475
4.117814254760742,1.0654016733169556,0.00014002697805404852,1.935879109658975,9480
3.576618957519531,1.2036107778549194,0.0001397868233100686,1.93690014294466,9485
3.963835525512695,1.046135663986206,0.000139546794737789,1.9379211762303452,9490
4.408039093017578,1.7112137079238892,0.00013930689261199358,1.9389422095160302,9495
5.007269287109375,1.070715308189392,0.00013906711720732158,1.9399632428017153,9500
4.322489166259766,1.6796139478683472,0.00013882746879826725,1.9409842760874003,9505
4.115642547607422,1.1382869482040405,0.00013858794765917915,1.9420053093730856,9510
4.666058349609375,0.9122288227081299,0.00013834855406426045,1.9430263426587708,9515
4.805535888671875,1.4673919677734375,0.00013810928828756814,1.9440473759444559,9520
4.596509552001953,1.6465245485305786,0.00013787015060301303,1.945068409230141,9525
4.703866195678711,1.1871460676193237,0.00013763114128435906,1.946089442515826,9530
4.89161376953125,1.0096251964569092,0.00013739226060522348,1.947110475801511,9535
3.6323593139648436,1.0110108852386475,0.0001371535088390759,1.9481315090871962,9540
4.351499557495117,1.353232741355896,0.00013691488625923898,1.9491525423728815,9545
4.183783721923828,0.9291805624961853,0.00013667639313888678,1.9501735756585665,9550
4.991952514648437,1.8502755165100098,0.00013643802975104558,1.9511946089442516,9555
4.358699798583984,1.7426906824111938,0.0001361997963685932,1.9522156422299366,9560
4.289799499511719,1.1472601890563965,0.00013596169326425816,1.9532366755156219,9565
4.832761764526367,0.9417331218719482,0.0001357237207106205,1.954257708801307,9570
4.532799911499024,1.448843240737915,0.00013548587898011002,1.9552787420869921,9575
4.351998138427734,1.5845236778259277,0.00013524816834500767,1.9562997753726772,9580
3.7640209197998047,1.2689131498336792,0.0001350105890774435,1.9573208086583622,9585
4.22753677368164,1.8407173156738281,0.0001347731414493976,1.9583418419440473,9590
4.782549285888672,1.1307669878005981,0.00013453582573269945,1.9593628752297325,9595
4.3292793273925785,1.608716607093811,0.0001342986421990271,1.9603839085154176,9600
4.339006805419922,4.132701873779297,0.00013406159111990768,1.9614049418011028,9605
4.913653182983398,1.3660657405853271,0.00013382467276671628,1.9624259750867878,9610
4.437786865234375,1.3523916006088257,0.00013358788741067666,1.9634470083724729,9615
4.356016540527344,1.7744451761245728,0.00013335123532285965,1.964468041658158,9620
4.089633178710938,1.3676273822784424,0.00013311471677418402,1.9654890749438432,9625
4.402020263671875,1.472426176071167,0.00013287833203541534,1.9665101082295284,9630
4.090023040771484,1.5842610597610474,0.0001326420813771661,1.9675311415152135,9635
4.521873474121094,1.712819218635559,0.00013240596506989546,1.9685521748008985,9640
3.9675552368164064,1.5662394762039185,0.0001321699833839084,1.9695732080865835,9645
4.6138347625732425,1.2876555919647217,0.00013193413658935634,1.9705942413722686,9650
4.31396713256836,1.2689404487609863,0.00013169842495623562,1.9716152746579538,9655
3.8449268341064453,1.927547812461853,0.00013146284875438852,1.972636307943639,9660
4.151604461669922,1.494597315788269,0.0001312274082535016,1.9736573412293241,9665
4.271623992919922,1.2903321981430054,0.0001309921037231066,1.9746783745150092,9670
4.388655090332032,1.3744916915893555,0.00013075693543257943,1.9756994078006942,9675
4.357942581176758,1.28903067111969,0.00013052190365113982,1.9767204410863795,9680
4.509370422363281,1.3923577070236206,0.0001302870086478517,1.9777414743720645,9685
4.822106552124024,1.3736450672149658,0.00013005225069162194,1.9787625076577497,9690
3.66929931640625,1.218937873840332,0.00012981763005120084,1.9797835409434348,9695
4.330720138549805,1.0853288173675537,0.0001295831469951812,1.9808045742291198,9700
4.6629901885986325,1.138810634613037,0.00012934880179199865,1.9818256075148049,9705
3.9236499786376955,1.7192680835723877,0.00012911459470993085,1.9828466408004901,9710
4.247755432128907,1.561402678489685,0.00012888052601709707,1.9838676740861754,9715
4.95471076965332,1.3958183526992798,0.00012864659598145885,1.9848887073718604,9720
4.365267944335938,1.5101845264434814,0.0001284128048708182,1.9859097406575454,9725
4.421700286865234,2.539795160293579,0.00012817915295281873,1.9869307739432305,9730
4.708198165893554,1.2196714878082275,0.00012794564049494416,1.9879518072289155,9735
4.12248649597168,1.0281155109405518,0.00012771226776451899,1.9889728405146008,9740
4.359532165527344,2.562847137451172,0.0001274790350287076,1.989993873800286,9745
4.402066802978515,1.7219572067260742,0.000127245942554514,1.991014907085971,9750
5.0517112731933596,1.553574562072754,0.00012701299060878174,1.992035940371656,9755
4.2995250701904295,1.3275268077850342,0.00012678017945819353,1.9930569736573411,9760
4.637718963623047,1.140528917312622,0.00012654750936927093,1.9940780069430264,9765
4.183544921875,1.4435391426086426,0.00012631498060837373,1.9950990402287114,9770
4.1491657257080075,0.1843165010213852,0.00012608259344170034,1.9961200735143967,9775
4.6546989440917965,3.6291110515594482,0.00012585034813528665,1.9971411068000817,9780
4.422322845458984,1.5934978723526,0.00012561824495500645,1.9981621400857668,9785
4.266544342041016,1.5406556129455566,0.00012538628416657076,1.9991831733714518,9790
4.168423652648926,31.76,15.01,29.31,29.27,555.0583,4.412,2.207,2.0,9794
4.2989757537841795,1.6797573566436768,0.0001251544660355276,2.000204206657137,9795
4.037326812744141,0.8279386758804321,0.00012492279082726166,2.0012252399428223,9800
3.954037094116211,1.4771488904953003,0.00012469125880699384,2.0022462732285073,9805
3.9522354125976564,1.3166110515594482,0.00012445987023978144,2.0032673065141924,9810
4.583280181884765,1.7658085823059082,0.00012422862539051725,2.0042883397998774,9815
4.287899017333984,1.7454419136047363,0.00012399752452392965,2.0053093730855625,9820
3.932073974609375,1.1531403064727783,0.00012376656790458223,2.0063304063712475,9825
4.068450927734375,1.8669403791427612,0.00012353575579687347,2.007351439656933,9830
4.370134735107422,1.4846959114074707,0.00012330508846503633,2.008372472942618,9835
4.016396331787109,1.6168122291564941,0.00012307456617313795,2.009393506228303,9840
4.5116935729980465,1.6722530126571655,0.00012284418918507968,2.010414539513988,9845
4.218176651000976,1.6285521984100342,0.0001226139577645962,2.011435572799673,9850
4.547364044189453,1.1628018617630005,0.0001223838721752558,2.0124566060853586,9855
4.612769317626953,1.1458814144134521,0.00012215393268045973,2.0134776393710436,9860
4.195797729492187,1.4295300245285034,0.00012192413954344214,2.0144986726567287,9865
4.068803024291992,1.2177670001983643,0.00012169449302726928,2.0155197059424137,9870
4.446701431274414,1.461836338043213,0.00012146499339483987,2.0165407392280987,9875
4.292171478271484,1.4226877689361572,0.0001212356409088845,2.0175617725137838,9880
4.753336334228516,1.2895673513412476,0.00012100643583196482,2.0185828057994692,9885
4.178535842895508,1.3424445390701294,0.00012077737842647451,2.0196038390851543,9890
4.728531265258789,1.41283118724823,0.0001205484689546375,2.0206248723708393,9895
4.045768356323242,1.252334475517273,0.00012031970767850878,2.0216459056565244,9900
4.437129211425781,1.5195307731628418,0.0001200910948599734,2.0226669389422094,9905
4.148417663574219,1.2724828720092773,0.00011986263076074667,2.0236879722278944,9910
4.28588638305664,5.7530412673950195,0.0001196343156423737,2.02470900551358,9915
3.769834518432617,1.0820468664169312,0.0001194061497662286,2.025730038799265,9920
4.293296432495117,1.5942903757095337,0.00011917813339351535,2.02675107208495,9925
4.35615119934082,1.4991546869277954,0.0001189502667852661,2.027772105370635,9930
4.459158706665039,1.2188405990600586,0.00011872255020234201,2.02879313865632,9935
4.401594161987305,1.546760082244873,0.00011849498390543215,2.0298141719420055,9940
4.7479907989501955,1.3417209386825562,0.00011826756815505379,2.0308352052276906,9945
4.940562057495117,1.4811055660247803,0.00011804030321155184,2.0318562385133756,9950
4.108238601684571,1.8748122453689575,0.00011781318933509821,2.0328772717990606,9955
4.282566070556641,1.1313813924789429,0.00011758622678569258,2.0338983050847457,9960
4.533894729614258,1.4898625612258911,0.00011735941582316068,2.0349193383704307,9965
3.852552795410156,1.6499719619750977,0.00011713275670715512,2.035940371656116,9970
3.5769092559814455,0.9913054704666138,0.00011690624969715441,2.0369614049418012,9975
4.024151229858399,1.398302674293518,0.00011667989505246324,2.0379824382274863,9980
4.043782424926758,1.1727389097213745,0.00011645369303221151,2.0390034715131713,9985
4.333046722412109,1.124356985092163,0.0001162276438953547,2.0400245047988563,9990
4.400966644287109,1.3671821355819702,0.00011600174790067314,2.0410455380845414,9995
4.295858764648438,1.1858385801315308,0.00011577600530677185,2.042066571370227,10000
3.909347152709961,1.4462532997131348,0.00011555041637208033,2.043087604655912,10005
3.8669761657714843,1.2579646110534668,0.00011532498135485195,2.044108637941597,10010
4.662685394287109,1.8782416582107544,0.00011509970051316415,2.045129671227282,10015
4.713951110839844,1.5570849180221558,0.00011487457410491756,2.046150704512967,10020
4.532877349853516,1.4000327587127686,0.00011464960238783631,2.047171737798652,10025
4.500171661376953,1.2723628282546997,0.00011442478561946728,2.0481927710843375,10030
4.201636886596679,0.9666411280632019,0.00011420012405718003,2.0492138043700225,10035
3.920839309692383,1.6447594165802002,0.0001139756179581665,2.0502348376557076,10040
4.605068969726562,1.3243802785873413,0.00011375126757944038,2.0512558709413926,10045
4.357333374023438,1.2433589696884155,0.00011352707317783745,2.0522769042270776,10050
4.563185501098633,1.5026307106018066,0.00011330303501001463,2.053297937512763,10055
4.182308197021484,1.0678045749664307,0.00011307915333245014,2.054318970798448,10060
4.025553131103516,1.4535332918167114,0.00011285542840144308,2.055340004084133,10065
4.341561126708984,0.7601580619812012,0.00011263186047311302,2.0563610373698182,10070
4.239448165893554,0.7906931638717651,0.00011240844980339996,2.0573820706555033,10075
4.355974578857422,1.671828031539917,0.00011218519664806349,2.0584031039411883,10080
4.738592910766601,1.711449384689331,0.00011196210126268333,2.059424137226874,10085
4.506571960449219,1.331532597541809,0.0001117391639026582,2.060445170512559,10090
3.9620441436767577,1.1825294494628906,0.00011151638482320623,2.061466203798244,10095
4.396501159667968,1.3067716360092163,0.00011129376427936414,2.062487237083929,10100
4.323809814453125,1.5876249074935913,0.00011107130252598738,2.063508270369614,10105
3.7441970825195314,1.4223653078079224,0.00011084899981774923,2.064529303655299,10110
3.794964599609375,1.4453212022781372,0.0001106268564091413,2.0655503369409844,10115
4.283996963500977,2.556292772293091,0.00011040487255447271,2.0665713702266695,10120
3.589657211303711,1.4734114408493042,0.0001101830485078697,2.0675924035123545,10125
4.049202728271484,2.3586087226867676,0.00010996138452327586,2.0686134367980396,10130
4.145187759399414,2.53399920463562,0.00010973988085445145,2.0696344700837246,10135
4.617138290405274,1.3532615900039673,0.00010951853775497319,2.0706555033694096,10140
4.437828445434571,1.096835732460022,0.00010929735547823385,2.071676536655095,10145
4.179508209228516,1.4997037649154663,0.00010907633427744229,2.07269756994078,10150
4.000868225097657,1.2159372568130493,0.000108855474405623,2.073718603226465,10155
3.8472557067871094,1.5424222946166992,0.00010863477611561542,2.07473963651215,10160
4.117166137695312,1.2759361267089844,0.00010841423966007442,2.0757606697978352,10165
4.502786636352539,1.3899672031402588,0.0001081938652914694,2.0767817030835207,10170
4.846640396118164,1.774664282798767,0.00010797365326208439,2.0778027363692058,10175
4.447475814819336,1.3463571071624756,0.00010775360382401722,2.078823769654891,10180
4.142249298095703,0.988848865032196,0.00010753371722917987,2.079844802940576,10185
4.377464294433594,1.6675306558609009,0.00010731399372929798,2.080865836226261,10190
3.9746444702148436,1.0931215286254883,0.00010709443357590997,2.081886869511946,10195
4.577751159667969,2.574895143508911,0.00010687503702036805,2.0829079027976314,10200
4.508705902099609,1.635066270828247,0.00010665580431383643,2.0839289360833164,10205
4.414395141601562,1.5158650875091553,0.00010643673570729218,2.0849499693690015,10210
4.617908477783203,1.5179698467254639,0.00010621783145152417,2.0859710026546865,10215
4.760055923461914,1.4433224201202393,0.00010599909179713352,2.0869920359403715,10220
3.7722679138183595,1.054081916809082,0.0001057805169945325,2.0880130692260566,10225
4.249528121948242,2.5438573360443115,0.00010556210729394497,2.089034102511742,10230
3.3625041961669924,1.7182780504226685,0.00010534386294540568,2.090055135797427,10235
4.497567749023437,1.2417140007019043,0.00010512578419876004,2.091076169083112,10240
4.718721771240235,11.271263122558594,0.00010490787130366403,2.092097202368797,10245
4.299881362915039,1.3556532859802246,0.00010469012450958349,2.093118235654482,10250
5.27013931274414,1.4010261297225952,0.0001044725440657944,2.0941392689401677,10255
4.83923225402832,1.3576496839523315,0.00010425513022138203,2.0951603022258527,10260
3.98773193359375,1.1592967510223389,0.00010403788322524116,2.0961813355115377,10265
4.223115158081055,1.5092757940292358,0.00010382080332607547,2.0972023687972228,10270
4.98595962524414,1.5164188146591187,0.00010360389077239732,2.098223402082908,10275
4.195942687988281,1.3575109243392944,0.00010338714581252764,2.099244435368593,10280
4.150503158569336,1.0580692291259766,0.00010317056869459523,2.1002654686542783,10285
4.237651062011719,1.5709588527679443,0.00010295415966653704,2.1012865019399634,10290
3.856283187866211,1.1100249290466309,0.00010273791897609725,2.1023075352256484,10295
4.71568603515625,1.055088758468628,0.00010252184687082766,2.1033285685113334,10300
4.737171936035156,1.6911998987197876,0.00010230594359808693,2.1043496017970185,10305
4.079842376708984,1.2639515399932861,0.00010209020940504046,2.1053706350827035,10310
4.208148956298828,1.3009899854660034,0.00010187464453866014,2.106391668368389,10315
3.8174057006835938,0.9514185786247253,0.00010165924924572379,2.107412701654074,10320
4.381520080566406,1.6106318235397339,0.00010144402377281545,2.108433734939759,10325
4.7706348419189455,1.0886516571044922,0.0001012289683663244,2.109454768225444,10330
4.504407501220703,1.576078176498413,0.00010101408327244546,2.110475801511129,10335
4.3772319793701175,1.9157702922821045,0.00010079936873717845,2.1114968347968146,10340
3.9899593353271485,1.0401169061660767,0.00010058482500632795,2.1125178680824996,10345
4.050005722045898,1.26481294631958,0.00010037045232550282,2.1135389013681847,10350
4.438600158691406,1.8231385946273804,0.0001001562509401163,2.1145599346538697,10355
4.732787322998047,1.5942457914352417,9.994222109538553e-05,2.1155809679395547,10360
4.786836242675781,1.2086162567138672,9.972836303633106e-05,2.11660200122524,10365
4.19365348815918,1.4105294942855835,9.9514677007777e-05,2.1176230345109253,10370
4.426409912109375,1.2880935668945312,9.930116325435048e-05,2.1186440677966103,10375
3.896567535400391,1.9110198020935059,9.908782202048145e-05,2.1196651010822953,10380
4.420155334472656,1.5392004251480103,9.887465355040207e-05,2.1206861343679804,10385
3.4307701110839846,1.300284743309021,9.866165808814708e-05,2.1217071676536654,10390
4.769384765625,1.5124603509902954,9.844883587755308e-05,2.1227282009393504,10395
4.0547737121582035,1.389081358909607,9.82361871622581e-05,2.123749234225036,10400
4.65166130065918,1.4672421216964722,9.802371218570183e-05,2.124770267510721,10405
4.805025482177735,0.8569902777671814,9.781141119112496e-05,2.125791300796406,10410
5.006182098388672,1.0358575582504272,9.759928442156907e-05,2.126812334082091,10415
4.351299285888672,1.296891450881958,9.738733211987604e-05,2.127833367367776,10420
4.4034069061279295,2.158353090286255,9.717555452868831e-05,2.128854400653461,10425
4.5402881622314455,1.4894219636917114,9.696395189044833e-05,2.1298754339391466,10430
4.127417755126953,0.9443995356559753,9.675252444739787e-05,2.1308964672248316,10435
4.190763092041015,1.3247431516647339,9.654127244157857e-05,2.1319175005105166,10440
4.426311874389649,1.9685029983520508,9.633019611483105e-05,2.1329385337962017,10445
4.722611618041992,1.4716548919677734,9.611929570879491e-05,2.1339595670818867,10450
4.1087898254394535,1.3439240455627441,9.590857146490809e-05,2.134980600367572,10455
4.5447235107421875,1.3741436004638672,9.569802362440722e-05,2.1360016336532572,10460
3.9727294921875,1.4900712966918945,9.548765242832666e-05,2.1370226669389423,10465
4.30193977355957,1.9280133247375488,9.527745811749877e-05,2.1380437002246273,10470
4.367180252075196,1.7649627923965454,9.506744093255337e-05,2.1390647335103123,10475
4.628911972045898,1.3289085626602173,9.485760111391742e-05,2.1400857667959974,10480
4.084096908569336,1.6013948917388916,9.4647938901815e-05,2.141106800081683,10485
3.7095272064208986,1.2642662525177002,9.44384545362666e-05,2.142127833367368,10490
4.421660614013672,1.3281831741333008,9.422914825708942e-05,2.143148866653053,10495
4.235712051391602,1.5759080648422241,9.402002030389647e-05,2.144169899938738,10500
4.488800048828125,1.4387990236282349,9.381107091609686e-05,2.145190933224423,10505
4.196834564208984,0.8627108931541443,9.360230033289521e-05,2.146211966510108,10510
4.456826782226562,1.461781620979309,9.339370879329143e-05,2.1472329997957935,10515
4.084857559204101,1.591894507408142,9.318529653608052e-05,2.1482540330814786,10520
4.465161514282227,1.0791876316070557,9.297706379985201e-05,2.1492750663671636,10525
4.520924377441406,1.5238739252090454,9.27690108229903e-05,2.1502960996528486,10530
3.6485042572021484,2.291043996810913,9.256113784367359e-05,2.1513171329385337,10535
3.8026073455810545,1.0153237581253052,9.235344509987428e-05,2.1523381662242187,10540
4.069416427612305,1.292763590812683,9.214593282935843e-05,2.153359199509904,10545
4.164834976196289,1.7745165824890137,9.19386012696854e-05,2.154380232795589,10550
4.9054931640625,1.5094584226608276,9.173145065820779e-05,2.1554012660812742,10555
4.326562118530274,1.6485447883605957,9.15244812320708e-05,2.1564222993669593,10560
4.367593383789062,1.064272403717041,9.131769322821259e-05,2.1574433326526443,10565
4.420284652709961,2.088376045227051,9.111108688336323e-05,2.15846436593833,10570
4.225558471679688,1.0464400053024292,9.09046624340451e-05,2.159485399224015,10575
4.370314407348633,1.5945407152175903,9.069842011657229e-05,2.1605064325097,10580
4.061053466796875,1.5537080764770508,9.049236016705037e-05,2.161527465795385,10585
4.907437515258789,1.4721496105194092,9.028648282137606e-05,2.16254849908107,10590
4.476680755615234,1.2844411134719849,9.008078831523711e-05,2.163569532366755,10595
4.6486366271972654,1.7573418617248535,8.987527688411204e-05,2.1645905656524405,10600
4.296425628662109,1.4657894372940063,8.966994876326957e-05,2.1656115989381255,10605
4.487081146240234,1.7861734628677368,8.946480418776875e-05,2.1666326322238105,10610
3.6921783447265626,1.3469563722610474,8.925984339245843e-05,2.1676536655094956,10615
4.854164886474609,1.5306109189987183,8.905506661197721e-05,2.1686746987951806,10620
4.3934886932373045,1.6053783893585205,8.88504740807527e-05,2.1696957320808656,10625
4.541548156738282,1.3725130558013916,8.86460660330019e-05,2.170716765366551,10630
4.055890274047852,1.6271816492080688,8.844184270273058e-05,2.171737798652236,10635
4.2897697448730465,1.3601279258728027,8.82378043237328e-05,2.172758831937921,10640
4.3927654266357425,1.3296235799789429,8.803395112959117e-05,2.1737798652236062,10645
4.682237243652343,1.5124331712722778,8.783028335367615e-05,2.1748008985092913,10650
4.007594299316406,1.5462366342544556,8.762680122914606e-05,2.1758219317949763,10655
3.789622497558594,0.9329254031181335,8.742350498894647e-05,2.1768429650806618,10660
3.971086120605469,1.5741932392120361,8.722039486581035e-05,2.177863998366347,10665
4.457171630859375,1.4431947469711304,8.701747109225758e-05,2.178885031652032,10670
4.23370361328125,1.0528843402862549,8.681473390059455e-05,2.179906064937717,10675
4.523342514038086,0.974051833152771,8.661218352291422e-05,2.180927098223402,10680
3.9370491027832033,1.039183497428894,8.640982019109562e-05,2.1819481315090874,10685
3.960501861572266,1.5342470407485962,8.620764413680373e-05,2.1829691647947724,10690
4.4872283935546875,1.0792603492736816,8.600565559148896e-05,2.1839901980804575,10695
4.254666900634765,2.0690183639526367,8.580385478638728e-05,2.1850112313661425,10700
4.467734527587891,1.6607728004455566,8.560224195251947e-05,2.1860322646518275,10705
3.877024841308594,1.214009404182434,8.540081732069135e-05,2.1870532979375126,10710
4.411932373046875,1.0742449760437012,8.519958112149323e-05,2.188074331223198,10715
4.0017555236816404,1.465088963508606,8.499853358529966e-05,2.189095364508883,10720
4.399976348876953,1.6517959833145142,8.47976749422693e-05,2.190116397794568,10725
4.395949935913086,1.1314504146575928,8.459700542234435e-05,2.191137431080253,10730
4.376227569580078,1.266811728477478,8.439652525525084e-05,2.192158464365938,10735
4.55836067199707,0.8512018322944641,8.419623467049764e-05,2.1931794976516237,10740
4.581745529174805,1.3993732929229736,8.399613389737687e-05,2.1942005309373087,10745
3.8373863220214846,2.7377471923828125,8.37962231649633e-05,2.1952215642229937,10750
3.873963165283203,1.281338095664978,8.359650270211406e-05,2.196242597508679,10755
4.721229171752929,1.127714991569519,8.339697273746863e-05,2.197263630794364,10760
4.3686176300048825,1.2707923650741577,8.319763349944814e-05,2.198284664080049,10765
4.434136962890625,1.5049920082092285,8.299848521625564e-05,2.199305697365734,10770
4.151692581176758,1.365272879600525,8.279952811587535e-05,2.2003267306514194,10775
4.674939346313477,1.289986252784729,8.260076242607278e-05,2.2013477639371044,10780
3.631988525390625,0.40912964940071106,8.240218837439428e-05,2.2023687972227894,10785
4.360436630249024,1.4647414684295654,8.220380618816684e-05,2.2033898305084745,10790
4.34114990234375,1.2419919967651367,8.20056160944978e-05,2.2044108637941595,10795
4.011979293823242,1.2318211793899536,8.180761832027441e-05,2.205431897079845,10800
4.150203704833984,1.7664399147033691,8.160981309216408e-05,2.20645293036553,10805
4.503012847900391,1.5367398262023926,8.141220063661347e-05,2.207473963651215,10810
4.246080017089843,0.9867036938667297,8.121478117984874e-05,2.2084949969369,10815
4.41191291809082,1.073553204536438,8.101755494787507e-05,2.209516030222585,10820
4.3921051025390625,0.763375997543335,8.082052216647656e-05,2.21053706350827,10825
4.409028625488281,1.5663267374038696,8.06236830612155e-05,2.2115580967939557,10830
4.093696212768554,1.5124597549438477,8.042703785743283e-05,2.2125791300796407,10835
4.087701416015625,2.0291011333465576,8.02305867802474e-05,2.2136001633653257,10840
4.113130187988281,1.4064040184020996,8.003433005455563e-05,2.2146211966510108,10845
4.215852355957031,1.485112190246582,7.983826790503171e-05,2.215642229936696,10850
4.2815193176269535,1.1694082021713257,7.964240055612696e-05,2.2166632632223813,10855
4.5003002166748045,1.0057759284973145,7.944672823206978e-05,2.2176842965080663,10860
4.688168334960937,1.5181548595428467,7.92512511568651e-05,2.2187053297937513,10865
4.085409164428711,1.2653104066848755,7.905596955429451e-05,2.2197263630794364,10870
4.165652084350586,1.3615045547485352,7.886088364791591e-05,2.2207473963651214,10875
4.724714279174805,1.2612953186035156,7.866599366106281e-05,2.2217684296508065,10880
5.287937164306641,1.6160868406295776,7.847129981684481e-05,2.222789462936492,10885
4.6976360321044925,5.191059112548828,7.827680233814678e-05,2.223810496222177,10890
3.7838409423828123,1.0337491035461426,7.808250144762885e-05,2.224831529507862,10895
4.524830627441406,0.9661841988563538,7.788839736772601e-05,2.225852562793547,10900
4.8331859588623045,1.7054303884506226,7.769449032064805e-05,2.226873596079232,10905
4.33516845703125,1.4935131072998047,7.75007805283792e-05,2.227894629364917,10910
4.742913436889649,1.5850781202316284,7.730726821267766e-05,2.2289156626506026,10915
4.457258605957032,1.456347942352295,7.711395359507589e-05,2.2299366959362876,10920
4.528879547119141,1.517237663269043,7.692083689687976e-05,2.2309577292219727,10925
4.467936706542969,1.2682775259017944,7.672791833916881e-05,2.2319787625076577,10930
4.036841201782226,1.3911161422729492,7.653519814279538e-05,2.2329997957933427,10935
4.827800369262695,1.8383023738861084,7.634267652838517e-05,2.2340208290790278,10940
4.61340560913086,1.6835936307907104,7.615035371633614e-05,2.2350418623647132,10945
4.049271011352539,1.2561509609222412,7.595822992681891e-05,2.2360628956503983,10950
3.927817535400391,1.2639917135238647,7.576630537977621e-05,2.2370839289360833,10955
3.71229248046875,1.2189830541610718,7.557458029492267e-05,2.2381049622217684,10960
3.8100204467773438,1.2971937656402588,7.538305489174463e-05,2.2391259955074534,10965
4.473223114013672,1.1370329856872559,7.519172938949961e-05,2.240147028793139,10970
4.430022048950195,1.7438956499099731,7.500060400721662e-05,2.241168062078824,10975
4.169338226318359,1.5857781171798706,7.480967896369522e-05,2.242189095364509,10980
4.967447662353516,1.6628844738006592,7.461895447750591e-05,2.243210128650194,10985
4.2429039001464846,1.3762216567993164,7.442843076698949e-05,2.244231161935879,10990
4.039953231811523,1.768684983253479,7.423810805025688e-05,2.245252195221564,10995
4.392754745483399,1.4641823768615723,7.404798654518901e-05,2.2462732285072495,11000
4.449226379394531,1.349929928779602,7.385806646943627e-05,2.2472942617929346,11005
4.372570037841797,1.7060235738754272,7.366834804041867e-05,2.2483152950786196,11010
4.352315139770508,1.6445978879928589,7.347883147532516e-05,2.2493363283643046,11015
3.8430030822753904,1.122902512550354,7.328951699111377e-05,2.2503573616499897,11020
3.933341217041016,1.2199816703796387,7.310040480451113e-05,2.2513783949356747,11025
3.6900867462158202,0.9243693947792053,7.291149513201232e-05,2.25239942822136,11030
4.035137557983399,1.8045246601104736,7.272278818988054e-05,2.2534204615070452,11035
4.9202014923095705,1.3471070528030396,7.253428419414682e-05,2.2544414947927303,11040
4.505984115600586,1.2610163688659668,7.234598336061008e-05,2.2554625280784153,11045
3.9956924438476564,1.3562532663345337,7.215788590483635e-05,2.2564835613641003,11050
4.4729663848876955,1.3635671138763428,7.196999204215918e-05,2.2575045946497854,11055
4.087307357788086,1.7772681713104248,7.178230198767865e-05,2.258525627935471,11060
4.2955772399902346,1.0463731288909912,7.159481595626208e-05,2.259546661221156,11065
3.963654327392578,1.3917458057403564,7.140753416254261e-05,2.260567694506841,11070
3.898941421508789,1.249495506286621,7.122045682091999e-05,2.261588727792526,11075
3.081782341003418,1.2580502033233643,7.10335841455598e-05,2.262609761078211,11080
3.293096160888672,1.3657397031784058,7.084691635039317e-05,2.2636307943638965,11085
3.8976795196533205,1.378434419631958,7.066045364911695e-05,2.2646518276495815,11090
4.304931640625,1.1680281162261963,7.04741962551928e-05,2.2656728609352665,11095
3.9622081756591796,1.4137331247329712,7.028814438184796e-05,2.2666938942209516,11100
4.064711380004883,1.256992220878601,7.010229824207379e-05,2.2677149275066366,11105
3.806946563720703,0.7360937595367432,6.991665804862643e-05,2.2687359607923216,11110
4.058920288085938,4.59397029876709,6.97312240140263e-05,2.269756994078007,11115
4.094649124145508,1.2837471961975098,6.95459963505575e-05,2.270778027363692,11120
4.608441925048828,1.2096281051635742,6.936097527026827e-05,2.271799060649377,11125
3.5990936279296877,1.6266907453536987,6.917616098496993e-05,2.2728200939350622,11130
4.73153076171875,1.3924707174301147,6.899155370623758e-05,2.2738411272207473,11135
4.005094909667969,0.8252934813499451,6.880715364540888e-05,2.2748621605064328,11140
3.507963943481445,1.1793962717056274,6.862296101358447e-05,2.275883193792118,11145
4.625894546508789,1.6993906497955322,6.84389760216276e-05,2.276904227077803,11150
4.176730728149414,1.3357315063476562,6.825519888016355e-05,2.277925260363488,11155
4.180088806152344,1.524648904800415,6.80716297995799e-05,2.278946293649173,11160
4.328830718994141,1.650595784187317,6.788826899002596e-05,2.279967326934858,11165
4.0042064666748045,1.3693325519561768,6.770511666141266e-05,2.280988360220543,11170
3.6711986541748045,1.320966362953186,6.75221730234121e-05,2.2820093935062284,11175
4.469081115722656,1.534212589263916,6.733943828545772e-05,2.2830304267919135,11180
4.659166717529297,1.2473304271697998,6.715691265674353e-05,2.2840514600775985,11185
3.5371551513671875,1.4882086515426636,6.697459634622438e-05,2.2850724933632836,11190
4.708169937133789,1.4163053035736084,6.679248956261542e-05,2.2860935266489686,11195
4.294711303710938,1.4024375677108765,6.66105925143919e-05,2.287114559934654,11200
4.171321105957031,1.5518943071365356,6.642890540978905e-05,2.288135593220339,11205
4.20491943359375,1.1722698211669922,6.624742845680159e-05,2.289156626506024,11210
4.735980987548828,1.4304951429367065,6.606616186318392e-05,2.290177659791709,11215
4.0977741241455075,1.0302623510360718,6.588510583644933e-05,2.291198693077394,11220
4.401089477539062,1.4911460876464844,6.570426058387022e-05,2.2922197263630792,11225
5.260745239257813,1.5415476560592651,6.552362631247771e-05,2.2932407596487647,11230
4.70482177734375,1.2962478399276733,6.534320322906132e-05,2.2942617929344498,11235
4.306680679321289,1.5694639682769775,6.516299154016894e-05,2.295282826220135,11240
4.002848434448242,1.2505807876586914,6.498299145210617e-05,2.29630385950582,11245
4.407670211791992,1.8529162406921387,6.480320317093671e-05,2.297324892791505,11250
5.146075820922851,1.287787675857544,6.46236269024815e-05,2.2983459260771903,11255
4.173543548583984,1.1010838747024536,6.444426285231891e-05,2.2993669593628754,11260
4.579760360717773,1.3998953104019165,6.426511122578441e-05,2.3003879926485604,11265
3.8686161041259766,1.7919070720672607,6.408617222797014e-05,2.3014090259342455,11270
4.370062255859375,1.6992433071136475,6.390744606372503e-05,2.3024300592199305,11275
4.7336280822753904,1.4649401903152466,6.372893293765412e-05,2.3034510925056155,11280
4.120419311523437,1.0516445636749268,6.355063305411873e-05,2.3044721257913006,11285
3.8850475311279298,1.4587098360061646,6.337254661723596e-05,2.305493159076986,11290
4.017057800292969,1.0311686992645264,6.319467383087867e-05,2.306514192362671,11295
5.1716156005859375,1.2166827917099,6.301701489867496e-05,2.307535225648356,11300
4.211579895019531,1.471217155456543,6.28395700240084e-05,2.308556258934041,11305
5.102801132202148,1.638128399848938,6.266233941001717e-05,2.309577292219726,11310
4.132962799072265,1.7441250085830688,6.248532325959438e-05,2.3105983255054117,11315
4.595202255249023,3.8368914127349854,6.230852177538763e-05,2.3116193587910967,11320
4.090291595458984,0.9578783512115479,6.213193515979856e-05,2.3126403920767817,11325
4.308715438842773,1.2318849563598633,6.195556361498317e-05,2.3136614253624668,11330
4.174557876586914,1.509348750114441,6.177940734285078e-05,2.314682458648152,11335
4.075267028808594,0.857111930847168,6.160346654506486e-05,2.315703491933837,11340
4.290982437133789,1.475616455078125,6.142774142304161e-05,2.3167245252195223,11345
4.178382492065429,7.0158162117004395,6.125223217795079e-05,2.3177455585052074,11350
4.438597106933594,1.2564496994018555,6.107693901071476e-05,2.3187665917908924,11355
4.320293426513672,1.5117518901824951,6.0901862122008574e-05,2.3197876250765774,11360
4.415065765380859,1.887131929397583,6.0727001712259786e-05,2.3208086583622625,11365
4.198717880249023,1.3958193063735962,6.055235798164785e-05,2.321829691647948,11370
4.219032287597656,1.308194875717163,6.037793113010462e-05,2.322850724933633,11375
4.315464782714844,1.2462249994277954,6.020372135731325e-05,2.323871758219318,11380
4.16650161743164,1.5948400497436523,6.002972886270855e-05,2.324892791505003,11385
3.9181983947753904,1.6391937732696533,5.985595384547673e-05,2.325913824790688,11390
4.4051765441894535,1.340555191040039,5.9682396504554676e-05,2.326934858076373,11395
4.392314147949219,1.3195921182632446,5.950905703863047e-05,2.327955891362058,11400
4.295941543579102,1.4295990467071533,5.93359356461424e-05,2.3289769246477436,11405
4.489604187011719,1.4041895866394043,5.916303252527949e-05,2.3299979579334287,11410
4.608437347412109,1.2772176265716553,5.899034787398058e-05,2.3310189912191137,11415
4.8424030303955075,1.5357335805892944,5.8817881889934617e-05,2.3320400245047987,11420
4.6907798767089846,1.8926221132278442,5.864563477057996e-05,2.333061057790484,11425
3.5240478515625,1.4621814489364624,5.847360671310467e-05,2.3340820910761693,11430
4.670962524414063,1.2802205085754395,5.830179791444598e-05,2.3351031243618543,11435
4.215464019775391,1.309246301651001,5.813020857128989e-05,2.3361241576475393,11440
4.231570816040039,1.1900734901428223,5.7958838880071585e-05,2.3371451909332244,11445
4.3400146484375,1.554180383682251,5.778768903697437e-05,2.3381662242189094,11450
4.294704818725586,1.028976321220398,5.7616759237930194e-05,2.3391872575045944,11455
4.086219024658203,1.8891420364379883,5.74460496786188e-05,2.34020829079028,11460
4.485530853271484,1.559430718421936,5.727556055446803e-05,2.341229324075965,11465
4.469323348999024,1.7907030582427979,5.7105292060653293e-05,2.34225035736165,11470
4.489888000488281,1.205578327178955,5.693524439209744e-05,2.343271390647335,11475
4.148506927490234,1.2258679866790771,5.6765417743470576e-05,2.34429242393302,11480
4.489157485961914,2.5749728679656982,5.659581230918956e-05,2.3453134572187055,11485
4.723944854736328,1.8035216331481934,5.642642828341837e-05,2.3463344905043906,11490
3.912444305419922,1.5764821767807007,5.62572658600671e-05,2.3473555237900756,11495
4.923363494873047,1.4279154539108276,5.608832523279245e-05,2.3483765570757607,11500
4.104162216186523,0.8848279714584351,5.5919606594997144e-05,2.3493975903614457,11505
4.11759033203125,1.349838137626648,5.5751110139829727e-05,2.3504186236471307,11510
4.7447654724121096,1.8792227506637573,5.5582836060184494e-05,2.351439656932816,11515
4.755862045288086,1.3645873069763184,5.541478454870094e-05,2.3524606902185012,11520
4.677919387817383,1.299188256263733,5.524695579776407e-05,2.3534817235041863,11525
4.852685546875,1.4653018712997437,5.5079349999503533e-05,2.3545027567898713,11530
4.801992034912109,1.2764134407043457,5.4911967345794094e-05,2.3555237900755563,11535
4.516329193115235,1.2252556085586548,5.474480802825468e-05,2.356544823361242,11540
3.2242446899414063,0.9151141047477722,5.457787223824903e-05,2.357565856646927,11545
4.1774345397949215,1.1864441633224487,5.441116016688452e-05,2.358586889932612,11550
5.015634918212891,1.270236849784851,5.424467200501268e-05,2.359607923218297,11555
4.082304763793945,1.573359727859497,5.4078407943228656e-05,2.360628956503982,11560
3.7018890380859375,1.5387202501296997,5.391236817187095e-05,2.361649989789667,11565
3.8941066741943358,1.2444945573806763,5.374655288102145e-05,2.362671023075352,11570
3.9329856872558593,1.415723443031311,5.358096226050485e-05,2.3636920563610375,11575
4.456386947631836,1.3075430393218994,5.3415596499889e-05,2.3647130896467226,11580
4.509384536743164,1.3451933860778809,5.3250455788483893e-05,2.3657341229324076,11585
4.4967803955078125,1.3620734214782715,5.308554031534221e-05,2.3667551562180926,11590
4.417330169677735,1.5669199228286743,5.2920850269258716e-05,2.3677761895037777,11595
4.365396881103516,1.6368390321731567,5.2756385838769905e-05,2.368797222789463,11600
4.753253936767578,1.0324459075927734,5.25921472121543e-05,2.369818256075148,11605
4.21380844116211,1.5556480884552002,5.242813457743156e-05,2.370839289360833,11610
4.20001220703125,1.2343049049377441,5.226434812236314e-05,2.3718603226465182,11615
4.310069274902344,1.9583097696304321,5.210078803445098e-05,2.3728813559322033,11620
3.4146495819091798,1.1386561393737793,5.193745450093832e-05,2.3739023892178883,11625
3.6812023162841796,1.7176614999771118,5.177434770880887e-05,2.374923422503574,11630
4.505103302001953,1.5783917903900146,5.161146784478665e-05,2.375944455789259,11635
4.361957550048828,1.4064387083053589,5.1448815095336223e-05,2.376965489074944,11640
3.85797119140625,2.9266445636749268,5.128638964666166e-05,2.377986522360629,11645
3.7168067932128905,1.0977312326431274,5.1124191684707414e-05,2.379007555646314,11650
3.895777130126953,1.2780681848526,5.096222139515702e-05,2.3800285889319994,11655
4.126699829101563,1.5876708030700684,5.0800478963433674e-05,2.3810496222176845,11660
4.059602737426758,1.5481109619140625,5.063896457469949e-05,2.3820706555033695,11665
4.416877365112304,1.0561342239379883,5.047767841385564e-05,2.3830916887890545,11670
3.4266677856445313,1.3817278146743774,5.0316620665542186e-05,2.3841127220747396,11675
3.9359222412109376,1.8904975652694702,5.0155791514137236e-05,2.3851337553604246,11680
4.1378223419189455,1.3738834857940674,4.9995191143757836e-05,2.3861547886461096,11685
4.043080139160156,1.1415354013442993,4.9834819738258567e-05,2.387175821931795,11690
4.1955219268798825,1.7151622772216797,4.967467748123222e-05,2.38819685521748,11695
4.202801132202149,1.2662214040756226,4.951476455600906e-05,2.389217888503165,11700
3.2736370086669924,1.45957612991333,4.935508114565693e-05,2.3902389217888502,11705
3.866937255859375,1.2669192552566528,4.9195627432981004e-05,2.3912599550745353,11710
3.7685428619384767,0.7114930748939514,4.903640360052316e-05,2.3922809883602207,11715
4.321554565429688,1.6023579835891724,4.887740983056263e-05,2.3933020216459058,11720
4.670037078857422,1.1330809593200684,4.87186463051148e-05,2.394323054931591,11725
4.0130973815917965,1.5084619522094727,4.856011320593176e-05,2.395344088217276,11730
4.236989593505859,1.8218364715576172,4.840181071450159e-05,2.396365121502961,11735
4.4478096008300785,1.123748779296875,4.8243739012048536e-05,2.397386154788646,11740
4.049853515625,1.8604017496109009,4.8085898279532664e-05,2.3984071880743314,11745
4.4461311340332035,1.4850162267684937,4.792828869764937e-05,2.3994282213600164,11750
3.723986053466797,0.95855712890625,4.777091044682988e-05,2.4004492546457015,11755
4.665506744384766,1.369280219078064,4.761376370724011e-05,2.4014702879313865,11760
5.2987617492675785,1.5168250799179077,4.745684865878125e-05,2.4024913212170715,11765
4.094241333007813,1.7459619045257568,4.730016548108909e-05,2.403512354502757,11770
4.731613540649414,2.0359301567077637,4.714371435353412e-05,2.404533387788442,11775
4.826086807250976,1.0300291776657104,4.698749545522096e-05,2.405554421074127,11780
3.999104309082031,1.5257676839828491,4.683150896498875e-05,2.406575454359812,11785
4.729838943481445,2.3909571170806885,4.6675755061410114e-05,2.407596487645497,11790
3.7950401306152344,1.4997090101242065,4.6520233922791756e-05,2.408617520931182,11795
4.243553924560547,1.0933284759521484,4.636494572717381e-05,2.4096385542168672,11800
3.9894134521484377,1.4678336381912231,4.620989065232961e-05,2.4106595875025527,11805
4.426251983642578,1.2567535638809204,4.605506887576583e-05,2.4116806207882377,11810
3.9958511352539063,1.2935775518417358,4.590048057472179e-05,2.412701654073923,11815
3.990436553955078,0.9719148874282837,4.5746125926169915e-05,2.413722687359608,11820
4.872162246704102,1.4387413263320923,4.559200510681477e-05,2.414743720645293,11825
3.9123306274414062,1.0710489749908447,4.5438118293093414e-05,2.4157647539309783,11830
3.5312095642089845,1.0880987644195557,4.528446566117508e-05,2.4167857872166634,11835
4.282735824584961,1.4454941749572754,4.513104738696072e-05,2.4178068205023484,11840
4.430906295776367,2.428215265274048,4.497786364608317e-05,2.4188278537880334,11845
4.662532806396484,1.7129850387573242,4.4824914613906505e-05,2.4198488870737185,11850
4.246183013916015,1.29867422580719,4.467220046552661e-05,2.4208699203594035,11855
3.60096435546875,1.5802655220031738,4.451972137576993e-05,2.421890953645089,11860
4.48175163269043,1.3450992107391357,4.436747751919409e-05,2.422911986930774,11865
4.428020477294922,1.4333842992782593,4.421546907008753e-05,2.423933020216459,11870
4.189057922363281,1.2996729612350464,4.406369620246883e-05,2.424954053502144,11875
4.532061004638672,1.334885835647583,4.391215909008728e-05,2.425975086787829,11880
3.8301429748535156,1.266574501991272,4.3760857906421895e-05,2.4269961200735146,11885
4.412546157836914,1.1971538066864014,4.3609792824682027e-05,2.4280171533591997,11890
3.9435863494873047,1.2808654308319092,4.34589640178063e-05,2.4290381866448847,11895
4.2845619201660154,1.737244963645935,4.330837165846327e-05,2.4300592199305697,11900
4.5726478576660154,1.552963376045227,4.315801591905039e-05,2.4310802532162548,11905
4.197715377807617,1.0254428386688232,4.300789697169455e-05,2.43210128650194,11910
3.6116947174072265,2.3543100357055664,4.285801498825148e-05,2.433122319787625,11915
4.50091323852539,1.9932174682617188,4.2708370140305455e-05,2.4341433530733103,11920
4.048455810546875,1.5524159669876099,4.2558962599169694e-05,2.4351643863589953,11925
3.933132553100586,1.130551815032959,4.24097925358852e-05,2.4361854196446804,11930
4.944174194335938,1.2584189176559448,4.226086012122163e-05,2.4372064529303654,11935
3.8695518493652346,1.5184590816497803,4.211216552567618e-05,2.4382274862160505,11940
4.048737335205078,1.4655977487564087,4.1963708919473984e-05,2.439248519501736,11945
3.9889129638671874,1.214016318321228,4.181549047256783e-05,2.440269552787421,11950
4.557181167602539,1.0449938774108887,4.1667510354637504e-05,2.441290586073106,11955
3.8683013916015625,1.5333008766174316,4.1519768735090416e-05,2.442311619358791,11960
3.809732437133789,1.1688246726989746,4.137226578306058e-05,2.443332652644476,11965
3.9842784881591795,1.2811589241027832,4.1225001667408974e-05,2.444353685930161,11970
4.24647216796875,1.2324625253677368,4.1077976556723046e-05,2.4453747192158466,11975
3.961574172973633,1.3182127475738525,4.093119061931669e-05,2.4463957525015316,11980
4.704623794555664,1.2665586471557617,4.0784644023230064e-05,2.4474167857872167,11985
3.8029525756835936,2.16520619392395,4.0638336936229066e-05,2.4484378190729017,11990
3.8601333618164064,1.4552794694900513,4.049226952580584e-05,2.4494588523585867,11995
4.445759582519531,1.284129023551941,4.034644195917772e-05,2.450479885644272,12000
4.418490982055664,1.4917681217193604,4.020085440328777e-05,2.4515009189299573,12005
4.299643707275391,1.1977033615112305,4.005550702480407e-05,2.4525219522156423,12010
4.7448486328125,1.3135799169540405,3.991039999011992e-05,2.4535429855013273,12015
4.69828987121582,1.0123846530914307,3.97655334653533e-05,2.4545640187870124,12020
4.494715881347656,1.3871616125106812,3.962090761634704e-05,2.4555850520726974,12025
3.625823974609375,1.4691932201385498,3.947652260866832e-05,2.456606085358383,12030
4.053128433227539,1.2231842279434204,3.933237860760866e-05,2.457627118644068,12035
4.257022857666016,1.1822994947433472,3.918847577818374e-05,2.458648151929753,12040
3.879654312133789,1.270424246788025,3.904481428513293e-05,2.459669185215438,12045
4.218912506103516,1.7291659116744995,3.8901394292919555e-05,2.460690218501123,12050
4.315266418457031,0.8478099703788757,3.8758215965730316e-05,2.4617112517868085,12055
4.293051528930664,1.0043195486068726,3.861527946747534e-05,2.4627322850724935,12060
4.592939758300782,1.5832470655441284,3.847258496178788e-05,2.4637533183581786,12065
4.618296813964844,1.6137484312057495,3.8330132612024146e-05,2.4647743516438636,12070
4.547177124023437,2.011632204055786,3.818792258126325e-05,2.4657953849295486,12075
3.574274444580078,1.3008817434310913,3.804595503230662e-05,2.4668164182152337,12080
4.081943511962891,0.9715679883956909,3.790423012767841e-05,2.4678374515009187,12085
3.9476398468017577,2.176096200942993,3.7762748029624735e-05,2.468858484786604,12090
4.000537872314453,1.4131343364715576,3.7621508900113874e-05,2.4698795180722892,12095
4.001690673828125,1.155666708946228,3.748051290083601e-05,2.4709005513579743,12100
4.504235076904297,1.4933444261550903,3.7339760193202843e-05,2.4719215846436593,12105
3.832579803466797,1.8784822225570679,3.719925093834778e-05,2.4729426179293443,12110
5.205187225341797,1.249433994293213,3.7058985297125176e-05,2.47396365121503,12115
4.929248046875,1.6103729009628296,3.691896343011089e-05,2.474984684500715,12120
3.6873195648193358,1.3308919668197632,3.677918549760129e-05,2.4760057177864,12125
4.804087066650391,1.3008877038955688,3.6639651659613945e-05,2.477026751072085,12130
4.364508056640625,1.522390365600586,3.650036207588664e-05,2.47804778435777,12135
3.8767623901367188,1.265078067779541,3.636131690587771e-05,2.479068817643455,12140
3.73272819519043,1.2940069437026978,3.622251630876552e-05,2.4800898509291405,12145
4.591875076293945,1.505442500114441,3.6083960443448696e-05,2.4811108842148255,12150
4.160173797607422,0.9592126607894897,3.59456494685455e-05,2.4821319175005105,12155
3.6110149383544923,0.28727471828460693,3.580758354239383e-05,2.4831529507861956,12160
4.30773811340332,1.5193523168563843,3.566976282305129e-05,2.4841739840718806,12165
4.3590248107910154,1.6763355731964111,3.553218746829448e-05,2.485195017357566,12170
3.6910289764404296,1.0662589073181152,3.539485763561931e-05,2.486216050643251,12175
3.782082748413086,1.7839652299880981,3.525777348224046e-05,2.487237083928936,12180
4.4766998291015625,1.6951264142990112,3.512093516509152e-05,2.488258117214621,12185
4.317483901977539,1.5092288255691528,3.498434284082458e-05,2.4892791505003062,12190
4.340020370483399,1.2515957355499268,3.484799666580993e-05,2.4903001837859913,12195
3.6795345306396485,0.8992989659309387,3.471189679613651e-05,2.4913212170716763,12200
4.449327850341797,1.3697243928909302,3.4576043387610835e-05,2.492342250357362,12205
3.8744251251220705,1.2375699281692505,3.4440436595757576e-05,2.493363283643047,12210
3.9530174255371096,1.0308867692947388,3.430507657581886e-05,2.494384316928732,12215
4.503409576416016,1.5189553499221802,3.4169963482754474e-05,2.495405350214417,12220
4.135651397705078,1.6804289817810059,3.4035097471241475e-05,2.496426383500102,12225
4.732588577270508,1.4823747873306274,3.390047869567403e-05,2.4974474167857874,12230
4.309713745117188,1.360894799232483,3.3766107310163246e-05,2.4984684500714724,12235
4.750235748291016,1.2820429801940918,3.3631983468537155e-05,2.4994894833571575,12240
4.241557693481445,1.7456847429275513,3.34981073243403e-05,2.5005105166428425,12245
4.572478485107422,1.6160918474197388,3.336447903083362e-05,2.5015315499285276,12250
4.775368881225586,1.4009718894958496,3.323109874099439e-05,2.5025525832142126,12255
4.241398620605469,1.9662940502166748,3.309796660751593e-05,2.5035736164998976,12260
4.027932739257812,1.4055675268173218,3.296508278280752e-05,2.504594649785583,12265
3.4167083740234374,1.724545955657959,3.2832447418994134e-05,2.505615683071268,12270
4.636489486694336,1.9056202173233032,3.270006066791634e-05,2.506636716356953,12275
4.350262451171875,1.4191606044769287,3.2567922681130097e-05,2.507657749642638,12280
3.9224197387695314,1.4230824708938599,3.243603360990646e-05,2.5086787829283237,12285
4.78703498840332,1.3915921449661255,3.230439360523177e-05,2.5096998162140087,12290
4.415325164794922,0.9499683380126953,3.217300281780694e-05,2.5107208494996938,12295
4.423898315429687,1.291311502456665,3.204186139804785e-05,2.511741882785379,12300
4.221534347534179,1.3313747644424438,3.1910969496084715e-05,2.512762916071064,12305
4.280066299438476,1.1373655796051025,3.1780327261762195e-05,2.513783949356749,12310
4.104239654541016,1.3513416051864624,3.164993484463918e-05,2.514804982642434,12315
4.2817424774169925,1.7502816915512085,3.151979239398839e-05,2.5158260159281194,12320
4.21693000793457,1.4393283128738403,3.1389900058796605e-05,2.5168470492138044,12325
4.711550903320313,1.3421704769134521,3.1260257987764055e-05,2.5178680824994895,12330
4.754574203491211,1.5681397914886475,3.113086632930465e-05,2.5188891157851745,12335
4.446994018554688,1.593417763710022,3.1001725231545516e-05,2.51991014907086,12340
3.912510299682617,1.1251236200332642,3.0872834842327e-05,2.520931182356545,12345
5.038323211669922,1.5339305400848389,3.07441953092025e-05,2.52195221564223,12350
4.688766860961914,1.3335962295532227,3.0615806779437986e-05,2.522973248927915,12355
4.333788299560547,1.1558125019073486,3.048766940001238e-05,2.5239942822136,12360
4.918845367431641,1.2185560464859009,3.035978331761685e-05,2.525015315499285,12365
4.104541397094726,1.167819857597351,3.0232148678655065e-05,2.52603634878497,12370
4.9258064270019535,1.4319957494735718,3.0104765629242692e-05,2.5270573820706557,12375
3.214306640625,1.0346344709396362,2.997763431520756e-05,2.5280784153563407,12380
4.609503555297851,1.5421931743621826,2.9850754882089076e-05,2.5290994486420257,12385
3.490834045410156,1.8662201166152954,2.9724127475138472e-05,2.5301204819277108,12390
4.402321624755859,1.5699554681777954,2.959775223931843e-05,2.531141515213396,12395
3.7257591247558595,2.017834424972534,2.9471629319302863e-05,2.5321625484990813,12400
4.237850570678711,2.579481363296509,2.9345758859476964e-05,2.5331835817847663,12405
4.73573112487793,1.4731535911560059,2.9220141003936772e-05,2.5342046150704514,12410
4.5916389465332035,1.4931172132492065,2.9094775896489317e-05,2.5352256483561364,12415
4.354610443115234,1.6830469369888306,2.8969663680652068e-05,2.5362466816418214,12420
4.207049179077148,1.1638379096984863,2.8844804499653155e-05,2.5372677149275065,12425
4.690489196777344,1.4703339338302612,2.872019849643104e-05,2.5382887482131915,12430
4.243403625488281,1.516227126121521,2.8595845813634087e-05,2.539309781498877,12435
4.281131744384766,1.302582025527954,2.8471746593621116e-05,2.540330814784562,12440
3.405669403076172,1.24421226978302,2.834790097846032e-05,2.541351848070247,12445
3.712102508544922,1.0882647037506104,2.822430910992993e-05,2.542372881355932,12450
3.6871620178222657,1.0492357015609741,2.81009711295174e-05,2.5433939146416176,12455
4.5884864807128904,1.4232628345489502,2.797788717841973e-05,2.5444149479273026,12460
4.818989181518555,1.3080250024795532,2.785505739754307e-05,2.5454359812129876,12465
4.2273094177246096,1.2038068771362305,2.7732481927502494e-05,2.5464570144986727,12470
3.9673439025878907,3.9878122806549072,2.7610160908622033e-05,2.5474780477843577,12475
4.481669616699219,1.5645490884780884,2.748809448093445e-05,2.5484990810700427,12480
4.946806335449219,1.5207263231277466,2.7366282784181046e-05,2.549520114355728,12485
3.873174285888672,1.291643738746643,2.724472595781133e-05,2.5505411476414133,12490
4.149855041503907,1.6695144176483154,2.7123424140983343e-05,2.5515621809270983,12495
4.244884490966797,1.9087553024291992,2.700237747256287e-05,2.5525832142127833,12500
4.819620895385742,1.681596040725708,2.6881586091123844e-05,2.5536042474984684,12505
4.036348342895508,1.1971162557601929,2.676105013494784e-05,2.5546252807841534,12510
4.484031677246094,1.135873794555664,2.6640769742024063e-05,2.555646314069839,12515
4.3266746520996096,0.9954220056533813,2.6520745050049173e-05,2.556667347355524,12520
4.447014236450196,1.9304234981536865,2.6400976196426952e-05,2.557688380641209,12525
4.925550842285157,1.8111934661865234,2.6281463318268528e-05,2.558709413926894,12530
3.966165542602539,1.0079206228256226,2.6162206552391765e-05,2.559730447212579,12535
4.576952743530273,1.1946405172348022,2.6043206035321455e-05,2.560751480498264,12540
4.175903701782227,2.3091533184051514,2.5924461903289066e-05,2.561772513783949,12545
4.249891662597657,1.3925666809082031,2.580597429223247e-05,2.5627935470696346,12550
3.940744400024414,0.5811629295349121,2.5687743337796e-05,2.5638145803553196,12555
4.356056976318359,1.2959548234939575,2.5569769175329964e-05,2.5648356136410047,12560
4.4106403350830075,1.5117814540863037,2.545205193989092e-05,2.5658566469266897,12565
4.112833786010742,1.243871808052063,2.533459176624106e-05,2.566877680212375,12570
4.521504211425781,1.8030946254730225,2.5217388788848523e-05,2.56789871349806,12575
4.688538360595703,1.2182124853134155,2.5100443141886864e-05,2.5689197467837452,12580
3.9042545318603517,0.5808054208755493,2.4983754959235133e-05,2.5699407800694303,12585
4.711056900024414,1.1755080223083496,2.486732437447764e-05,2.5709618133551153,12590
4.253276824951172,1.0783891677856445,2.4751151520903653e-05,2.5719828466408003,12595
4.225023651123047,2.1437175273895264,2.4635236531507566e-05,2.5730038799264854,12600
4.488890075683594,1.2722734212875366,2.4519579538988424e-05,2.574024913212171,12605
4.077052307128906,1.0235702991485596,2.440418067575004e-05,2.575045946497856,12610
3.887371826171875,1.6182034015655518,2.4289040073900677e-05,2.576066979783541,12615
4.643114852905273,1.2507134675979614,2.4174157865252926e-05,2.577088013069226,12620
4.578644180297852,1.1775071620941162,2.405953418132359e-05,2.578109046354911,12625
3.5749950408935547,1.2578635215759277,2.3945169153333446e-05,2.5791300796405965,12630
4.580417633056641,1.240195393562317,2.3831062912207324e-05,2.5801511129262815,12635
4.812163543701172,1.4483819007873535,2.371721558857362e-05,2.5811721462119666,12640
4.188191604614258,1.0249840021133423,2.3603627312764388e-05,2.5821931794976516,12645
4.102982711791992,1.3642290830612183,2.349029821481513e-05,2.5832142127833366,12650
4.160941314697266,1.2493165731430054,2.337722842446474e-05,2.5842352460690217,12655
4.312102890014648,1.82585871219635,2.3264418071155063e-05,2.5852562793547067,12660
4.122739791870117,1.4958772659301758,2.3151867284031015e-05,2.586277312640392,12665
4.013941955566406,1.4106812477111816,2.3039576191940525e-05,2.587298345926077,12670
3.763954925537109,1.028648018836975,2.2927544923433907e-05,2.5883193792117623,12675
3.9171188354492186,0.9994677305221558,2.281577360676432e-05,2.5893404124974473,12680
3.698522186279297,1.4958890676498413,2.270426236988718e-05,2.5903614457831328,12685
4.1698455810546875,1.5809072256088257,2.2593011340460267e-05,2.591382479068818,12690
5.076978302001953,1.3010092973709106,2.2482020645843314e-05,2.592403512354503,12695
4.140220642089844,1.2314083576202393,2.2371290413098154e-05,2.593424545640188,12700
4.31750717163086,1.7337579727172852,2.226082076898847e-05,2.594445578925873,12705
4.504330444335937,1.325282335281372,2.2150611839979488e-05,2.595466612211558,12710
4.015017700195313,1.1875876188278198,2.2040663752238067e-05,2.596487645497243,12715
4.162678527832031,1.3951330184936523,2.1930976631632433e-05,2.5975086787829285,12720
4.358455657958984,3.0972790718078613,2.1821550603732143e-05,2.5985297120686135,12725
3.8308509826660155,1.3351579904556274,2.171238579380763e-05,2.5995507453542985,12730
4.316181945800781,1.1066563129425049,2.1603482326830544e-05,2.6005717786399836,12735
3.841744613647461,1.3636890649795532,2.1494840327473148e-05,2.601592811925669,12740
4.046446990966797,1.5327500104904175,2.1386459920108486e-05,2.602613845211354,12745
4.499483108520508,1.5739142894744873,2.1278341228810143e-05,2.603634878497039,12750
4.236454772949219,1.1166863441467285,2.117048437735203e-05,2.604655911782724,12755
4.0266376495361325,1.0512545108795166,2.106288948920837e-05,2.605676945068409,12760
4.51288070678711,1.5080430507659912,2.0955556687553417e-05,2.6066979783540942,12765
3.161022186279297,1.196092128753662,2.0848486095261466e-05,2.6077190116397793,12770
5.089774703979492,1.4057599306106567,2.074167783490652e-05,2.6087400449254643,12775
4.064643478393554,1.2371107339859009,2.063513202876241e-05,2.6097610782111498,12780
5.01571044921875,1.720091700553894,2.05288487988024e-05,2.610782111496835,12785
4.9936882019042965,1.822792649269104,2.042282826669925e-05,2.61180314478252,12790
4.519039154052734,1.2919797897338867,2.0317070553824924e-05,2.612824178068205,12795
4.271828842163086,2.578136444091797,2.0211575781250464e-05,2.6138452113538904,12800
4.402354049682617,1.3809728622436523,2.010634406974604e-05,2.6148662446395754,12805
4.028753662109375,0.9735544323921204,2.0001375539780514e-05,2.6158872779252604,12810
4.75671501159668,1.4039634466171265,1.9896670311521537e-05,2.6169083112109455,12815
4.570182037353516,1.0693854093551636,1.9792228504835363e-05,2.6179293444966305,12820
4.695658111572266,1.5255223512649536,1.968805023928663e-05,2.6189503777823155,12825
4.506353759765625,1.3574990034103394,1.9584135634138328e-05,2.6199714110680006,12830
4.4603221893310545,1.3077330589294434,1.948048480835149e-05,2.620992444353686,12835
3.8580894470214844,1.3299084901809692,1.9377097880585365e-05,2.622013477639371,12840
4.357757568359375,1.2978814840316772,1.927397496919686e-05,2.623034510925056,12845
5.228816223144531,1.5103682279586792,1.917111619224085e-05,2.624055544210741,12850
5.112069320678711,1.1494241952896118,1.9068521667469697e-05,2.6250765774964266,12855
4.3040008544921875,1.2003872394561768,1.8966191512333364e-05,2.6260976107821117,12860
4.035643768310547,1.4271352291107178,1.8864125843979007e-05,2.6271186440677967,12865
4.386465454101563,1.2329350709915161,1.8762324779251105e-05,2.6281396773534818,12870
4.0059059143066404,0.8996222615242004,1.8660788434691267e-05,2.629160710639167,12875
4.578594589233399,1.4061273336410522,1.8559516926537873e-05,2.630181743924852,12880
4.142625045776367,1.2603943347930908,1.8458510370726294e-05,2.631202777210537,12885
4.4641273498535154,1.5587148666381836,1.835776888288851e-05,2.6322238104962223,12890
3.188089370727539,0.9918527603149414,1.8257292578353097e-05,2.6332448437819074,12895
4.397168350219727,1.2919721603393555,1.8157081572144963e-05,2.6342658770675924,12900
4.608776473999024,2.157917022705078,1.805713597898534e-05,2.6352869103532774,12905
3.974073028564453,1.7125719785690308,1.7957455913291702e-05,2.6363079436389625,12910
4.553629302978516,1.189264178276062,1.7858041489177414e-05,2.637328976924648,12915
4.130677795410156,1.3690372705459595,1.7758892820451815e-05,2.638350010210333,12920
4.558880233764649,1.2643356323242188,1.766001002061998e-05,2.639371043496018,12925
4.456654357910156,1.2659404277801514,1.756139320288272e-05,2.640392076781703,12930
3.7543357849121093,0.7931221127510071,1.746304248013611e-05,2.641413110067388,12935
3.836925506591797,1.4006162881851196,1.736495796497184e-05,2.642434143353073,12940
4.3433990478515625,1.0580401420593262,1.7267139769676782e-05,2.643455176638758,12945
3.861470031738281,1.4390413761138916,1.7169588006232834e-05,2.6444762099244437,12950
4.3310791015625,1.8522249460220337,1.707230278631694e-05,2.6454972432101287,12955
3.6430641174316407,0.9961519837379456,1.6975284221300984e-05,2.6465182764958137,12960
3.824900817871094,1.9004406929016113,1.6878532422251513e-05,2.6475393097814988,12965
4.383507919311524,1.3159523010253906,1.678204749992962e-05,2.6485603430671842,12970
4.108829498291016,1.5890611410140991,1.6685829564791006e-05,2.6495813763528693,12975
4.344818878173828,0.9340373873710632,1.6589878726985612e-05,2.6506024096385543,12980
3.9818023681640624,1.0822514295578003,1.649419509635766e-05,2.6516234429242393,12985
4.397321319580078,1.2229803800582886,1.639877878244553e-05,2.6526444762099244,12990
4.434646987915039,1.2252167463302612,1.6303629894481446e-05,2.6536655094956094,12995
4.0967144012451175,0.9357348680496216,1.6208748541391622e-05,2.6546865427812945,13000
5.002497863769531,1.2479496002197266,1.6114134831795883e-05,2.65570757606698,13005
4.090932464599609,1.0802119970321655,1.601978887400776e-05,2.656728609352665,13010
4.165689086914062,1.289003610610962,1.5925710776034164e-05,2.65774964263835,13015
4.502217102050781,1.2437561750411987,1.583190064557541e-05,2.658770675924035,13020
4.624758529663086,0.8820629119873047,1.5738358590025065e-05,2.65979170920972,13025
4.578453826904297,1.5762217044830322,1.5645084716469747e-05,2.6608127424954056,13030
3.94604377746582,1.2121796607971191,1.5552079131689184e-05,2.6618337757810906,13035
4.549731063842773,1.6704041957855225,1.5459341942155786e-05,2.6628548090667756,13040
3.9092960357666016,1.7674610614776611,1.5366873254034854e-05,2.6638758423524607,13045
4.239400482177734,1.476776123046875,1.5274673173184178e-05,2.6648968756381457,13050
4.299654006958008,1.3351939916610718,1.5182741805154193e-05,2.6659179089238307,13055
3.623809814453125,1.5701181888580322,1.5091079255187601e-05,2.6669389422095158,13060
3.7437820434570312,1.14186692237854,1.4999685628219489e-05,2.6679599754952013,13065
3.6903167724609376,1.4978997707366943,1.490856102887686e-05,2.6689810087808863,13070
4.261079406738281,1.3956267833709717,1.4817705561478961e-05,2.6700020420665713,13075
4.329314422607422,1.6231694221496582,1.4727119330036842e-05,2.6710230753522564,13080
3.9245555877685545,1.5582711696624756,1.46368024382533e-05,2.672044108637942,13085
3.5487411499023436,1.059901475906372,1.4546754989522847e-05,2.673065141923627,13090
4.637760925292969,1.880503535270691,1.4456977086931528e-05,2.674086175209312,13095
3.9967571258544923,1.5024038553237915,1.4367468833256847e-05,2.675107208494997,13100
4.4681243896484375,1.388400912284851,1.4278230330967479e-05,2.676128241780682,13105
4.067654037475586,1.3223652839660645,1.4189261682223426e-05,2.677149275066367,13110
4.494847106933594,1.370467185974121,1.4100562988875798e-05,2.678170308352052,13115
4.266822814941406,2.703537702560425,1.4012134352466427e-05,2.6791913416377375,13120
4.569375991821289,1.3436678647994995,1.392397587422825e-05,2.6802123749234226,13125
4.323160552978516,1.4502547979354858,1.3836087655084789e-05,2.6812334082091076,13130
4.291342926025391,1.225222110748291,1.3748469795650225e-05,2.6822544414947926,13135
3.983205032348633,3.0246872901916504,1.3661122396229186e-05,2.683275474780478,13140
4.419725799560547,2.1486783027648926,1.3574045556816683e-05,2.684296508066163,13145
3.9663299560546874,0.9373418688774109,1.3487239377098059e-05,2.685317541351848,13150
3.912063217163086,1.2626724243164062,1.3400703956448684e-05,2.6863385746375332,13155
4.263358306884766,1.2010340690612793,1.331443939393412e-05,2.6873596079232183,13160
4.101626586914063,1.9091588258743286,1.3228445788309701e-05,2.6883806412089033,13165
3.9804195404052733,0.9843420386314392,1.314272323802071e-05,2.6894016744945883,13170
4.527748870849609,1.6952550411224365,1.305727184120198e-05,2.6904227077802734,13175
4.356285476684571,1.0962789058685303,1.2972091695678034e-05,2.691443741065959,13180
4.489412689208985,1.6740753650665283,1.2887182898962874e-05,2.692464774351644,13185
3.913037872314453,1.1739856004714966,1.2802545548259742e-05,2.693485807637329,13190
3.8610504150390623,1.3691614866256714,1.2718179740461272e-05,2.694506840923014,13195
4.113348770141601,1.2510488033294678,1.2634085572149179e-05,2.6955278742086994,13200
4.633464813232422,1.258384108543396,1.2550263139594204e-05,2.6965489074943845,13205
4.79565658569336,1.1541451215744019,1.2466712538755948e-05,2.6975699407800695,13210
4.1226036071777346,1.5624308586120605,1.2383433865282983e-05,2.6985909740657545,13215
4.106634521484375,1.1191271543502808,1.2300427214512355e-05,2.6996120073514396,13220
4.872754669189453,1.4251044988632202,1.221769268146991e-05,2.7006330406371246,13225
3.9267044067382812,1.3815940618515015,1.2135230360869804e-05,2.7016540739228097,13230
4.329934310913086,0.8857842087745667,1.2053040347114712e-05,2.702675107208495,13235
4.484754180908203,1.1063259840011597,1.1971122734295542e-05,2.70369614049418,13240
4.385762786865234,1.3649235963821411,1.1889477616191191e-05,2.704717173779865,13245
4.421027755737304,1.4735116958618164,1.1808105086268839e-05,2.7057382070655502,13250
4.268291091918945,1.4097042083740234,1.1727005237683442e-05,2.7067592403512357,13255
4.356502532958984,1.7382780313491821,1.1646178163277898e-05,2.7077802736369208,13260
4.584463500976563,1.67851984500885,1.156562395558275e-05,2.708801306922606,13265
3.90550537109375,1.1522654294967651,1.1485342706816255e-05,2.709822340208291,13270
4.141783905029297,1.5726314783096313,1.1405334508884119e-05,2.710843373493976,13275
3.813456344604492,1.7272206544876099,1.1325599453379438e-05,2.711864406779661,13280
4.417797088623047,1.4355907440185547,1.1246137631582692e-05,2.712885440065346,13285
3.9607162475585938,1.6710869073867798,1.1166949134461507e-05,2.713906473351031,13290
3.719554138183594,1.0790276527404785,1.1088034052670642e-05,2.7149275066367164,13295
3.8834877014160156,1.1869754791259766,1.1009392476551805e-05,2.7159485399224015,13300
4.28564453125,1.5509183406829834,1.09310244961337e-05,2.7169695732080865,13305
4.567796325683593,1.9639075994491577,1.085293020113165e-05,2.7179906064937716,13310
4.031029510498047,0.7225437760353088,1.077510968094783e-05,2.719011639779457,13315
4.112262344360351,1.4919079542160034,1.0697563024670925e-05,2.720032673065142,13320
4.295975112915039,1.308327317237854,1.0620290321076031e-05,2.721053706350827,13325
4.122048187255859,1.5361028909683228,1.0543291658624803e-05,2.722074739636512,13330
4.714684677124024,1.7099279165267944,1.0466567125464955e-05,2.723095772922197,13335
4.114481353759766,1.0446349382400513,1.0390116809430638e-05,2.724116806207882,13340
4.21696662902832,1.4959017038345337,1.0313940798041794e-05,2.7251378394935672,13345
4.329203796386719,1.7543997764587402,1.023803917850455e-05,2.7261588727792527,13350
4.717037963867187,1.196201205253601,1.0162412037710871e-05,2.7271799060649378,13355
4.539216232299805,1.8381212949752808,1.0087059462238397e-05,2.728200939350623,13360
4.4751838684082035,1.4135392904281616,1.001198153835059e-05,2.729221972636308,13365
4.1493980407714846,1.3592283725738525,9.937178351996312e-06,2.7302430059219933,13370
4.581722259521484,1.8884351253509521,9.862649988810174e-06,2.7312640392076784,13375
4.585972595214844,1.067031979560852,9.788396534111926e-06,2.7322850724933634,13380
3.9815704345703127,1.582251787185669,9.714418072906683e-06,2.7333061057790484,13385
4.291291809082031,1.6051584482192993,9.640714689884784e-06,2.7343271390647335,13390
3.853774642944336,1.1834386587142944,9.567286469421621e-06,2.7353481723504185,13395
3.908453369140625,0.5883923172950745,9.494133495577568e-06,2.7363692056361035,13400
4.412055969238281,1.6109739542007446,9.421255852097965e-06,2.737390238921789,13405
3.5303409576416014,1.215678095817566,9.348653622412912e-06,2.738411272207474,13410
3.963117218017578,1.2462539672851562,9.276326889637143e-06,2.739432305493159,13415
4.568636322021485,1.5840449333190918,9.20427573657015e-06,2.740453338778844,13420
4.157130432128906,1.66098952293396,9.132500245695868e-06,2.741474372064529,13425
3.8712093353271486,1.5952563285827637,9.061000499182598e-06,2.7424954053502146,13430
4.936686706542969,1.573516845703125,8.989776578883058e-06,2.7435164386358997,13435
4.498248291015625,2.280745029449463,8.918828566334164e-06,2.7445374719215847,13440
4.146015167236328,1.6711771488189697,8.84815654275703e-06,2.7455585052072697,13445
3.8251926422119142,1.7752517461776733,8.777760589056688e-06,2.7465795384929548,13450
4.156809997558594,1.7207555770874023,8.707640785822258e-06,2.74760057177864,13455
3.9403457641601562,0.9612600803375244,8.637797213326638e-06,2.748621605064325,13460
3.7105846405029297,0.8788785934448242,8.568229951526535e-06,2.7496426383500103,13465
4.780112457275391,1.630235195159912,8.498939080062356e-06,2.7506636716356954,13470
4.2862297058105465,1.3430826663970947,8.429924678258066e-06,2.7516847049213804,13475
5.127053070068359,1.454506516456604,8.36118682512116e-06,2.7527057382070654,13480
3.7198345184326174,1.6398628950119019,8.292725599342437e-06,2.753726771492751,13485
4.070002746582031,1.133779525756836,8.22454107929621e-06,2.754747804778436,13490
4.399789047241211,1.5892200469970703,8.156633343039788e-06,2.755768838064121,13495
4.083253860473633,1.4705935716629028,8.089002468313816e-06,2.756789871349806,13500
4.720305252075195,1.7161452770233154,8.021648532541865e-06,2.757810904635491,13505
4.304203796386719,1.400889277458191,7.954571612830557e-06,2.758831937921176,13510
4.372495651245117,1.637560486793518,7.887771785969305e-06,2.759852971206861,13515
4.561553573608398,1.5971965789794922,7.821249128430325e-06,2.7608740044925466,13520
4.496003341674805,0.9936539530754089,7.755003716368614e-06,2.7618950377782316,13525
4.376680755615235,1.3806321620941162,7.689035625621621e-06,2.7629160710639167,13530
4.890574264526367,1.7126916646957397,7.623344931709492e-06,2.7639371043496017,13535
4.4100799560546875,1.2816112041473389,7.557931709834653e-06,2.7649581376352868,13540
4.775656509399414,1.5832551717758179,7.492796034882066e-06,2.7659791709209722,13545
4.576181411743164,1.3283765316009521,7.42793798141872e-06,2.7670002042066573,13550
3.823773193359375,1.6260420083999634,7.363357623693972e-06,2.7680212374923423,13555
4.566857147216797,1.1320481300354004,7.299055035639268e-06,2.7690422707780273,13560
4.19575309753418,1.452149748802185,7.235030290867889e-06,2.7700633040637124,13565
4.5251319885253904,1.2370731830596924,7.1712834626752875e-06,2.7710843373493974,13570
4.863269805908203,1.3012534379959106,7.107814624038506e-06,2.7721053706350824,13575
4.2294456481933596,1.5599576234817505,7.0446238476166155e-06,2.773126403920768,13580
4.181368255615235,1.2545799016952515,6.981711205750085e-06,2.774147437206453,13585
4.411336517333984,1.2716593742370605,6.919076770461191e-06,2.775168470492138,13590
4.385992431640625,0.8382629752159119,6.85672061345366e-06,2.776189503777823,13595
3.926395797729492,2.039907932281494,6.794642806112527e-06,2.7772105370635085,13600
4.135437393188477,1.8573888540267944,6.732843419504364e-06,2.7782315703491935,13605
3.5033985137939454,1.1419119834899902,6.671322524376827e-06,2.7792526036348786,13610
3.742359161376953,1.1724517345428467,6.610080191158968e-06,2.7802736369205636,13615
3.898724365234375,0.9903180599212646,6.5491164899607044e-06,2.7812946702062487,13620
3.9744300842285156,2.4792981147766113,6.488431490573154e-06,2.7823157034919337,13625
4.349810791015625,1.467499852180481,6.428025262468301e-06,2.7833367367776187,13630
3.5674518585205077,1.033547282218933,6.3678978747989945e-06,2.784357770063304,13635
4.210755920410156,2.2665250301361084,6.308049396398896e-06,2.7853788033489892,13640
4.443027496337891,1.4994583129882812,6.248479895782311e-06,2.7863998366346743,13645
4.696812438964844,1.3652467727661133,6.1891894411443e-06,2.7874208699203593,13650
4.774713134765625,1.0756767988204956,6.130178100360318e-06,2.788441903206045,13655
3.8955081939697265,0.8645321726799011,6.071445940986409e-06,2.78946293649173,13660
3.603914260864258,1.2625610828399658,6.012993030258929e-06,2.790483969777415,13665
4.265790176391602,1.96565580368042,5.9548194350946e-06,2.7915050030631,13670
4.343414306640625,1.0395833253860474,5.896925222090399e-06,2.792526036348785,13675
3.6024662017822267,1.8206524848937988,5.839310457523367e-06,2.79354706963447,13680
3.677507019042969,0.9284361600875854,5.781975207350826e-06,2.794568102920155,13685
3.7829803466796874,1.38331139087677,5.724919537209883e-06,2.79558913620584,13690
3.919763946533203,1.182146668434143,5.668143512417762e-06,2.7966101694915255,13695
4.711825561523438,1.5066759586334229,5.6116471979714144e-06,2.7976312027772106,13700
3.921204376220703,1.281650424003601,5.555430658547689e-06,2.7986522360628956,13705
4.07994499206543,1.8845365047454834,5.4994939585030765e-06,2.7996732693485806,13710
4.254683303833008,1.2361280918121338,5.443837161873771e-06,2.800694302634266,13715
4.437489700317383,1.3634265661239624,5.3884603323755e-06,2.801715335919951,13720
2.9034683227539064,1.2557175159454346,5.33336353340344e-06,2.802736369205636,13725
4.007985687255859,1.4830374717712402,5.278546828032277e-06,2.803757402491321,13730
3.823242950439453,1.266289472579956,5.2240102790159784e-06,2.8047784357770063,13735
4.603362274169922,1.3644144535064697,5.169753948787798e-06,2.8057994690626913,13740
4.443413925170899,1.550787329673767,5.115777899460272e-06,2.8068205023483763,13745
4.275539398193359,1.2573658227920532,5.062082192824946e-06,2.807841535634062,13750
4.445351028442383,1.3067867755889893,5.008666890352593e-06,2.808862568919747,13755
4.643608474731446,2.117784023284912,4.955532053192768e-06,2.809883602205432,13760
4.852648162841797,1.5377365350723267,4.90267774217415e-06,2.810904635491117,13765
4.0048473358154295,1.4422680139541626,4.850104017804141e-06,2.8119256687768024,13770
4.089176940917969,1.575755000114441,4.7978109402690155e-06,2.8129467020624874,13775
4.829194259643555,1.2800779342651367,4.74579856943369e-06,2.8139677353481725,13780
4.672739410400391,1.1272820234298706,4.694066964841787e-06,2.8149887686338575,13785
4.849863815307617,0.9535964131355286,4.642616185715487e-06,2.8160098019195425,13790
4.210518646240234,1.4655530452728271,4.591446290955453e-06,2.8170308352052276,13795
4.60086669921875,1.7122174501419067,4.540557339140855e-06,2.8180518684909126,13800
4.310122680664063,2.5263423919677734,4.4899493885291745e-06,2.819072901776598,13805
4.299611663818359,1.674734115600586,4.439622497056289e-06,2.820093935062283,13810
4.729116821289063,1.3947422504425049,4.389576722336169e-06,2.821114968347968,13815
3.9455066680908204,3.5181539058685303,4.339812121661179e-06,2.822136001633653,13820
3.9592464447021483,1.5328196287155151,4.290328752001582e-06,2.8231570349193382,13825
4.118889617919922,1.4229912757873535,4.241126670005841e-06,2.8241780682050237,13830
4.297124862670898,1.1625471115112305,4.1922059320003145e-06,2.8251991014907087,13835
4.007817077636719,1.681948184967041,4.143566593989345e-06,2.8262201347763938,13840
4.461033630371094,1.6550289392471313,4.095208711655085e-06,2.827241168062079,13845
3.8681339263916015,1.4439829587936401,4.047132340357418e-06,2.828262201347764,13850
4.519885635375976,1.0802499055862427,3.999337535134151e-06,2.829283234633449,13855
4.526733016967773,0.9398543238639832,3.951824350700517e-06,2.830304267919134,13860
4.620037078857422,1.0272380113601685,3.904592841449506e-06,2.8313253012048194,13865
4.656156158447265,1.360307216644287,3.8576430614516155e-06,2.8323463344905044,13870
4.486715698242188,1.2578258514404297,3.8109750644547692e-06,2.8333673677761895,13875
3.6757553100585936,1.181862473487854,3.7645889038843973e-06,2.8343884010618745,13880
4.038689422607422,1.1487447023391724,3.718484632843161e-06,2.83540943434756,13885
4.565350723266602,1.2212693691253662,3.672662304111146e-06,2.836430467633245,13890
3.9027339935302736,1.3834400177001953,3.627121970145586e-06,2.83745150091893,13895
3.5456619262695312,1.3501771688461304,3.581863683080916e-06,2.838472534204615,13900
3.90795783996582,1.235347867012024,3.536887494728691e-06,2.8394935674903,13905
4.340792846679688,1.6473747491836548,3.492193456577475e-06,2.840514600775985,13910
4.552827453613281,1.5368783473968506,3.4477816197929225e-06,2.84153563406167,13915
4.355488204956055,1.858437180519104,3.4036520352174747e-06,2.8425566673473557,13920
3.5134017944335936,1.1825507879257202,3.3598047533706656e-06,2.8435777006330407,13925
4.417436218261718,1.5075119733810425,3.316239824448647e-06,2.8445987339187258,13930
4.811798095703125,1.235444188117981,3.2729572983244138e-06,2.845619767204411,13935
4.2214916229248045,1.2944023609161377,3.2299572245476918e-06,2.846640800490096,13940
4.440827560424805,1.7045748233795166,3.187239652344798e-06,2.8476618337757813,13945
4.643145751953125,1.427250623703003,3.144804630618725e-06,2.8486828670614663,13950
4.0964408874511715,1.511814832687378,3.1026522079488915e-06,2.8497039003471514,13955
3.9976593017578126,1.1346288919448853,3.060782432591336e-06,2.8507249336328364,13960
4.14930534362793,1.680526614189148,3.0191953524783546e-06,2.8517459669185214,13965
4.49071044921875,1.2913246154785156,2.977891015218809e-06,2.8527670002042065,13970
4.028591918945312,1.1723400354385376,2.9368694680976803e-06,2.8537880334898915,13975
4.825522994995117,1.1956344842910767,2.896130758076376e-06,2.854809066775577,13980
3.9770851135253906,1.5390453338623047,2.8556749317924237e-06,2.855830100061262,13985
4.212235641479492,1.4033557176589966,2.8155020355594698e-06,2.856851133346947,13990
3.8861465454101562,1.346763014793396,2.7756121153674206e-06,2.857872166632632,13995
4.171537017822265,1.5172979831695557,2.7360052168820535e-06,2.8588931999183176,14000
4.247592163085938,1.3094216585159302,2.6966813854452654e-06,2.8599142332040026,14005
4.708747863769531,1.581467866897583,2.6576406660748507e-06,2.8609352664896877,14010
4.621103286743164,1.3320472240447998,2.6188831034644754e-06,2.8619562997753727,14015
4.239606475830078,1.5719218254089355,2.580408741983703e-06,2.8629773330610577,14020
4.026827621459961,1.5853519439697266,2.542217625677856e-06,2.8639983663467428,14025
4.111776733398438,1.533251166343689,2.50430979826799e-06,2.865019399632428,14030
4.306052398681641,1.7638574838638306,2.4666853031508894e-06,2.8660404329181133,14035
4.447953414916992,1.6286897659301758,2.4293441833989627e-06,2.8670614662037983,14040
4.2681434631347654,1.4422882795333862,2.392286481760153e-06,2.8680824994894834,14045
4.290841674804687,1.4358617067337036,2.3555122406580807e-06,2.8691035327751684,14050
4.834581756591797,1.6957694292068481,2.3190215021917094e-06,2.8701245660608534,14055
4.279916381835937,1.5589945316314697,2.2828143081355945e-06,2.871145599346539,14060
3.886724853515625,1.1692336797714233,2.246890699939552e-06,2.872166632632224,14065
4.5883232116699215,1.6663509607315063,2.211250718728852e-06,2.873187665917909,14070
4.875845336914063,1.764130711555481,2.175894405304052e-06,2.874208699203594,14075
3.9397682189941405,1.7896981239318848,2.140821800140885e-06,2.875229732489279,14080
4.530947494506836,1.9202449321746826,2.1060329433904293e-06,2.876250765774964,14085
3.9262542724609375,1.5990784168243408,2.071527874878798e-06,2.877271799060649,14090
4.553407287597656,1.2903035879135132,2.0373066341073387e-06,2.8782928323463346,14095
4.614754867553711,1.791203260421753,2.003369260252408e-06,2.8793138656320196,14100
3.7167407989501955,0.8098056316375732,1.969715792165372e-06,2.8803348989177047,14105
3.704632568359375,0.3375510573387146,1.9363462683726353e-06,2.8813559322033897,14110
4.496941757202149,1.1645638942718506,1.9032607270755564e-06,2.882376965489075,14115
4.170526123046875,1.6048672199249268,1.87045920615031e-06,2.88339799877476,14120
4.165061187744141,1.4653716087341309,1.8379417431479973e-06,2.8844190320604453,14125
3.975341033935547,1.0367625951766968,1.8057083752945347e-06,2.8854400653461303,14130
3.524993896484375,0.7177447080612183,1.7737591394905161e-06,2.8864610986318153,14135
4.34264030456543,1.8437167406082153,1.7420940723113787e-06,2.8874821319175004,14140
4.388113021850586,1.3519487380981445,1.710713210007181e-06,2.8885031652031854,14145
4.491054534912109,1.5328561067581177,1.6796165885026304e-06,2.889524198488871,14150
4.68903923034668,1.267480731010437,1.6488042433970563e-06,2.890545231774556,14155
3.8854301452636717,1.4677140712738037,1.6182762099643256e-06,2.891566265060241,14160
4.155561828613282,1.7264916896820068,1.588032523152816e-06,2.892587298345926,14165
3.6960662841796874,0.45185890793800354,1.5580732175854428e-06,2.8936083316316115,14170
3.9899642944335936,1.2765181064605713,1.5283983275594937e-06,2.8946293649172965,14175
4.521938323974609,1.6003050804138184,1.4990078870467106e-06,2.8956503982029815,14180
4.749970245361328,1.1936665773391724,1.4699019296931514e-06,2.8966714314886666,14185
4.16119155883789,1.3811300992965698,1.4410804888192742e-06,2.8976924647743516,14190
4.539030838012695,1.3987535238265991,1.4125435974197132e-06,2.8987134980600366,14195
4.149897766113281,1.3135844469070435,1.3842912881634473e-06,2.8997345313457217,14200
4.203327560424805,1.2364261150360107,1.3563235933936325e-06,2.9007555646314067,14205
4.49804916381836,1.5834306478500366,1.3286405451276295e-06,2.901776597917092,14210
4.049372863769531,1.5046781301498413,1.3012421750568104e-06,2.9027976312027772,14215
4.637485504150391,1.178515911102295,1.274128514546835e-06,2.9038186644884623,14220
4.610891342163086,1.3010753393173218,1.247299594637319e-06,2.9048396977741473,14225
3.8911968231201173,1.3421664237976074,1.2207554460418879e-06,2.905860731059833,14230
3.972626495361328,1.7365193367004395,1.1944960991482345e-06,2.906881764345518,14235
4.6006523132324215,1.788636565208435,1.1685215840179508e-06,2.907902797631203,14240
4.296330261230469,2.362382173538208,1.142831930386612e-06,2.908923830916888,14245
4.424357986450195,1.6937822103500366,1.1174271676636373e-06,2.909944864202573,14250
4.590839004516601,1.3645294904708862,1.092307324932318e-06,2.910965897488258,14255
4.317712783813477,1.2842164039611816,1.0674724309497618e-06,2.911986930773943,14260
4.335844039916992,1.4984081983566284,1.0429225141469212e-06,2.9130079640596285,14265
3.9903980255126954,1.3406821489334106,1.0186576026283979e-06,2.9140289973453135,14270
4.477904510498047,2.2322752475738525,9.946777241726379e-07,2.9150500306309985,14275
4.694812393188476,1.0044435262680054,9.7098290623171e-07,2.9160710639166836,14280
4.162252426147461,1.6254242658615112,9.475731759313877e-07,2.917092097202369,14285
4.185432052612304,1.611206293106079,9.244485600710394e-07,2.918113130488054,14290
4.661027526855468,1.3323380947113037,9.016090851236281e-07,2.919134163773739,14295
4.519594192504883,1.681863784790039,8.79054777235766e-07,2.920155197059424,14300
4.228546142578125,1.813997745513916,8.567856622275216e-07,2.921176230345109,14305
4.436404800415039,1.4900124073028564,8.348017655925022e-07,2.9221972636307942,14310
4.4717761993408205,1.230229377746582,8.131031124978538e-07,2.9232182969164793,14315
4.309815979003906,1.708698034286499,7.916897277840674e-07,2.9242393302021648,14320
4.044175338745117,1.0267988443374634,7.705616359651446e-07,2.92526036348785,14325
3.9924850463867188,1.5522352457046509,7.4971886122846e-07,2.926281396773535,14330
4.027162170410156,1.2961962223052979,7.291614274347324e-07,2.92730243005922,14335
4.2893623352050785,1.2028436660766602,7.088893581180811e-07,2.928323463344905,14340
4.389637756347656,2.021634578704834,6.889026764859141e-07,2.9293444966305904,14345
4.42840347290039,1.4922703504562378,6.692014054188734e-07,2.9303655299162754,14350
4.156304931640625,0.6297156810760498,6.497855674709729e-07,2.9313865632019604,14355
4.44885025024414,1.6104503870010376,6.306551848693498e-07,2.9324075964876455,14360
4.423964309692383,1.4149433374404907,6.118102795144298e-07,2.9334286297733305,14365
4.475575637817383,1.4291068315505981,5.93250872979817e-07,2.9344496630590156,14370
4.447171020507812,1.2601730823516846,5.749769865122378e-07,2.9354706963447006,14375
4.533012771606446,1.2740687131881714,5.569886410315695e-07,2.936491729630386,14380
3.91707763671875,1.932621717453003,5.392858571308667e-07,2.937512762916071,14385
4.090397644042969,1.004021167755127,5.218686550761686e-07,2.938533796201756,14390
3.7510826110839846,1.365373969078064,5.047370548066643e-07,2.939554829487441,14395
3.6939605712890624,1.6008050441741943,4.87891075934499e-07,2.9405758627731267,14400
4.24146728515625,1.929989218711853,4.71330737744996e-07,2.9415968960588117,14405
4.348728942871094,1.2947092056274414,4.55056059196296e-07,2.9426179293444967,14410
4.08927001953125,1.0460472106933594,4.3906705891966215e-07,2.9436389626301818,14415
4.229909896850586,1.453498363494873,4.2336375521917493e-07,2.944659995915867,14420
5.033338165283203,2.0929272174835205,4.079461660720096e-07,2.945681029201552,14425
3.493789291381836,1.181027889251709,3.9281430912810335e-07,2.946702062487237,14430
4.303408813476563,1.2822887897491455,3.779682017104047e-07,2.9477230957729224,14435
3.760527801513672,1.5119028091430664,3.634078608146796e-07,2.9487441290586074,14440
4.364675140380859,1.3607491254806519,3.491333031095667e-07,2.9497651623442924,14445
4.007234191894531,2.1026031970977783,3.35144544936522e-07,2.9507861956299775,14450
4.246765899658203,1.2207810878753662,3.214416023098188e-07,2.9518072289156625,14455
4.642625427246093,1.6031173467636108,3.0802449091657526e-07,2.952828262201348,14460
3.7550792694091797,1.8139995336532593,2.948932261166437e-07,2.953849295487033,14465
4.0222724914550785,1.4319692850112915,2.820478229426382e-07,2.954870328772718,14470
4.703258895874024,1.6192857027053833,2.6948829609999004e-07,2.955891362058403,14475
3.576721954345703,1.5640146732330322,2.572146599667535e-07,2.956912395344088,14480
4.138973617553711,1.27947998046875,2.4522692859374474e-07,2.957933428629773,14485
4.507944488525391,1.133955955505371,2.3352511570451374e-07,2.958954461915458,14490
4.198077774047851,1.274658441543579,2.2210923469526134e-07,2.9599754952011437,14495
4.345756530761719,1.1291265487670898,2.1097929863483912e-07,2.9609965284868287,14500
5.010886764526367,2.061760425567627,2.0013532026474934e-07,2.9620175617725137,14505
4.4840553283691404,1.116916298866272,1.8957731199917282e-07,2.9630385950581988,14510
4.171720504760742,1.1618726253509521,1.7930528592485784e-07,2.9640596283438843,14515
3.9872241973876954,1.6708753108978271,1.6931925380120338e-07,2.9650806616295693,14520
4.069853591918945,1.4743778705596924,1.5961922706017594e-07,2.9661016949152543,14525
3.9554107666015623,0.8786303400993347,1.5020521680633725e-07,2.9671227282009394,14530
4.4793853759765625,1.7041261196136475,1.4107723381684423e-07,2.9681437614866244,14535
4.425448226928711,1.5869629383087158,1.3223528854133805e-07,2.9691647947723094,14540
3.716202163696289,1.2345287799835205,1.2367939110208282e-07,2.9701858280579945,14545
4.319121551513672,1.739243507385254,1.1540955129385467e-07,2.97120686134368,14550
4.592566299438476,2.114494562149048,1.0742577858391389e-07,2.972227894629365,14555
4.563069534301758,1.3161375522613525,9.972808211203277e-08,2.97324892791505,14560
4.445955657958985,1.4061505794525146,9.23164706905788e-08,2.974269961200735,14565
4.425288391113281,1.404068112373352,8.519095280429268e-08,2.97529099448642,14570
4.298429489135742,1.0217525959014893,7.83515366104548e-08,2.9763120277721056,14575
4.270845794677735,1.1865615844726562,7.179822993880203e-08,2.9773330610577906,14580
4.35851821899414,1.4553966522216797,6.553104029155543e-08,2.9783540943434756,14585
4.223412322998047,1.3687193393707275,5.954997484336477e-08,2.9793751276291607,14590
4.8516387939453125,1.267915964126587,5.385504044136402e-08,2.9803961609148457,14595
4.3571632385253904,1.1937636137008667,4.844624360503258e-08,2.9814171942005308,14600
4.300945281982422,1.8906352519989014,4.3323590526389564e-08,2.982438227486216,14605
4.726310729980469,1.1214067935943604,3.848708706982729e-08,2.9834592607719013,14610
4.371713638305664,1.3102879524230957,3.3936738772138986e-08,2.9844802940575863,14615
4.570411300659179,1.920763373374939,2.967255084260212e-08,2.9855013273432713,14620
4.16172981262207,0.9366191029548645,2.569452816278406e-08,2.9865223606289564,14625
4.003097915649414,1.4252711534500122,2.2002675286736383e-08,2.987543393914642,14630
4.419654464721679,3.620586633682251,1.859699644088386e-08,2.988564427200327,14635
4.25703125,1.4454667568206787,1.54774955240522e-08,2.989585460486012,14640
4.266567993164062,1.4405421018600464,1.2644176107384775e-08,2.990606493771697,14645
4.580217361450195,1.8617316484451294,1.009704143450918e-08,2.991627527057382,14650
4.288942337036133,2.255896806716919,7.836094421370676e-09,2.992648560343067,14655
4.199150466918946,1.308928370475769,5.861337656287713e-09,2.993669593628752,14660
4.422379684448242,0.985284686088562,4.172773399924168e-09,2.9946906269144375,14665
4.766726303100586,1.1837401390075684,2.7704035853726163e-09,2.9957116602001226,14670
4.420273971557617,1.4557117223739624,1.6542298180710624e-09,2.9967326934858076,14675
3.859026336669922,1.3278580904006958,8.242533758029414e-10,2.9977537267714927,14680
4.176348876953125,1.8749643564224243,2.8047520872487297e-10,2.998774760057178,14685
4.4297637939453125,1.0507348775863647,2.2895939338907214e-11,2.999795793342863,14690
4.1464762687683105,31.9,15.35,29.46,29.46,496.8135,4.929,2.466,3.0,14691
5670.4912,5.181,2.591,576853195358208.0,4.422423465274156,3.0,14691
4.1464762687683105,31.9,15.35,29.46,29.46,480.7324,5.094,2.548,3.0,14691
